disease,category,mol_id,max_phase,efo_term
"Carcinoma, Non-Small-Cell Lung",lung_cancer,CHEMBL2105712,4.0,non-small cell lung carcinoma
"Carcinoma, Non-Small-Cell Lung",lung_cancer,CHEMBL1471,3.0,non-small cell lung carcinoma
"Carcinoma, Non-Small-Cell Lung",lung_cancer,CHEMBL1201583,4.0,non-small cell lung carcinoma
"Carcinoma, Non-Small-Cell Lung",lung_cancer,CHEMBL1023,3.0,non-small cell lung carcinoma
"Carcinoma, Non-Small-Cell Lung",lung_cancer,CHEMBL846,1.0,non-small cell lung carcinoma
"Carcinoma, Non-Small-Cell Lung",lung_cancer,CHEMBL1201577,3.0,non-small cell lung carcinoma
"Carcinoma, Non-Small-Cell Lung",lung_cancer,CHEMBL601719,4.0,non-small cell lung carcinoma
"Carcinoma, Non-Small-Cell Lung",lung_cancer,CHEMBL1421,2.0,non-small cell lung carcinoma
"Carcinoma, Non-Small-Cell Lung",lung_cancer,CHEMBL3545252,4.0,non-small cell lung carcinoma
"Carcinoma, Non-Small-Cell Lung",lung_cancer,CHEMBL1079742,4.0,non-small cell lung carcinoma
"Carcinoma, Non-Small-Cell Lung",lung_cancer,CHEMBL1908360,2.0,non-small cell lung carcinoma
"Carcinoma, Non-Small-Cell Lung",lung_cancer,CHEMBL710,2.0,non-small cell lung carcinoma
"Carcinoma, Non-Small-Cell Lung",lung_cancer,CHEMBL939,4.0,non-small cell lung carcinoma
"Carcinoma, Non-Small-Cell Lung",lung_cancer,CHEMBL1637,4.0,non-small cell lung carcinoma
"Carcinoma, Non-Small-Cell Lung",lung_cancer,CHEMBL428647,4.0,non-small cell lung carcinoma
"Carcinoma, Non-Small-Cell Lung",lung_cancer,CHEMBL1743062,4.0,non-small cell lung carcinoma
"Carcinoma, Non-Small-Cell Lung",lung_cancer,CHEMBL1567,3.0,non-small cell lung carcinoma
"Carcinoma, Non-Small-Cell Lung",lung_cancer,CHEMBL98,2.0,non-small cell lung carcinoma
"Carcinoma, Non-Small-Cell Lung",lung_cancer,CHEMBL1201192,1.0,non-small cell lung carcinoma
"Carcinoma, Non-Small-Cell Lung",lung_cancer,CHEMBL1489,2.0,non-small cell lung carcinoma
"Carcinoma, Non-Small-Cell Lung",lung_cancer,CHEMBL2403108,4.0,non-small cell lung carcinoma
"Carcinoma, Non-Small-Cell Lung",lung_cancer,CHEMBL1683544,2.0,non-small cell lung carcinoma
"Carcinoma, Non-Small-Cell Lung",lung_cancer,CHEMBL1789844,4.0,non-small cell lung carcinoma
"Carcinoma, Non-Small-Cell Lung",lung_cancer,CHEMBL628,2.0,non-small cell lung carcinoma
"Carcinoma, Non-Small-Cell Lung",lung_cancer,CHEMBL2108738,4.0,non-small cell lung carcinoma
"Carcinoma, Non-Small-Cell Lung",lung_cancer,CHEMBL521686,3.0,non-small cell lung carcinoma
"Carcinoma, Non-Small-Cell Lung",lung_cancer,CHEMBL3137343,4.0,non-small cell lung carcinoma
"Carcinoma, Non-Small-Cell Lung",lung_cancer,CHEMBL24828,3.0,non-small cell lung carcinoma
"Carcinoma, Non-Small-Cell Lung",lung_cancer,CHEMBL4303669,3.0,non-small cell lung carcinoma
"Carcinoma, Non-Small-Cell Lung",lung_cancer,CHEMBL2103868,2.0,non-small cell lung carcinoma
"Carcinoma, Non-Small-Cell Lung",lung_cancer,CHEMBL1237023,2.0,non-small cell lung carcinoma
"Carcinoma, Non-Small-Cell Lung",lung_cancer,CHEMBL1201567,3.0,non-small cell lung carcinoma
"Carcinoma, Non-Small-Cell Lung",lung_cancer,CHEMBL1715,2.0,non-small cell lung carcinoma
"Carcinoma, Non-Small-Cell Lung",lung_cancer,CHEMBL1064,2.0,non-small cell lung carcinoma
"Carcinoma, Non-Small-Cell Lung",lung_cancer,CHEMBL1200485,2.0,non-small cell lung carcinoma
"Carcinoma, Non-Small-Cell Lung",lung_cancer,CHEMBL538943,3.0,non-small cell lung carcinoma
"Carcinoma, Non-Small-Cell Lung",lung_cancer,CHEMBL118,3.0,non-small cell lung carcinoma
"Carcinoma, Non-Small-Cell Lung",lung_cancer,CHEMBL730,2.0,non-small cell lung carcinoma
"Carcinoma, Non-Small-Cell Lung",lung_cancer,CHEMBL1201585,2.0,non-small cell lung carcinoma
"Carcinoma, Non-Small-Cell Lung",lung_cancer,CHEMBL1201748,2.0,non-small cell lung carcinoma
"Carcinoma, Non-Small-Cell Lung",lung_cancer,CHEMBL1289926,2.0,non-small cell lung carcinoma
"Carcinoma, Non-Small-Cell Lung",lung_cancer,CHEMBL1201182,2.0,non-small cell lung carcinoma
"Carcinoma, Non-Small-Cell Lung",lung_cancer,CHEMBL1743082,2.0,non-small cell lung carcinoma
"Carcinoma, Non-Small-Cell Lung",lung_cancer,CHEMBL1743047,4.0,non-small cell lung carcinoma
"Carcinoma, Non-Small-Cell Lung",lung_cancer,CHEMBL1738797,3.0,non-small cell lung carcinoma
"Carcinoma, Non-Small-Cell Lung",lung_cancer,CHEMBL3707320,4.0,non-small cell lung carcinoma
"Carcinoma, Non-Small-Cell Lung",lung_cancer,CHEMBL1743085,1.0,non-small cell lung carcinoma
"Carcinoma, Non-Small-Cell Lung",lung_cancer,CHEMBL11359,3.0,non-small cell lung carcinoma
"Carcinoma, Non-Small-Cell Lung",lung_cancer,CHEMBL2110732,3.0,non-small cell lung carcinoma
"Carcinoma, Non-Small-Cell Lung",lung_cancer,CHEMBL1200796,3.0,non-small cell lung carcinoma
"Carcinoma, Non-Small-Cell Lung",lung_cancer,CHEMBL25,3.0,non-small cell lung carcinoma
"Carcinoma, Non-Small-Cell Lung",lung_cancer,CHEMBL3545311,4.0,non-small cell lung carcinoma
"Carcinoma, Non-Small-Cell Lung",lung_cancer,CHEMBL2103798,2.0,non-small cell lung carcinoma
"Carcinoma, Non-Small-Cell Lung",lung_cancer,CHEMBL2107881,2.0,non-small cell lung carcinoma
"Carcinoma, Non-Small-Cell Lung",lung_cancer,CHEMBL2105734,2.0,non-small cell lung carcinoma
"Carcinoma, Non-Small-Cell Lung",lung_cancer,CHEMBL3039544,3.0,non-small cell lung carcinoma
"Carcinoma, Non-Small-Cell Lung",lung_cancer,CHEMBL1229517,2.0,non-small cell lung carcinoma
"Carcinoma, Non-Small-Cell Lung",lung_cancer,CHEMBL1743003,1.0,non-small cell lung carcinoma
"Carcinoma, Non-Small-Cell Lung",lung_cancer,CHEMBL1646,1.0,non-small cell lung carcinoma
"Carcinoma, Non-Small-Cell Lung",lung_cancer,CHEMBL1351,3.0,non-small cell lung carcinoma
"Carcinoma, Non-Small-Cell Lung",lung_cancer,CHEMBL1431,2.0,non-small cell lung carcinoma
"Carcinoma, Non-Small-Cell Lung",lung_cancer,CHEMBL810,3.0,non-small cell lung carcinoma
"Carcinoma, Non-Small-Cell Lung",lung_cancer,CHEMBL180022,2.0,non-small cell lung carcinoma
"Carcinoma, Non-Small-Cell Lung",lung_cancer,CHEMBL1614701,3.0,non-small cell lung carcinoma
"Carcinoma, Non-Small-Cell Lung",lung_cancer,CHEMBL374478,1.0,non-small cell lung carcinoma
"Carcinoma, Non-Small-Cell Lung",lung_cancer,CHEMBL1434,2.0,non-small cell lung carcinoma
"Carcinoma, Non-Small-Cell Lung",lung_cancer,CHEMBL44657,3.0,non-small cell lung carcinoma
"Carcinoma, Non-Small-Cell Lung",lung_cancer,CHEMBL2107861,2.0,non-small cell lung carcinoma
"Carcinoma, Non-Small-Cell Lung",lung_cancer,CHEMBL507361,2.0,non-small cell lung carcinoma
"Carcinoma, Non-Small-Cell Lung",lung_cancer,CHEMBL848,2.0,non-small cell lung carcinoma
"Carcinoma, Non-Small-Cell Lung",lung_cancer,CHEMBL1289494,1.0,non-small cell lung carcinoma
"Carcinoma, Non-Small-Cell Lung",lung_cancer,CHEMBL3301578,2.0,non-small cell lung carcinoma
"Carcinoma, Non-Small-Cell Lung",lung_cancer,CHEMBL217092,2.0,non-small cell lung carcinoma
"Carcinoma, Non-Small-Cell Lung",lung_cancer,CHEMBL1201476,3.0,non-small cell lung carcinoma
"Carcinoma, Non-Small-Cell Lung",lung_cancer,CHEMBL1743022,1.0,non-small cell lung carcinoma
"Carcinoma, Non-Small-Cell Lung",lung_cancer,CHEMBL1742989,3.0,non-small cell lung carcinoma
"Carcinoma, Non-Small-Cell Lung",lung_cancer,CHEMBL196,2.0,non-small cell lung carcinoma
"Carcinoma, Non-Small-Cell Lung",lung_cancer,CHEMBL3039556,2.0,non-small cell lung carcinoma
"Carcinoma, Non-Small-Cell Lung",lung_cancer,CHEMBL2007641,2.0,non-small cell lung carcinoma
"Carcinoma, Non-Small-Cell Lung",lung_cancer,CHEMBL1697733,3.0,non-small cell lung carcinoma
"Carcinoma, Non-Small-Cell Lung",lung_cancer,CHEMBL2017974,2.0,non-small cell lung carcinoma
"Carcinoma, Non-Small-Cell Lung",lung_cancer,CHEMBL14762,2.0,non-small cell lung carcinoma
"Carcinoma, Non-Small-Cell Lung",lung_cancer,CHEMBL3137331,2.0,non-small cell lung carcinoma
"Carcinoma, Non-Small-Cell Lung",lung_cancer,CHEMBL1738889,3.0,non-small cell lung carcinoma
"Carcinoma, Non-Small-Cell Lung",lung_cancer,CHEMBL64391,2.0,non-small cell lung carcinoma
"Carcinoma, Non-Small-Cell Lung",lung_cancer,CHEMBL3301610,3.0,non-small cell lung carcinoma
"Carcinoma, Non-Small-Cell Lung",lung_cancer,CHEMBL3545308,3.0,non-small cell lung carcinoma
"Carcinoma, Non-Small-Cell Lung",lung_cancer,CHEMBL1450,1.0,non-small cell lung carcinoma
"Carcinoma, Non-Small-Cell Lung",lung_cancer,CHEMBL1743059,3.0,non-small cell lung carcinoma
"Carcinoma, Non-Small-Cell Lung",lung_cancer,CHEMBL522892,2.0,non-small cell lung carcinoma
"Carcinoma, Non-Small-Cell Lung",lung_cancer,CHEMBL1222251,2.0,non-small cell lung carcinoma
"Carcinoma, Non-Small-Cell Lung",lung_cancer,CHEMBL2108479,2.0,non-small cell lung carcinoma
"Carcinoma, Non-Small-Cell Lung",lung_cancer,CHEMBL1201827,2.0,non-small cell lung carcinoma
"Carcinoma, Non-Small-Cell Lung",lung_cancer,CHEMBL2108882,1.0,non-small cell lung carcinoma
"Carcinoma, Non-Small-Cell Lung",lung_cancer,CHEMBL2108359,2.0,non-small cell lung carcinoma
"Carcinoma, Non-Small-Cell Lung",lung_cancer,CHEMBL1200374,2.0,non-small cell lung carcinoma
"Carcinoma, Non-Small-Cell Lung",lung_cancer,CHEMBL2109384,2.0,non-small cell lung carcinoma
"Carcinoma, Non-Small-Cell Lung",lung_cancer,CHEMBL2103882,3.0,non-small cell lung carcinoma
"Carcinoma, Non-Small-Cell Lung",lung_cancer,CHEMBL1200574,3.0,non-small cell lung carcinoma
"Carcinoma, Non-Small-Cell Lung",lung_cancer,CHEMBL1140,2.0,non-small cell lung carcinoma
"Carcinoma, Non-Small-Cell Lung",lung_cancer,CHEMBL45,3.0,non-small cell lung carcinoma
"Carcinoma, Non-Small-Cell Lung",lung_cancer,CHEMBL101253,2.0,non-small cell lung carcinoma
"Carcinoma, Non-Small-Cell Lung",lung_cancer,CHEMBL1276308,2.0,non-small cell lung carcinoma
"Carcinoma, Non-Small-Cell Lung",lung_cancer,CHEMBL2103979,2.0,non-small cell lung carcinoma
"Carcinoma, Non-Small-Cell Lung",lung_cancer,CHEMBL372764,1.0,non-small cell lung carcinoma
"Carcinoma, Non-Small-Cell Lung",lung_cancer,CHEMBL3353410,3.0,non-small cell lung carcinoma
"Carcinoma, Non-Small-Cell Lung",lung_cancer,CHEMBL3301587,4.0,non-small cell lung carcinoma
"Carcinoma, Non-Small-Cell Lung",lung_cancer,CHEMBL502835,3.0,non-small cell lung carcinoma
"Carcinoma, Non-Small-Cell Lung",lung_cancer,CHEMBL888,3.0,non-small cell lung carcinoma
"Carcinoma, Non-Small-Cell Lung",lung_cancer,CHEMBL1173655,3.0,non-small cell lung carcinoma
"Carcinoma, Non-Small-Cell Lung",lung_cancer,CHEMBL535,3.0,non-small cell lung carcinoma
"Carcinoma, Non-Small-Cell Lung",lung_cancer,CHEMBL2103875,2.0,non-small cell lung carcinoma
"Carcinoma, Non-Small-Cell Lung",lung_cancer,CHEMBL2105717,3.0,non-small cell lung carcinoma
"Carcinoma, Non-Small-Cell Lung",lung_cancer,CHEMBL1171837,2.0,non-small cell lung carcinoma
"Carcinoma, Non-Small-Cell Lung",lung_cancer,CHEMBL1289601,3.0,non-small cell lung carcinoma
"Carcinoma, Non-Small-Cell Lung",lung_cancer,CHEMBL1336,3.0,non-small cell lung carcinoma
"Carcinoma, Non-Small-Cell Lung",lung_cancer,CHEMBL500576,1.0,non-small cell lung carcinoma
"Carcinoma, Non-Small-Cell Lung",lung_cancer,CHEMBL2103839,2.0,non-small cell lung carcinoma
"Carcinoma, Non-Small-Cell Lung",lung_cancer,CHEMBL2105681,2.0,non-small cell lung carcinoma
"Carcinoma, Non-Small-Cell Lung",lung_cancer,CHEMBL1835207,2.0,non-small cell lung carcinoma
"Carcinoma, Non-Small-Cell Lung",lung_cancer,CHEMBL109,1.0,non-small cell lung carcinoma
"Carcinoma, Non-Small-Cell Lung",lung_cancer,CHEMBL468,2.0,non-small cell lung carcinoma
"Carcinoma, Non-Small-Cell Lung",lung_cancer,CHEMBL1201481,1.0,non-small cell lung carcinoma
"Carcinoma, Non-Small-Cell Lung",lung_cancer,CHEMBL553,3.0,non-small cell lung carcinoma
"Carcinoma, Non-Small-Cell Lung",lung_cancer,CHEMBL3286830,4.0,non-small cell lung carcinoma
"Carcinoma, Non-Small-Cell Lung",lung_cancer,CHEMBL4303214,3.0,non-small cell lung carcinoma
"Carcinoma, Non-Small-Cell Lung",lung_cancer,CHEMBL3786343,2.0,non-small cell lung carcinoma
"Carcinoma, Non-Small-Cell Lung",lung_cancer,CHEMBL3545414,3.0,non-small cell lung carcinoma
"Carcinoma, Non-Small-Cell Lung",lung_cancer,CHEMBL3787344,2.0,non-small cell lung carcinoma
"Carcinoma, Non-Small-Cell Lung",lung_cancer,CHEMBL553025,3.0,non-small cell lung carcinoma
"Carcinoma, Non-Small-Cell Lung",lung_cancer,CHEMBL3707227,4.0,non-small cell lung carcinoma
"Carcinoma, Non-Small-Cell Lung",lung_cancer,CHEMBL225072,3.0,non-small cell lung carcinoma
"Carcinoma, Non-Small-Cell Lung",lung_cancer,CHEMBL506871,3.0,non-small cell lung carcinoma
"Carcinoma, Non-Small-Cell Lung",lung_cancer,CHEMBL2108658,4.0,non-small cell lung carcinoma
"Carcinoma, Non-Small-Cell Lung",lung_cancer,CHEMBL4113131,3.0,non-small cell lung carcinoma
"Carcinoma, Non-Small-Cell Lung",lung_cancer,CHEMBL1683590,3.0,non-small cell lung carcinoma
"Carcinoma, Non-Small-Cell Lung",lung_cancer,CHEMBL283120,1.0,non-small cell lung carcinoma
"Carcinoma, Non-Small-Cell Lung",lung_cancer,CHEMBL477772,2.0,non-small cell lung carcinoma
"Carcinoma, Non-Small-Cell Lung",lung_cancer,CHEMBL3833373,3.0,non-small cell lung carcinoma
"Carcinoma, Non-Small-Cell Lung",lung_cancer,CHEMBL3545396,2.0,non-small cell lung carcinoma
"Carcinoma, Non-Small-Cell Lung",lung_cancer,CHEMBL4303201,3.0,non-small cell lung carcinoma
"Carcinoma, Non-Small-Cell Lung",lung_cancer,CHEMBL3188267,3.0,non-small cell lung carcinoma
"Carcinoma, Non-Small-Cell Lung",lung_cancer,CHEMBL3647420,3.0,non-small cell lung carcinoma
"Carcinoma, Non-Small-Cell Lung",lung_cancer,CHEMBL1234886,1.0,non-small cell lung carcinoma
"Carcinoma, Non-Small-Cell Lung",lung_cancer,CHEMBL3545307,2.0,non-small cell lung carcinoma
"Carcinoma, Non-Small-Cell Lung",lung_cancer,CHEMBL1278146,3.0,non-small cell lung carcinoma
"Carcinoma, Non-Small-Cell Lung",lung_cancer,CHEMBL1201568,3.0,non-small cell lung carcinoma
"Carcinoma, Non-Small-Cell Lung",lung_cancer,CHEMBL3301612,2.0,non-small cell lung carcinoma
"Carcinoma, Non-Small-Cell Lung",lung_cancer,CHEMBL572878,2.0,non-small cell lung carcinoma
"Carcinoma, Non-Small-Cell Lung",lung_cancer,CHEMBL554,2.0,non-small cell lung carcinoma
"Carcinoma, Non-Small-Cell Lung",lung_cancer,CHEMBL3039521,2.0,non-small cell lung carcinoma
"Carcinoma, Non-Small-Cell Lung",lung_cancer,CHEMBL2103879,3.0,non-small cell lung carcinoma
"Carcinoma, Non-Small-Cell Lung",lung_cancer,CHEMBL2103793,3.0,non-small cell lung carcinoma
"Carcinoma, Non-Small-Cell Lung",lung_cancer,CHEMBL491473,2.0,non-small cell lung carcinoma
"Carcinoma, Non-Small-Cell Lung",lung_cancer,CHEMBL2219773,1.0,non-small cell lung carcinoma
"Carcinoma, Non-Small-Cell Lung",lung_cancer,CHEMBL4297063,1.0,non-small cell lung carcinoma
"Carcinoma, Non-Small-Cell Lung",lung_cancer,CHEMBL2107846,2.0,non-small cell lung carcinoma
"Carcinoma, Non-Small-Cell Lung",lung_cancer,CHEMBL572881,3.0,non-small cell lung carcinoma
"Carcinoma, Non-Small-Cell Lung",lung_cancer,CHEMBL1742982,1.0,non-small cell lung carcinoma
"Carcinoma, Non-Small-Cell Lung",lung_cancer,CHEMBL1201834,3.0,non-small cell lung carcinoma
"Carcinoma, Non-Small-Cell Lung",lung_cancer,CHEMBL1743001,2.0,non-small cell lung carcinoma
"Carcinoma, Non-Small-Cell Lung",lung_cancer,CHEMBL27759,2.0,non-small cell lung carcinoma
"Carcinoma, Non-Small-Cell Lung",lung_cancer,CHEMBL1743019,3.0,non-small cell lung carcinoma
"Carcinoma, Non-Small-Cell Lung",lung_cancer,CHEMBL2107856,2.0,non-small cell lung carcinoma
"Carcinoma, Non-Small-Cell Lung",lung_cancer,CHEMBL272980,2.0,non-small cell lung carcinoma
"Carcinoma, Non-Small-Cell Lung",lung_cancer,CHEMBL377559,2.0,non-small cell lung carcinoma
"Carcinoma, Non-Small-Cell Lung",lung_cancer,CHEMBL2304041,2.0,non-small cell lung carcinoma
"Carcinoma, Non-Small-Cell Lung",lung_cancer,CHEMBL68117,2.0,non-small cell lung carcinoma
"Carcinoma, Non-Small-Cell Lung",lung_cancer,CHEMBL1628688,2.0,non-small cell lung carcinoma
"Carcinoma, Non-Small-Cell Lung",lung_cancer,CHEMBL223360,2.0,non-small cell lung carcinoma
"Carcinoma, Non-Small-Cell Lung",lung_cancer,CHEMBL1096380,3.0,non-small cell lung carcinoma
"Carcinoma, Non-Small-Cell Lung",lung_cancer,CHEMBL2103847,1.0,non-small cell lung carcinoma
"Carcinoma, Non-Small-Cell Lung",lung_cancer,CHEMBL1743006,2.0,non-small cell lung carcinoma
"Carcinoma, Non-Small-Cell Lung",lung_cancer,CHEMBL1743079,2.0,non-small cell lung carcinoma
"Carcinoma, Non-Small-Cell Lung",lung_cancer,CHEMBL2219774,2.0,non-small cell lung carcinoma
"Carcinoma, Non-Small-Cell Lung",lung_cancer,CHEMBL2105704,1.0,non-small cell lung carcinoma
"Carcinoma, Non-Small-Cell Lung",lung_cancer,CHEMBL1091644,2.0,non-small cell lung carcinoma
"Carcinoma, Non-Small-Cell Lung",lung_cancer,CHEMBL2028663,2.0,non-small cell lung carcinoma
"Carcinoma, Non-Small-Cell Lung",lung_cancer,CHEMBL1743024,1.0,non-small cell lung carcinoma
"Carcinoma, Non-Small-Cell Lung",lung_cancer,CHEMBL1743041,1.0,non-small cell lung carcinoma
"Carcinoma, Non-Small-Cell Lung",lung_cancer,CHEMBL1743051,3.0,non-small cell lung carcinoma
"Carcinoma, Non-Small-Cell Lung",lung_cancer,CHEMBL1233528,2.0,non-small cell lung carcinoma
"Carcinoma, Non-Small-Cell Lung",lung_cancer,CHEMBL1743018,2.0,non-small cell lung carcinoma
"Carcinoma, Non-Small-Cell Lung",lung_cancer,CHEMBL2108568,1.0,non-small cell lung carcinoma
"Carcinoma, Non-Small-Cell Lung",lung_cancer,CHEMBL483254,1.0,non-small cell lung carcinoma
"Carcinoma, Non-Small-Cell Lung",lung_cancer,CHEMBL521851,2.0,non-small cell lung carcinoma
"Carcinoma, Non-Small-Cell Lung",lung_cancer,CHEMBL1873475,2.0,non-small cell lung carcinoma
"Carcinoma, Non-Small-Cell Lung",lung_cancer,CHEMBL545315,1.0,non-small cell lung carcinoma
"Carcinoma, Non-Small-Cell Lung",lung_cancer,CHEMBL1200711,1.0,non-small cell lung carcinoma
"Carcinoma, Non-Small-Cell Lung",lung_cancer,CHEMBL2110725,2.0,non-small cell lung carcinoma
"Carcinoma, Non-Small-Cell Lung",lung_cancer,CHEMBL429876,2.0,non-small cell lung carcinoma
"Carcinoma, Non-Small-Cell Lung",lung_cancer,CHEMBL1741,2.0,non-small cell lung carcinoma
"Carcinoma, Non-Small-Cell Lung",lung_cancer,CHEMBL1642,2.0,non-small cell lung carcinoma
"Carcinoma, Non-Small-Cell Lung",lung_cancer,CHEMBL146428,2.0,non-small cell lung carcinoma
"Carcinoma, Non-Small-Cell Lung",lung_cancer,CHEMBL1751,2.0,non-small cell lung carcinoma
"Carcinoma, Non-Small-Cell Lung",lung_cancer,CHEMBL1358,2.0,non-small cell lung carcinoma
"Carcinoma, Non-Small-Cell Lung",lung_cancer,CHEMBL348475,3.0,non-small cell lung carcinoma
"Carcinoma, Non-Small-Cell Lung",lung_cancer,CHEMBL413,1.0,non-small cell lung carcinoma
"Carcinoma, Non-Small-Cell Lung",lung_cancer,CHEMBL964,2.0,non-small cell lung carcinoma
"Carcinoma, Non-Small-Cell Lung",lung_cancer,CHEMBL566,2.0,non-small cell lung carcinoma
"Carcinoma, Non-Small-Cell Lung",lung_cancer,CHEMBL532,3.0,non-small cell lung carcinoma
"Carcinoma, Non-Small-Cell Lung",lung_cancer,CHEMBL413376,2.0,non-small cell lung carcinoma
"Carcinoma, Non-Small-Cell Lung",lung_cancer,CHEMBL1200989,2.0,non-small cell lung carcinoma
"Carcinoma, Non-Small-Cell Lung",lung_cancer,CHEMBL1200380,2.0,non-small cell lung carcinoma
"Carcinoma, Non-Small-Cell Lung",lung_cancer,CHEMBL5483015,1.0,non-small cell lung carcinoma
"Carcinoma, Non-Small-Cell Lung",lung_cancer,CHEMBL1172,2.0,non-small cell lung carcinoma
"Carcinoma, Non-Small-Cell Lung",lung_cancer,CHEMBL902,1.0,non-small cell lung carcinoma
"Carcinoma, Non-Small-Cell Lung",lung_cancer,CHEMBL1043,2.0,non-small cell lung carcinoma
"Carcinoma, Non-Small-Cell Lung",lung_cancer,CHEMBL384467,3.0,non-small cell lung carcinoma
"Carcinoma, Non-Small-Cell Lung",lung_cancer,CHEMBL1200699,2.0,non-small cell lung carcinoma
"Carcinoma, Non-Small-Cell Lung",lung_cancer,CHEMBL1282,2.0,non-small cell lung carcinoma
"Carcinoma, Non-Small-Cell Lung",lung_cancer,CHEMBL1024,3.0,non-small cell lung carcinoma
"Carcinoma, Non-Small-Cell Lung",lung_cancer,CHEMBL1444,1.0,non-small cell lung carcinoma
"Carcinoma, Non-Small-Cell Lung",lung_cancer,CHEMBL1201138,2.0,non-small cell lung carcinoma
"Carcinoma, Non-Small-Cell Lung",lung_cancer,CHEMBL1201752,2.0,non-small cell lung carcinoma
"Carcinoma, Non-Small-Cell Lung",lung_cancer,CHEMBL185,2.0,non-small cell lung carcinoma
"Carcinoma, Non-Small-Cell Lung",lung_cancer,CHEMBL1622,3.0,non-small cell lung carcinoma
"Carcinoma, Non-Small-Cell Lung",lung_cancer,CHEMBL374975,3.0,non-small cell lung carcinoma
"Carcinoma, Non-Small-Cell Lung",lung_cancer,CHEMBL324846,1.0,non-small cell lung carcinoma
"Carcinoma, Non-Small-Cell Lung",lung_cancer,CHEMBL1703,3.0,non-small cell lung carcinoma
"Carcinoma, Non-Small-Cell Lung",lung_cancer,CHEMBL105,3.0,non-small cell lung carcinoma
"Carcinoma, Non-Small-Cell Lung",lung_cancer,CHEMBL181932,2.0,non-small cell lung carcinoma
"Carcinoma, Non-Small-Cell Lung",lung_cancer,CHEMBL137,2.0,non-small cell lung carcinoma
"Carcinoma, Non-Small-Cell Lung",lung_cancer,CHEMBL122,2.0,non-small cell lung carcinoma
"Carcinoma, Non-Small-Cell Lung",lung_cancer,CHEMBL20883,2.0,non-small cell lung carcinoma
"Carcinoma, Non-Small-Cell Lung",lung_cancer,CHEMBL414804,3.0,non-small cell lung carcinoma
"Carcinoma, Non-Small-Cell Lung",lung_cancer,CHEMBL455186,2.0,non-small cell lung carcinoma
"Carcinoma, Non-Small-Cell Lung",lung_cancer,CHEMBL1607,3.0,non-small cell lung carcinoma
"Carcinoma, Non-Small-Cell Lung",lung_cancer,CHEMBL38,3.0,non-small cell lung carcinoma
"Carcinoma, Non-Small-Cell Lung",lung_cancer,CHEMBL289228,2.0,non-small cell lung carcinoma
"Carcinoma, Non-Small-Cell Lung",lung_cancer,CHEMBL359744,1.0,non-small cell lung carcinoma
"Carcinoma, Non-Small-Cell Lung",lung_cancer,CHEMBL488025,3.0,non-small cell lung carcinoma
"Carcinoma, Non-Small-Cell Lung",lung_cancer,CHEMBL1366,1.0,non-small cell lung carcinoma
"Carcinoma, Non-Small-Cell Lung",lung_cancer,CHEMBL1730601,2.0,non-small cell lung carcinoma
"Carcinoma, Non-Small-Cell Lung",lung_cancer,CHEMBL1201129,2.0,non-small cell lung carcinoma
"Carcinoma, Non-Small-Cell Lung",lung_cancer,CHEMBL1773,3.0,non-small cell lung carcinoma
"Carcinoma, Non-Small-Cell Lung",lung_cancer,CHEMBL298734,3.0,non-small cell lung carcinoma
"Carcinoma, Non-Small-Cell Lung",lung_cancer,CHEMBL1355736,1.0,non-small cell lung carcinoma
"Carcinoma, Non-Small-Cell Lung",lung_cancer,CHEMBL1201438,1.0,non-small cell lung carcinoma
"Carcinoma, Non-Small-Cell Lung",lung_cancer,CHEMBL307261,2.0,non-small cell lung carcinoma
"Carcinoma, Non-Small-Cell Lung",lung_cancer,CHEMBL2104318,3.0,non-small cell lung carcinoma
"Carcinoma, Non-Small-Cell Lung",lung_cancer,CHEMBL3833367,1.0,non-small cell lung carcinoma
"Carcinoma, Non-Small-Cell Lung",lung_cancer,CHEMBL2107319,3.0,non-small cell lung carcinoma
"Carcinoma, Non-Small-Cell Lung",lung_cancer,CHEMBL2107337,2.0,non-small cell lung carcinoma
"Carcinoma, Non-Small-Cell Lung",lung_cancer,CHEMBL2107357,3.0,non-small cell lung carcinoma
"Carcinoma, Non-Small-Cell Lung",lung_cancer,CHEMBL607707,2.0,non-small cell lung carcinoma
"Carcinoma, Non-Small-Cell Lung",lung_cancer,CHEMBL2104985,1.0,non-small cell lung carcinoma
"Carcinoma, Non-Small-Cell Lung",lung_cancer,CHEMBL2107376,2.0,non-small cell lung carcinoma
"Carcinoma, Non-Small-Cell Lung",lung_cancer,CHEMBL2107759,2.0,non-small cell lung carcinoma
"Carcinoma, Non-Small-Cell Lung",lung_cancer,CHEMBL3544910,2.0,non-small cell lung carcinoma
"Carcinoma, Non-Small-Cell Lung",lung_cancer,CHEMBL94657,1.0,non-small cell lung carcinoma
"Carcinoma, Non-Small-Cell Lung",lung_cancer,CHEMBL2108585,2.0,non-small cell lung carcinoma
"Carcinoma, Non-Small-Cell Lung",lung_cancer,CHEMBL2108621,2.0,non-small cell lung carcinoma
"Carcinoma, Non-Small-Cell Lung",lung_cancer,CHEMBL2108038,2.0,non-small cell lung carcinoma
"Carcinoma, Non-Small-Cell Lung",lung_cancer,CHEMBL2108628,3.0,non-small cell lung carcinoma
"Carcinoma, Non-Small-Cell Lung",lung_cancer,CHEMBL2108060,2.0,non-small cell lung carcinoma
"Carcinoma, Non-Small-Cell Lung",lung_cancer,CHEMBL2108061,1.0,non-small cell lung carcinoma
"Carcinoma, Non-Small-Cell Lung",lung_cancer,CHEMBL408513,1.0,non-small cell lung carcinoma
"Carcinoma, Non-Small-Cell Lung",lung_cancer,CHEMBL1170047,2.0,non-small cell lung carcinoma
"Carcinoma, Non-Small-Cell Lung",lung_cancer,CHEMBL1201746,2.0,non-small cell lung carcinoma
"Carcinoma, Non-Small-Cell Lung",lung_cancer,CHEMBL1789941,2.0,non-small cell lung carcinoma
"Carcinoma, Non-Small-Cell Lung",lung_cancer,CHEMBL1201867,2.0,non-small cell lung carcinoma
"Carcinoma, Non-Small-Cell Lung",lung_cancer,CHEMBL1743008,2.0,non-small cell lung carcinoma
"Carcinoma, Non-Small-Cell Lung",lung_cancer,CHEMBL1743049,2.0,non-small cell lung carcinoma
"Carcinoma, Non-Small-Cell Lung",lung_cancer,CHEMBL1201670,2.0,non-small cell lung carcinoma
"Carcinoma, Non-Small-Cell Lung",lung_cancer,CHEMBL1201414,3.0,non-small cell lung carcinoma
"Carcinoma, Non-Small-Cell Lung",lung_cancer,CHEMBL2109502,2.0,non-small cell lung carcinoma
"Carcinoma, Non-Small-Cell Lung",lung_cancer,CHEMBL1743007,2.0,non-small cell lung carcinoma
"Carcinoma, Non-Small-Cell Lung",lung_cancer,CHEMBL1743080,2.0,non-small cell lung carcinoma
"Carcinoma, Non-Small-Cell Lung",lung_cancer,CHEMBL2109426,1.0,non-small cell lung carcinoma
"Carcinoma, Non-Small-Cell Lung",lung_cancer,CHEMBL2108309,3.0,non-small cell lung carcinoma
"Carcinoma, Non-Small-Cell Lung",lung_cancer,CHEMBL2109321,1.0,non-small cell lung carcinoma
"Carcinoma, Non-Small-Cell Lung",lung_cancer,CHEMBL1743045,2.0,non-small cell lung carcinoma
"Carcinoma, Non-Small-Cell Lung",lung_cancer,CHEMBL2108682,1.0,non-small cell lung carcinoma
"Carcinoma, Non-Small-Cell Lung",lung_cancer,CHEMBL2107832,1.0,non-small cell lung carcinoma
"Carcinoma, Non-Small-Cell Lung",lung_cancer,CHEMBL265502,2.0,non-small cell lung carcinoma
"Carcinoma, Non-Small-Cell Lung",lung_cancer,CHEMBL2110579,2.0,non-small cell lung carcinoma
"Carcinoma, Non-Small-Cell Lung",lung_cancer,CHEMBL2110587,2.0,non-small cell lung carcinoma
"Carcinoma, Non-Small-Cell Lung",lung_cancer,CHEMBL2110563,2.0,non-small cell lung carcinoma
"Carcinoma, Non-Small-Cell Lung",lung_cancer,CHEMBL1535,2.0,non-small cell lung carcinoma
"Carcinoma, Non-Small-Cell Lung",lung_cancer,CHEMBL84,3.0,non-small cell lung carcinoma
"Carcinoma, Non-Small-Cell Lung",lung_cancer,CHEMBL7568,1.0,non-small cell lung carcinoma
"Carcinoma, Non-Small-Cell Lung",lung_cancer,CHEMBL417,2.0,non-small cell lung carcinoma
"Carcinoma, Non-Small-Cell Lung",lung_cancer,CHEMBL1496,1.0,non-small cell lung carcinoma
"Carcinoma, Non-Small-Cell Lung",lung_cancer,CHEMBL481,2.0,non-small cell lung carcinoma
"Carcinoma, Non-Small-Cell Lung",lung_cancer,CHEMBL584,2.0,non-small cell lung carcinoma
"Carcinoma, Non-Small-Cell Lung",lung_cancer,CHEMBL894,1.0,non-small cell lung carcinoma
"Carcinoma, Non-Small-Cell Lung",lung_cancer,CHEMBL192,2.0,non-small cell lung carcinoma
"Carcinoma, Non-Small-Cell Lung",lung_cancer,CHEMBL914,1.0,non-small cell lung carcinoma
"Carcinoma, Non-Small-Cell Lung",lung_cancer,CHEMBL841,3.0,non-small cell lung carcinoma
"Carcinoma, Non-Small-Cell Lung",lung_cancer,CHEMBL595,2.0,non-small cell lung carcinoma
"Carcinoma, Non-Small-Cell Lung",lung_cancer,CHEMBL655,1.0,non-small cell lung carcinoma
"Carcinoma, Non-Small-Cell Lung",lung_cancer,CHEMBL2111084,2.0,non-small cell lung carcinoma
"Carcinoma, Non-Small-Cell Lung",lung_cancer,CHEMBL300138,2.0,non-small cell lung carcinoma
"Carcinoma, Non-Small-Cell Lung",lung_cancer,CHEMBL2146883,2.0,non-small cell lung carcinoma
"Carcinoma, Non-Small-Cell Lung",lung_cancer,CHEMBL189963,2.0,non-small cell lung carcinoma
"Carcinoma, Non-Small-Cell Lung",lung_cancer,CHEMBL1231160,2.0,non-small cell lung carcinoma
"Carcinoma, Non-Small-Cell Lung",lung_cancer,CHEMBL2109389,2.0,non-small cell lung carcinoma
"Carcinoma, Non-Small-Cell Lung",lung_cancer,CHEMBL2109387,2.0,non-small cell lung carcinoma
"Carcinoma, Non-Small-Cell Lung",lung_cancer,CHEMBL3039517,2.0,non-small cell lung carcinoma
"Carcinoma, Non-Small-Cell Lung",lung_cancer,CHEMBL3039558,2.0,non-small cell lung carcinoma
"Carcinoma, Non-Small-Cell Lung",lung_cancer,CHEMBL4297163,2.0,non-small cell lung carcinoma
"Carcinoma, Non-Small-Cell Lung",lung_cancer,CHEMBL2109388,1.0,non-small cell lung carcinoma
"Carcinoma, Non-Small-Cell Lung",lung_cancer,CHEMBL592445,1.0,non-small cell lung carcinoma
"Carcinoma, Non-Small-Cell Lung",lung_cancer,CHEMBL571209,1.0,non-small cell lung carcinoma
"Carcinoma, Non-Small-Cell Lung",lung_cancer,CHEMBL252164,2.0,non-small cell lung carcinoma
"Carcinoma, Non-Small-Cell Lung",lung_cancer,CHEMBL2035187,1.0,non-small cell lung carcinoma
"Carcinoma, Non-Small-Cell Lung",lung_cancer,CHEMBL3137320,2.0,non-small cell lung carcinoma
"Carcinoma, Non-Small-Cell Lung",lung_cancer,CHEMBL3137340,2.0,non-small cell lung carcinoma
"Carcinoma, Non-Small-Cell Lung",lung_cancer,CHEMBL3187723,2.0,non-small cell lung carcinoma
"Carcinoma, Non-Small-Cell Lung",lung_cancer,CHEMBL3301622,1.0,non-small cell lung carcinoma
"Carcinoma, Non-Small-Cell Lung",lung_cancer,CHEMBL3301599,1.0,non-small cell lung carcinoma
"Carcinoma, Non-Small-Cell Lung",lung_cancer,CHEMBL4285417,3.0,non-small cell lung carcinoma
"Carcinoma, Non-Small-Cell Lung",lung_cancer,CHEMBL598797,1.0,non-small cell lung carcinoma
"Carcinoma, Non-Small-Cell Lung",lung_cancer,CHEMBL3544911,1.0,non-small cell lung carcinoma
"Carcinoma, Non-Small-Cell Lung",lung_cancer,CHEMBL3360203,1.0,non-small cell lung carcinoma
"Carcinoma, Non-Small-Cell Lung",lung_cancer,CHEMBL3545366,1.0,non-small cell lung carcinoma
"Carcinoma, Non-Small-Cell Lung",lung_cancer,CHEMBL3545185,1.0,non-small cell lung carcinoma
"Carcinoma, Non-Small-Cell Lung",lung_cancer,CHEMBL64130,3.0,non-small cell lung carcinoma
"Carcinoma, Non-Small-Cell Lung",lung_cancer,CHEMBL2220486,2.0,non-small cell lung carcinoma
"Carcinoma, Non-Small-Cell Lung",lung_cancer,CHEMBL3545369,1.0,non-small cell lung carcinoma
"Carcinoma, Non-Small-Cell Lung",lung_cancer,CHEMBL3545076,1.0,non-small cell lung carcinoma
"Carcinoma, Non-Small-Cell Lung",lung_cancer,CHEMBL3577124,1.0,non-small cell lung carcinoma
"Carcinoma, Non-Small-Cell Lung",lung_cancer,CHEMBL4297181,2.0,non-small cell lung carcinoma
"Carcinoma, Non-Small-Cell Lung",lung_cancer,CHEMBL4303729,1.0,non-small cell lung carcinoma
"Carcinoma, Non-Small-Cell Lung",lung_cancer,CHEMBL3694769,1.0,non-small cell lung carcinoma
"Carcinoma, Non-Small-Cell Lung",lung_cancer,CHEMBL75133,2.0,non-small cell lung carcinoma
"Carcinoma, Non-Small-Cell Lung",lung_cancer,CHEMBL1231124,1.0,non-small cell lung carcinoma
"Carcinoma, Non-Small-Cell Lung",lung_cancer,CHEMBL1976040,2.0,non-small cell lung carcinoma
"Carcinoma, Non-Small-Cell Lung",lung_cancer,CHEMBL3334567,3.0,non-small cell lung carcinoma
"Carcinoma, Non-Small-Cell Lung",lung_cancer,CHEMBL4442620,1.0,non-small cell lung carcinoma
"Carcinoma, Non-Small-Cell Lung",lung_cancer,CHEMBL513909,2.0,non-small cell lung carcinoma
"Carcinoma, Non-Small-Cell Lung",lung_cancer,CHEMBL3586404,1.0,non-small cell lung carcinoma
"Carcinoma, Non-Small-Cell Lung",lung_cancer,CHEMBL105442,2.0,non-small cell lung carcinoma
"Carcinoma, Non-Small-Cell Lung",lung_cancer,CHEMBL52885,1.0,non-small cell lung carcinoma
"Carcinoma, Non-Small-Cell Lung",lung_cancer,CHEMBL3545154,3.0,non-small cell lung carcinoma
"Carcinoma, Non-Small-Cell Lung",lung_cancer,CHEMBL1079175,1.0,non-small cell lung carcinoma
"Carcinoma, Non-Small-Cell Lung",lung_cancer,CHEMBL574737,1.0,non-small cell lung carcinoma
"Carcinoma, Non-Small-Cell Lung",lung_cancer,CHEMBL3545027,1.0,non-small cell lung carcinoma
"Carcinoma, Non-Small-Cell Lung",lung_cancer,CHEMBL5314391,2.0,non-small cell lung carcinoma
"Carcinoma, Non-Small-Cell Lung",lung_cancer,CHEMBL3545110,1.0,non-small cell lung carcinoma
"Carcinoma, Non-Small-Cell Lung",lung_cancer,CHEMBL3545235,1.0,non-small cell lung carcinoma
"Carcinoma, Non-Small-Cell Lung",lung_cancer,CHEMBL3402762,2.0,non-small cell lung carcinoma
"Carcinoma, Non-Small-Cell Lung",lung_cancer,CHEMBL3545236,1.0,non-small cell lung carcinoma
"Carcinoma, Non-Small-Cell Lung",lung_cancer,CHEMBL3809489,2.0,non-small cell lung carcinoma
"Carcinoma, Non-Small-Cell Lung",lung_cancer,CHEMBL67279,3.0,non-small cell lung carcinoma
"Carcinoma, Non-Small-Cell Lung",lung_cancer,CHEMBL3545280,2.0,non-small cell lung carcinoma
"Carcinoma, Non-Small-Cell Lung",lung_cancer,CHEMBL3622820,2.0,non-small cell lung carcinoma
"Carcinoma, Non-Small-Cell Lung",lung_cancer,CHEMBL3663929,2.0,non-small cell lung carcinoma
"Carcinoma, Non-Small-Cell Lung",lung_cancer,CHEMBL3707404,1.0,non-small cell lung carcinoma
"Carcinoma, Non-Small-Cell Lung",lung_cancer,CHEMBL3707348,2.0,non-small cell lung carcinoma
"Carcinoma, Non-Small-Cell Lung",lung_cancer,CHEMBL2109406,3.0,non-small cell lung carcinoma
"Carcinoma, Non-Small-Cell Lung",lung_cancer,CHEMBL3621988,2.0,non-small cell lung carcinoma
"Carcinoma, Non-Small-Cell Lung",lung_cancer,CHEMBL2109629,1.0,non-small cell lung carcinoma
"Carcinoma, Non-Small-Cell Lung",lung_cancer,CHEMBL228814,2.0,non-small cell lung carcinoma
"Carcinoma, Non-Small-Cell Lung",lung_cancer,CHEMBL2336325,2.0,non-small cell lung carcinoma
"Carcinoma, Non-Small-Cell Lung",lung_cancer,CHEMBL2360464,4.0,non-small cell lung carcinoma
"Carcinoma, Non-Small-Cell Lung",lung_cancer,CHEMBL361506,2.0,non-small cell lung carcinoma
"Carcinoma, Non-Small-Cell Lung",lung_cancer,CHEMBL271227,1.0,non-small cell lung carcinoma
"Carcinoma, Non-Small-Cell Lung",lung_cancer,CHEMBL237500,1.0,non-small cell lung carcinoma
"Carcinoma, Non-Small-Cell Lung",lung_cancer,CHEMBL2105719,4.0,non-small cell lung carcinoma
"Carcinoma, Non-Small-Cell Lung",lung_cancer,CHEMBL1173055,1.0,non-small cell lung carcinoma
"Carcinoma, Non-Small-Cell Lung",lung_cancer,CHEMBL1098,3.0,non-small cell lung carcinoma
"Carcinoma, Non-Small-Cell Lung",lung_cancer,CHEMBL1078178,1.0,non-small cell lung carcinoma
"Carcinoma, Non-Small-Cell Lung",lung_cancer,CHEMBL262777,1.0,non-small cell lung carcinoma
"Carcinoma, Non-Small-Cell Lung",lung_cancer,CHEMBL3989514,2.0,non-small cell lung carcinoma
"Carcinoma, Non-Small-Cell Lung",lung_cancer,CHEMBL679,3.0,non-small cell lung carcinoma
"Carcinoma, Non-Small-Cell Lung",lung_cancer,CHEMBL1372,3.0,non-small cell lung carcinoma
"Carcinoma, Non-Small-Cell Lung",lung_cancer,CHEMBL53463,2.0,non-small cell lung carcinoma
"Carcinoma, Non-Small-Cell Lung",lung_cancer,CHEMBL2030434,3.0,non-small cell lung carcinoma
"Carcinoma, Non-Small-Cell Lung",lung_cancer,CHEMBL650,2.0,non-small cell lung carcinoma
"Carcinoma, Non-Small-Cell Lung",lung_cancer,CHEMBL98123,1.0,non-small cell lung carcinoma
"Carcinoma, Non-Small-Cell Lung",lung_cancer,CHEMBL2109059,1.0,non-small cell lung carcinoma
"Carcinoma, Non-Small-Cell Lung",lung_cancer,CHEMBL3137685,3.0,non-small cell lung carcinoma
"Carcinoma, Non-Small-Cell Lung",lung_cancer,CHEMBL2095208,0.5,non-small cell lung carcinoma
"Carcinoma, Non-Small-Cell Lung",lung_cancer,CHEMBL329123,2.0,non-small cell lung carcinoma
"Carcinoma, Non-Small-Cell Lung",lung_cancer,CHEMBL1201718,3.0,non-small cell lung carcinoma
"Carcinoma, Non-Small-Cell Lung",lung_cancer,CHEMBL288441,1.0,non-small cell lung carcinoma
"Carcinoma, Non-Small-Cell Lung",lung_cancer,CHEMBL343448,2.0,non-small cell lung carcinoma
"Carcinoma, Non-Small-Cell Lung",lung_cancer,CHEMBL1237022,1.0,non-small cell lung carcinoma
"Carcinoma, Non-Small-Cell Lung",lung_cancer,CHEMBL3989756,1.0,non-small cell lung carcinoma
"Carcinoma, Non-Small-Cell Lung",lung_cancer,CHEMBL2108287,3.0,non-small cell lung carcinoma
"Carcinoma, Non-Small-Cell Lung",lung_cancer,CHEMBL2108308,3.0,non-small cell lung carcinoma
"Carcinoma, Non-Small-Cell Lung",lung_cancer,CHEMBL2109356,1.0,non-small cell lung carcinoma
"Carcinoma, Non-Small-Cell Lung",lung_cancer,CHEMBL2109322,1.0,non-small cell lung carcinoma
"Carcinoma, Non-Small-Cell Lung",lung_cancer,CHEMBL2108356,2.0,non-small cell lung carcinoma
"Carcinoma, Non-Small-Cell Lung",lung_cancer,CHEMBL2107816,2.0,non-small cell lung carcinoma
"Carcinoma, Non-Small-Cell Lung",lung_cancer,CHEMBL2107818,2.0,non-small cell lung carcinoma
"Carcinoma, Non-Small-Cell Lung",lung_cancer,CHEMBL2219418,2.0,non-small cell lung carcinoma
"Carcinoma, Non-Small-Cell Lung",lung_cancer,CHEMBL2177390,2.0,non-small cell lung carcinoma
"Carcinoma, Non-Small-Cell Lung",lung_cancer,CHEMBL1214827,1.0,non-small cell lung carcinoma
"Carcinoma, Non-Small-Cell Lung",lung_cancer,CHEMBL3408248,1.0,non-small cell lung carcinoma
"Carcinoma, Non-Small-Cell Lung",lung_cancer,CHEMBL3963485,2.0,non-small cell lung carcinoma
"Carcinoma, Non-Small-Cell Lung",lung_cancer,CHEMBL3545427,2.0,non-small cell lung carcinoma
"Carcinoma, Non-Small-Cell Lung",lung_cancer,CHEMBL3545063,4.0,non-small cell lung carcinoma
"Carcinoma, Non-Small-Cell Lung",lung_cancer,CHEMBL3544983,3.0,non-small cell lung carcinoma
"Carcinoma, Non-Small-Cell Lung",lung_cancer,CHEMBL3935857,1.0,non-small cell lung carcinoma
"Carcinoma, Non-Small-Cell Lung",lung_cancer,CHEMBL2408045,2.0,non-small cell lung carcinoma
"Carcinoma, Non-Small-Cell Lung",lung_cancer,CHEMBL3545097,2.0,non-small cell lung carcinoma
"Carcinoma, Non-Small-Cell Lung",lung_cancer,CHEMBL1983268,4.0,non-small cell lung carcinoma
"Carcinoma, Non-Small-Cell Lung",lung_cancer,CHEMBL3707350,3.0,non-small cell lung carcinoma
"Carcinoma, Non-Small-Cell Lung",lung_cancer,CHEMBL3581647,1.0,non-small cell lung carcinoma
"Carcinoma, Non-Small-Cell Lung",lung_cancer,CHEMBL3545376,2.0,non-small cell lung carcinoma
"Carcinoma, Non-Small-Cell Lung",lung_cancer,CHEMBL2068864,2.0,non-small cell lung carcinoma
"Carcinoma, Non-Small-Cell Lung",lung_cancer,CHEMBL3989914,2.0,non-small cell lung carcinoma
"Carcinoma, Non-Small-Cell Lung",lung_cancer,CHEMBL3989926,3.0,non-small cell lung carcinoma
"Carcinoma, Non-Small-Cell Lung",lung_cancer,CHEMBL3989970,1.0,non-small cell lung carcinoma
"Carcinoma, Non-Small-Cell Lung",lung_cancer,CHEMBL3990016,3.0,non-small cell lung carcinoma
"Carcinoma, Non-Small-Cell Lung",lung_cancer,CHEMBL3990032,3.0,non-small cell lung carcinoma
"Carcinoma, Non-Small-Cell Lung",lung_cancer,CHEMBL297453,1.0,non-small cell lung carcinoma
"Carcinoma, Non-Small-Cell Lung",lung_cancer,CHEMBL2087361,3.0,non-small cell lung carcinoma
"Carcinoma, Non-Small-Cell Lung",lung_cancer,CHEMBL140,1.0,non-small cell lung carcinoma
"Carcinoma, Non-Small-Cell Lung",lung_cancer,CHEMBL2037002,2.0,non-small cell lung carcinoma
"Carcinoma, Non-Small-Cell Lung",lung_cancer,CHEMBL20684,2.0,non-small cell lung carcinoma
"Carcinoma, Non-Small-Cell Lung",lung_cancer,CHEMBL3235620,2.0,non-small cell lung carcinoma
"Carcinoma, Non-Small-Cell Lung",lung_cancer,CHEMBL1386,2.0,non-small cell lung carcinoma
"Carcinoma, Non-Small-Cell Lung",lung_cancer,CHEMBL71263,3.0,non-small cell lung carcinoma
"Carcinoma, Non-Small-Cell Lung",lung_cancer,CHEMBL3639788,2.0,non-small cell lung carcinoma
"Carcinoma, Non-Small-Cell Lung",lung_cancer,CHEMBL44,1.0,non-small cell lung carcinoma
"Carcinoma, Non-Small-Cell Lung",lung_cancer,CHEMBL2035460,1.0,non-small cell lung carcinoma
"Carcinoma, Non-Small-Cell Lung",lung_cancer,CHEMBL51483,3.0,non-small cell lung carcinoma
"Carcinoma, Non-Small-Cell Lung",lung_cancer,CHEMBL1743260,1.0,non-small cell lung carcinoma
"Carcinoma, Non-Small-Cell Lung",lung_cancer,CHEMBL2311128,2.0,non-small cell lung carcinoma
"Carcinoma, Non-Small-Cell Lung",lung_cancer,CHEMBL398891,1.0,non-small cell lung carcinoma
"Carcinoma, Non-Small-Cell Lung",lung_cancer,CHEMBL231616,2.0,non-small cell lung carcinoma
"Carcinoma, Non-Small-Cell Lung",lung_cancer,CHEMBL4297258,3.0,non-small cell lung carcinoma
"Carcinoma, Non-Small-Cell Lung",lung_cancer,CHEMBL4297268,2.0,non-small cell lung carcinoma
"Carcinoma, Non-Small-Cell Lung",lung_cancer,CHEMBL95431,3.0,non-small cell lung carcinoma
"Carcinoma, Non-Small-Cell Lung",lung_cancer,CHEMBL4297296,2.0,non-small cell lung carcinoma
"Carcinoma, Non-Small-Cell Lung",lung_cancer,CHEMBL297792,1.0,non-small cell lung carcinoma
"Carcinoma, Non-Small-Cell Lung",lung_cancer,CHEMBL386115,2.0,non-small cell lung carcinoma
"Carcinoma, Non-Small-Cell Lung",lung_cancer,CHEMBL3623290,2.0,non-small cell lung carcinoma
"Carcinoma, Non-Small-Cell Lung",lung_cancer,CHEMBL100014,2.0,non-small cell lung carcinoma
"Carcinoma, Non-Small-Cell Lung",lung_cancer,CHEMBL4297422,2.0,non-small cell lung carcinoma
"Carcinoma, Non-Small-Cell Lung",lung_cancer,CHEMBL4297441,3.0,non-small cell lung carcinoma
"Carcinoma, Non-Small-Cell Lung",lung_cancer,CHEMBL1230329,1.0,non-small cell lung carcinoma
"Carcinoma, Non-Small-Cell Lung",lung_cancer,CHEMBL3786098,2.0,non-small cell lung carcinoma
"Carcinoma, Non-Small-Cell Lung",lung_cancer,CHEMBL2325741,2.0,non-small cell lung carcinoma
"Carcinoma, Non-Small-Cell Lung",lung_cancer,CHEMBL4297598,3.0,non-small cell lung carcinoma
"Carcinoma, Non-Small-Cell Lung",lung_cancer,CHEMBL3904602,1.0,non-small cell lung carcinoma
"Carcinoma, Non-Small-Cell Lung",lung_cancer,CHEMBL3260567,2.0,non-small cell lung carcinoma
"Carcinoma, Non-Small-Cell Lung",lung_cancer,CHEMBL1235478,3.0,non-small cell lung carcinoma
"Carcinoma, Non-Small-Cell Lung",lung_cancer,CHEMBL4297661,2.0,non-small cell lung carcinoma
"Carcinoma, Non-Small-Cell Lung",lung_cancer,CHEMBL4297662,2.0,non-small cell lung carcinoma
"Carcinoma, Non-Small-Cell Lung",lung_cancer,CHEMBL4297690,3.0,non-small cell lung carcinoma
"Carcinoma, Non-Small-Cell Lung",lung_cancer,CHEMBL4297715,3.0,non-small cell lung carcinoma
"Carcinoma, Non-Small-Cell Lung",lung_cancer,CHEMBL4297721,1.0,non-small cell lung carcinoma
"Carcinoma, Non-Small-Cell Lung",lung_cancer,CHEMBL4297723,3.0,non-small cell lung carcinoma
"Carcinoma, Non-Small-Cell Lung",lung_cancer,CHEMBL4297739,2.0,non-small cell lung carcinoma
"Carcinoma, Non-Small-Cell Lung",lung_cancer,CHEMBL4297747,3.0,non-small cell lung carcinoma
"Carcinoma, Non-Small-Cell Lung",lung_cancer,CHEMBL4297774,4.0,non-small cell lung carcinoma
"Carcinoma, Non-Small-Cell Lung",lung_cancer,CHEMBL4297784,2.0,non-small cell lung carcinoma
"Carcinoma, Non-Small-Cell Lung",lung_cancer,CHEMBL4297829,3.0,non-small cell lung carcinoma
"Carcinoma, Non-Small-Cell Lung",lung_cancer,CHEMBL4297831,2.0,non-small cell lung carcinoma
"Carcinoma, Non-Small-Cell Lung",lung_cancer,CHEMBL4297840,4.0,non-small cell lung carcinoma
"Carcinoma, Non-Small-Cell Lung",lung_cancer,CHEMBL4297843,3.0,non-small cell lung carcinoma
"Carcinoma, Non-Small-Cell Lung",lung_cancer,CHEMBL4297865,3.0,non-small cell lung carcinoma
"Carcinoma, Non-Small-Cell Lung",lung_cancer,CHEMBL4297866,3.0,non-small cell lung carcinoma
"Carcinoma, Non-Small-Cell Lung",lung_cancer,CHEMBL4297923,2.0,non-small cell lung carcinoma
"Carcinoma, Non-Small-Cell Lung",lung_cancer,CHEMBL4297938,1.0,non-small cell lung carcinoma
"Carcinoma, Non-Small-Cell Lung",lung_cancer,CHEMBL4297939,3.0,non-small cell lung carcinoma
"Carcinoma, Non-Small-Cell Lung",lung_cancer,CHEMBL4297946,3.0,non-small cell lung carcinoma
"Carcinoma, Non-Small-Cell Lung",lung_cancer,CHEMBL4297993,1.0,non-small cell lung carcinoma
"Carcinoma, Non-Small-Cell Lung",lung_cancer,CHEMBL4298024,3.0,non-small cell lung carcinoma
"Carcinoma, Non-Small-Cell Lung",lung_cancer,CHEMBL4298050,3.0,non-small cell lung carcinoma
"Carcinoma, Non-Small-Cell Lung",lung_cancer,CHEMBL4298091,1.0,non-small cell lung carcinoma
"Carcinoma, Non-Small-Cell Lung",lung_cancer,CHEMBL2105661,2.0,non-small cell lung carcinoma
"Carcinoma, Non-Small-Cell Lung",lung_cancer,CHEMBL2108705,3.0,non-small cell lung carcinoma
"Carcinoma, Non-Small-Cell Lung",lung_cancer,CHEMBL112,2.0,non-small cell lung carcinoma
"Carcinoma, Non-Small-Cell Lung",lung_cancer,CHEMBL2108651,3.0,non-small cell lung carcinoma
"Carcinoma, Non-Small-Cell Lung",lung_cancer,CHEMBL657,2.0,non-small cell lung carcinoma
"Carcinoma, Non-Small-Cell Lung",lung_cancer,CHEMBL3137318,2.0,non-small cell lung carcinoma
"Carcinoma, Non-Small-Cell Lung",lung_cancer,CHEMBL3137309,1.0,non-small cell lung carcinoma
"Carcinoma, Non-Small-Cell Lung",lung_cancer,CHEMBL3545128,2.0,non-small cell lung carcinoma
"Carcinoma, Non-Small-Cell Lung",lung_cancer,CHEMBL3989870,1.0,non-small cell lung carcinoma
"Carcinoma, Non-Small-Cell Lung",lung_cancer,CHEMBL4297184,1.0,non-small cell lung carcinoma
"Carcinoma, Non-Small-Cell Lung",lung_cancer,CHEMBL3989937,4.0,non-small cell lung carcinoma
"Carcinoma, Non-Small-Cell Lung",lung_cancer,CHEMBL3989983,1.0,non-small cell lung carcinoma
"Carcinoma, Non-Small-Cell Lung",lung_cancer,CHEMBL3989992,2.0,non-small cell lung carcinoma
"Carcinoma, Non-Small-Cell Lung",lung_cancer,CHEMBL2158051,1.0,non-small cell lung carcinoma
"Carcinoma, Non-Small-Cell Lung",lung_cancer,CHEMBL1980825,2.0,non-small cell lung carcinoma
"Carcinoma, Non-Small-Cell Lung",lung_cancer,CHEMBL4297490,1.0,non-small cell lung carcinoma
"Carcinoma, Non-Small-Cell Lung",lung_cancer,CHEMBL4297516,2.0,non-small cell lung carcinoma
"Carcinoma, Non-Small-Cell Lung",lung_cancer,CHEMBL572284,2.0,non-small cell lung carcinoma
"Carcinoma, Non-Small-Cell Lung",lung_cancer,CHEMBL1232993,2.0,non-small cell lung carcinoma
"Carcinoma, Non-Small-Cell Lung",lung_cancer,CHEMBL4297701,2.0,non-small cell lung carcinoma
"Carcinoma, Non-Small-Cell Lung",lung_cancer,CHEMBL4297785,3.0,non-small cell lung carcinoma
"Carcinoma, Non-Small-Cell Lung",lung_cancer,CHEMBL4297787,3.0,non-small cell lung carcinoma
"Carcinoma, Non-Small-Cell Lung",lung_cancer,CHEMBL4297828,2.0,non-small cell lung carcinoma
"Carcinoma, Non-Small-Cell Lung",lung_cancer,CHEMBL4297844,3.0,non-small cell lung carcinoma
"Carcinoma, Non-Small-Cell Lung",lung_cancer,CHEMBL4297850,1.0,non-small cell lung carcinoma
"Carcinoma, Non-Small-Cell Lung",lung_cancer,CHEMBL4297876,2.0,non-small cell lung carcinoma
"Carcinoma, Non-Small-Cell Lung",lung_cancer,CHEMBL4297884,1.0,non-small cell lung carcinoma
"Carcinoma, Non-Small-Cell Lung",lung_cancer,CHEMBL4298037,3.0,non-small cell lung carcinoma
"Carcinoma, Non-Small-Cell Lung",lung_cancer,CHEMBL4298098,3.0,non-small cell lung carcinoma
"Carcinoma, Non-Small-Cell Lung",lung_cancer,CHEMBL4297241,1.0,non-small cell lung carcinoma
"Carcinoma, Non-Small-Cell Lung",lung_cancer,CHEMBL4298191,2.0,non-small cell lung carcinoma
"Carcinoma, Non-Small-Cell Lung",lung_cancer,CHEMBL4594284,2.0,non-small cell lung carcinoma
"Carcinoma, Non-Small-Cell Lung",lung_cancer,CHEMBL4559134,4.0,non-small cell lung carcinoma
"Carcinoma, Non-Small-Cell Lung",lung_cancer,CHEMBL4558324,3.0,non-small cell lung carcinoma
"Carcinoma, Non-Small-Cell Lung",lung_cancer,CHEMBL4594442,1.0,non-small cell lung carcinoma
"Carcinoma, Non-Small-Cell Lung",lung_cancer,CHEMBL574,3.0,non-small cell lung carcinoma
"Carcinoma, Non-Small-Cell Lung",lung_cancer,CHEMBL4594480,1.0,non-small cell lung carcinoma
"Carcinoma, Non-Small-Cell Lung",lung_cancer,CHEMBL4594538,1.0,non-small cell lung carcinoma
"Carcinoma, Non-Small-Cell Lung",lung_cancer,CHEMBL4594550,3.0,non-small cell lung carcinoma
"Carcinoma, Non-Small-Cell Lung",lung_cancer,CHEMBL4594596,1.0,non-small cell lung carcinoma
"Carcinoma, Non-Small-Cell Lung",lung_cancer,CHEMBL4594611,2.0,non-small cell lung carcinoma
"Carcinoma, Non-Small-Cell Lung",lung_cancer,CHEMBL4761468,3.0,non-small cell lung carcinoma
"Carcinoma, Non-Small-Cell Lung",lung_cancer,CHEMBL4594355,1.0,non-small cell lung carcinoma
"Carcinoma, Non-Small-Cell Lung",lung_cancer,CHEMBL483158,1.0,non-small cell lung carcinoma
"Carcinoma, Non-Small-Cell Lung",lung_cancer,CHEMBL1094636,3.0,non-small cell lung carcinoma
"Carcinoma, Non-Small-Cell Lung",lung_cancer,CHEMBL635,2.0,non-small cell lung carcinoma
"Carcinoma, Non-Small-Cell Lung",lung_cancer,CHEMBL2364651,1.0,non-small cell lung carcinoma
"Carcinoma, Non-Small-Cell Lung",lung_cancer,CHEMBL3039498,1.0,non-small cell lung carcinoma
"Carcinoma, Non-Small-Cell Lung",lung_cancer,CHEMBL3137347,1.0,non-small cell lung carcinoma
"Carcinoma, Non-Small-Cell Lung",lung_cancer,CHEMBL3545262,3.0,non-small cell lung carcinoma
"Carcinoma, Non-Small-Cell Lung",lung_cancer,CHEMBL3544993,2.0,non-small cell lung carcinoma
"Carcinoma, Non-Small-Cell Lung",lung_cancer,CHEMBL3601411,1.0,non-small cell lung carcinoma
"Carcinoma, Non-Small-Cell Lung",lung_cancer,CHEMBL4582651,4.0,non-small cell lung carcinoma
"Carcinoma, Non-Small-Cell Lung",lung_cancer,CHEMBL4073443,2.0,non-small cell lung carcinoma
"Carcinoma, Non-Small-Cell Lung",lung_cancer,CHEMBL4297571,2.0,non-small cell lung carcinoma
"Carcinoma, Non-Small-Cell Lung",lung_cancer,CHEMBL4297729,3.0,non-small cell lung carcinoma
"Carcinoma, Non-Small-Cell Lung",lung_cancer,CHEMBL4298004,2.0,non-small cell lung carcinoma
"Carcinoma, Non-Small-Cell Lung",lung_cancer,CHEMBL4298123,2.0,non-small cell lung carcinoma
"Carcinoma, Non-Small-Cell Lung",lung_cancer,CHEMBL4298124,3.0,non-small cell lung carcinoma
"Carcinoma, Non-Small-Cell Lung",lung_cancer,CHEMBL4298138,3.0,non-small cell lung carcinoma
"Carcinoma, Non-Small-Cell Lung",lung_cancer,CHEMBL4298200,2.0,non-small cell lung carcinoma
"Carcinoma, Non-Small-Cell Lung",lung_cancer,CHEMBL4594292,4.0,non-small cell lung carcinoma
"Carcinoma, Non-Small-Cell Lung",lung_cancer,CHEMBL4594429,1.0,non-small cell lung carcinoma
"Carcinoma, Non-Small-Cell Lung",lung_cancer,CHEMBL4594350,4.0,non-small cell lung carcinoma
"Carcinoma, Non-Small-Cell Lung",lung_cancer,CHEMBL4577523,2.0,non-small cell lung carcinoma
"Carcinoma, Non-Small-Cell Lung",lung_cancer,CHEMBL3899477,1.0,non-small cell lung carcinoma
"Carcinoma, Non-Small-Cell Lung",lung_cancer,CHEMBL4583691,1.0,non-small cell lung carcinoma
"Carcinoma, Non-Small-Cell Lung",lung_cancer,CHEMBL4650319,3.0,non-small cell lung carcinoma
"Carcinoma, Non-Small-Cell Lung",lung_cancer,CHEMBL4650376,2.0,non-small cell lung carcinoma
"Carcinoma, Non-Small-Cell Lung",lung_cancer,CHEMBL4650387,2.0,non-small cell lung carcinoma
"Carcinoma, Non-Small-Cell Lung",lung_cancer,CHEMBL4650392,3.0,non-small cell lung carcinoma
"Carcinoma, Non-Small-Cell Lung",lung_cancer,CHEMBL4650411,3.0,non-small cell lung carcinoma
"Carcinoma, Non-Small-Cell Lung",lung_cancer,CHEMBL4650419,2.0,non-small cell lung carcinoma
"Carcinoma, Non-Small-Cell Lung",lung_cancer,CHEMBL4650443,1.0,non-small cell lung carcinoma
"Carcinoma, Non-Small-Cell Lung",lung_cancer,CHEMBL4650472,2.0,non-small cell lung carcinoma
"Carcinoma, Non-Small-Cell Lung",lung_cancer,CHEMBL4650481,2.0,non-small cell lung carcinoma
"Carcinoma, Non-Small-Cell Lung",lung_cancer,CHEMBL4650482,2.0,non-small cell lung carcinoma
"Carcinoma, Non-Small-Cell Lung",lung_cancer,CHEMBL4650483,3.0,non-small cell lung carcinoma
"Carcinoma, Non-Small-Cell Lung",lung_cancer,CHEMBL4650517,2.0,non-small cell lung carcinoma
"Carcinoma, Non-Small-Cell Lung",lung_cancer,CHEMBL4650281,2.0,non-small cell lung carcinoma
"Carcinoma, Non-Small-Cell Lung",lung_cancer,CHEMBL4650298,1.0,non-small cell lung carcinoma
"Carcinoma, Non-Small-Cell Lung",lung_cancer,CHEMBL1743048,2.0,non-small cell lung carcinoma
"Carcinoma, Non-Small-Cell Lung",lung_cancer,CHEMBL779,2.0,non-small cell lung carcinoma
"Carcinoma, Non-Small-Cell Lung",lung_cancer,CHEMBL2364655,1.0,non-small cell lung carcinoma
"Carcinoma, Non-Small-Cell Lung",lung_cancer,CHEMBL4297190,2.0,non-small cell lung carcinoma
"Carcinoma, Non-Small-Cell Lung",lung_cancer,CHEMBL3218576,1.0,non-small cell lung carcinoma
"Carcinoma, Non-Small-Cell Lung",lung_cancer,CHEMBL3989868,1.0,non-small cell lung carcinoma
"Carcinoma, Non-Small-Cell Lung",lung_cancer,CHEMBL3894860,2.0,non-small cell lung carcinoma
"Carcinoma, Non-Small-Cell Lung",lung_cancer,CHEMBL4297856,3.0,non-small cell lung carcinoma
"Carcinoma, Non-Small-Cell Lung",lung_cancer,CHEMBL4740383,2.0,non-small cell lung carcinoma
"Carcinoma, Non-Small-Cell Lung",lung_cancer,CHEMBL3188091,2.0,non-small cell lung carcinoma
"Carcinoma, Non-Small-Cell Lung",lung_cancer,CHEMBL3701238,1.0,non-small cell lung carcinoma
"Carcinoma, Non-Small-Cell Lung",lung_cancer,CHEMBL3930624,2.0,non-small cell lung carcinoma
"Carcinoma, Non-Small-Cell Lung",lung_cancer,CHEMBL4594456,3.0,non-small cell lung carcinoma
"Carcinoma, Non-Small-Cell Lung",lung_cancer,CHEMBL4594535,4.0,non-small cell lung carcinoma
"Carcinoma, Non-Small-Cell Lung",lung_cancer,CHEMBL4594549,2.0,non-small cell lung carcinoma
"Carcinoma, Non-Small-Cell Lung",lung_cancer,CHEMBL4535757,4.0,non-small cell lung carcinoma
"Carcinoma, Non-Small-Cell Lung",lung_cancer,CHEMBL4650408,1.0,non-small cell lung carcinoma
"Carcinoma, Non-Small-Cell Lung",lung_cancer,CHEMBL4650496,1.0,non-small cell lung carcinoma
"Carcinoma, Non-Small-Cell Lung",lung_cancer,CHEMBL4650989,2.0,non-small cell lung carcinoma
"Carcinoma, Non-Small-Cell Lung",lung_cancer,CHEMBL4802180,2.0,non-small cell lung carcinoma
"Carcinoma, Non-Small-Cell Lung",lung_cancer,CHEMBL4802201,2.0,non-small cell lung carcinoma
"Carcinoma, Non-Small-Cell Lung",lung_cancer,CHEMBL4802239,4.0,non-small cell lung carcinoma
"Carcinoma, Non-Small-Cell Lung",lung_cancer,CHEMBL1201529,2.0,non-small cell lung carcinoma
"Carcinoma, Non-Small-Cell Lung",lung_cancer,CHEMBL2109583,1.0,non-small cell lung carcinoma
"Carcinoma, Non-Small-Cell Lung",lung_cancer,CHEMBL2108675,1.0,non-small cell lung carcinoma
"Carcinoma, Non-Small-Cell Lung",lung_cancer,CHEMBL19224,1.0,non-small cell lung carcinoma
"Carcinoma, Non-Small-Cell Lung",lung_cancer,CHEMBL3990044,2.0,non-small cell lung carcinoma
"Carcinoma, Non-Small-Cell Lung",lung_cancer,CHEMBL463763,1.0,non-small cell lung carcinoma
"Carcinoma, Non-Small-Cell Lung",lung_cancer,CHEMBL4297272,3.0,non-small cell lung carcinoma
"Carcinoma, Non-Small-Cell Lung",lung_cancer,CHEMBL573677,1.0,non-small cell lung carcinoma
"Carcinoma, Non-Small-Cell Lung",lung_cancer,CHEMBL4297522,2.0,non-small cell lung carcinoma
"Carcinoma, Non-Small-Cell Lung",lung_cancer,CHEMBL3414621,1.0,non-small cell lung carcinoma
"Carcinoma, Non-Small-Cell Lung",lung_cancer,CHEMBL4297707,2.0,non-small cell lung carcinoma
"Carcinoma, Non-Small-Cell Lung",lung_cancer,CHEMBL4297728,2.0,non-small cell lung carcinoma
"Carcinoma, Non-Small-Cell Lung",lung_cancer,CHEMBL4297559,1.0,non-small cell lung carcinoma
"Carcinoma, Non-Small-Cell Lung",lung_cancer,CHEMBL4297877,1.0,non-small cell lung carcinoma
"Carcinoma, Non-Small-Cell Lung",lung_cancer,CHEMBL4298006,2.0,non-small cell lung carcinoma
"Carcinoma, Non-Small-Cell Lung",lung_cancer,CHEMBL4298058,1.0,non-small cell lung carcinoma
"Carcinoma, Non-Small-Cell Lung",lung_cancer,CHEMBL2419346,1.0,non-small cell lung carcinoma
"Carcinoma, Non-Small-Cell Lung",lung_cancer,CHEMBL4594519,1.0,non-small cell lung carcinoma
"Carcinoma, Non-Small-Cell Lung",lung_cancer,CHEMBL4594544,1.0,non-small cell lung carcinoma
"Carcinoma, Non-Small-Cell Lung",lung_cancer,CHEMBL4594590,2.0,non-small cell lung carcinoma
"Carcinoma, Non-Small-Cell Lung",lung_cancer,CHEMBL4594367,1.0,non-small cell lung carcinoma
"Carcinoma, Non-Small-Cell Lung",lung_cancer,CHEMBL4594390,1.0,non-small cell lung carcinoma
"Carcinoma, Non-Small-Cell Lung",lung_cancer,CHEMBL4650435,1.0,non-small cell lung carcinoma
"Carcinoma, Non-Small-Cell Lung",lung_cancer,CHEMBL5095043,1.0,non-small cell lung carcinoma
"Carcinoma, Non-Small-Cell Lung",lung_cancer,CHEMBL4802165,1.0,non-small cell lung carcinoma
"Carcinoma, Non-Small-Cell Lung",lung_cancer,CHEMBL4802172,1.0,non-small cell lung carcinoma
"Carcinoma, Non-Small-Cell Lung",lung_cancer,CHEMBL4802258,1.0,non-small cell lung carcinoma
"Carcinoma, Non-Small-Cell Lung",lung_cancer,CHEMBL5095167,2.0,non-small cell lung carcinoma
"Carcinoma, Non-Small-Cell Lung",lung_cancer,CHEMBL5095177,1.0,non-small cell lung carcinoma
"Carcinoma, Non-Small-Cell Lung",lung_cancer,CHEMBL3250476,2.0,non-small cell lung carcinoma
"Carcinoma, Non-Small-Cell Lung",lung_cancer,CHEMBL5095209,1.0,non-small cell lung carcinoma
"Carcinoma, Non-Small-Cell Lung",lung_cancer,CHEMBL5095236,2.0,non-small cell lung carcinoma
"Carcinoma, Non-Small-Cell Lung",lung_cancer,CHEMBL5095241,2.0,non-small cell lung carcinoma
"Carcinoma, Non-Small-Cell Lung",lung_cancer,CHEMBL3683575,1.0,non-small cell lung carcinoma
"Carcinoma, Non-Small-Cell Lung",lung_cancer,CHEMBL5077861,3.0,non-small cell lung carcinoma
"Carcinoma, Non-Small-Cell Lung",lung_cancer,CHEMBL5095362,2.0,non-small cell lung carcinoma
"Carcinoma, Non-Small-Cell Lung",lung_cancer,CHEMBL5095364,2.0,non-small cell lung carcinoma
"Carcinoma, Non-Small-Cell Lung",lung_cancer,CHEMBL5314427,2.0,non-small cell lung carcinoma
"Carcinoma, Non-Small-Cell Lung",lung_cancer,CHEMBL5095383,3.0,non-small cell lung carcinoma
"Carcinoma, Non-Small-Cell Lung",lung_cancer,CHEMBL5095384,2.0,non-small cell lung carcinoma
"Carcinoma, Non-Small-Cell Lung",lung_cancer,CHEMBL2103737,1.0,non-small cell lung carcinoma
"Carcinoma, Non-Small-Cell Lung",lung_cancer,CHEMBL158,1.0,non-small cell lung carcinoma
"Carcinoma, Non-Small-Cell Lung",lung_cancer,CHEMBL34259,2.0,non-small cell lung carcinoma
"Carcinoma, Non-Small-Cell Lung",lung_cancer,CHEMBL1201636,3.0,non-small cell lung carcinoma
"Carcinoma, Non-Small-Cell Lung",lung_cancer,CHEMBL787,2.0,non-small cell lung carcinoma
"Carcinoma, Non-Small-Cell Lung",lung_cancer,CHEMBL3348923,1.0,non-small cell lung carcinoma
"Carcinoma, Non-Small-Cell Lung",lung_cancer,CHEMBL3264002,2.0,non-small cell lung carcinoma
"Carcinoma, Non-Small-Cell Lung",lung_cancer,CHEMBL189475,2.0,non-small cell lung carcinoma
"Carcinoma, Non-Small-Cell Lung",lung_cancer,CHEMBL1159662,1.0,non-small cell lung carcinoma
"Carcinoma, Non-Small-Cell Lung",lung_cancer,CHEMBL100259,1.0,non-small cell lung carcinoma
"Carcinoma, Non-Small-Cell Lung",lung_cancer,CHEMBL95606,1.0,non-small cell lung carcinoma
"Carcinoma, Non-Small-Cell Lung",lung_cancer,CHEMBL4297480,2.0,non-small cell lung carcinoma
"Carcinoma, Non-Small-Cell Lung",lung_cancer,CHEMBL3125702,1.0,non-small cell lung carcinoma
"Carcinoma, Non-Small-Cell Lung",lung_cancer,CHEMBL4112930,1.0,non-small cell lung carcinoma
"Carcinoma, Non-Small-Cell Lung",lung_cancer,CHEMBL4298001,1.0,non-small cell lung carcinoma
"Carcinoma, Non-Small-Cell Lung",lung_cancer,CHEMBL4298085,2.0,non-small cell lung carcinoma
"Carcinoma, Non-Small-Cell Lung",lung_cancer,CHEMBL3984441,2.0,non-small cell lung carcinoma
"Carcinoma, Non-Small-Cell Lung",lung_cancer,CHEMBL4802205,3.0,non-small cell lung carcinoma
"Carcinoma, Non-Small-Cell Lung",lung_cancer,CHEMBL4802212,2.0,non-small cell lung carcinoma
"Carcinoma, Non-Small-Cell Lung",lung_cancer,CHEMBL5095196,1.0,non-small cell lung carcinoma
"Carcinoma, Non-Small-Cell Lung",lung_cancer,CHEMBL5095260,1.0,non-small cell lung carcinoma
"Carcinoma, Non-Small-Cell Lung",lung_cancer,CHEMBL5095352,2.0,non-small cell lung carcinoma
"Carcinoma, Non-Small-Cell Lung",lung_cancer,CHEMBL5314428,1.0,non-small cell lung carcinoma
"Carcinoma, Non-Small-Cell Lung",lung_cancer,CHEMBL5095391,2.0,non-small cell lung carcinoma
"Carcinoma, Non-Small-Cell Lung",lung_cancer,CHEMBL5095439,1.0,non-small cell lung carcinoma
"Carcinoma, Non-Small-Cell Lung",lung_cancer,CHEMBL5095480,1.0,non-small cell lung carcinoma
"Carcinoma, Non-Small-Cell Lung",lung_cancer,CHEMBL5315053,4.0,non-small cell lung carcinoma
"Carcinoma, Non-Small-Cell Lung",lung_cancer,CHEMBL5314564,3.0,non-small cell lung carcinoma
"Carcinoma, Non-Small-Cell Lung",lung_cancer,CHEMBL5314938,1.0,non-small cell lung carcinoma
"Carcinoma, Non-Small-Cell Lung",lung_cancer,CHEMBL5314952,3.0,non-small cell lung carcinoma
"Carcinoma, Non-Small-Cell Lung",lung_cancer,CHEMBL5314953,1.0,non-small cell lung carcinoma
"Carcinoma, Non-Small-Cell Lung",lung_cancer,CHEMBL4472508,1.0,non-small cell lung carcinoma
"Carcinoma, Non-Small-Cell Lung",lung_cancer,CHEMBL5314968,2.0,non-small cell lung carcinoma
"Carcinoma, Non-Small-Cell Lung",lung_cancer,CHEMBL5315001,2.0,non-small cell lung carcinoma
"Carcinoma, Non-Small-Cell Lung",lung_cancer,CHEMBL5315003,2.0,non-small cell lung carcinoma
"Carcinoma, Non-Small-Cell Lung",lung_cancer,CHEMBL5315010,2.0,non-small cell lung carcinoma
"Carcinoma, Non-Small-Cell Lung",lung_cancer,CHEMBL5315023,1.0,non-small cell lung carcinoma
"Carcinoma, Non-Small-Cell Lung",lung_cancer,CHEMBL5315030,2.0,non-small cell lung carcinoma
"Carcinoma, Non-Small-Cell Lung",lung_cancer,CHEMBL5315040,1.0,non-small cell lung carcinoma
"Carcinoma, Non-Small-Cell Lung",lung_cancer,CHEMBL5315042,3.0,non-small cell lung carcinoma
"Carcinoma, Non-Small-Cell Lung",lung_cancer,CHEMBL539697,1.0,non-small cell lung carcinoma
"Carcinoma, Non-Small-Cell Lung",lung_cancer,CHEMBL3545252,4.0,non-small cell lung carcinoma
"Carcinoma, Non-Small-Cell Lung",lung_cancer,CHEMBL1753,2.0,non-small cell lung carcinoma
"Carcinoma, Non-Small-Cell Lung",lung_cancer,CHEMBL181932,2.0,non-small cell lung carcinoma
"Carcinoma, Non-Small-Cell Lung",lung_cancer,CHEMBL20883,2.0,non-small cell lung carcinoma
"Carcinoma, Non-Small-Cell Lung",lung_cancer,CHEMBL1129,1.0,non-small cell lung carcinoma
"Carcinoma, Non-Small-Cell Lung",lung_cancer,CHEMBL1730601,2.0,non-small cell lung carcinoma
"Carcinoma, Non-Small-Cell Lung",lung_cancer,CHEMBL1671,1.0,non-small cell lung carcinoma
"Carcinoma, Non-Small-Cell Lung",lung_cancer,CHEMBL1201599,1.0,non-small cell lung carcinoma
"Carcinoma, Non-Small-Cell Lung",lung_cancer,CHEMBL451887,1.0,non-small cell lung carcinoma
"Carcinoma, Non-Small-Cell Lung",lung_cancer,CHEMBL1289926,2.0,non-small cell lung carcinoma
"Carcinoma, Non-Small-Cell Lung",lung_cancer,CHEMBL2108345,2.0,non-small cell lung carcinoma
"Carcinoma, Non-Small-Cell Lung",lung_cancer,CHEMBL790,2.0,non-small cell lung carcinoma
"Carcinoma, Non-Small-Cell Lung",lung_cancer,CHEMBL3039504,4.0,non-small cell lung carcinoma
"Carcinoma, Non-Small-Cell Lung",lung_cancer,CHEMBL235668,1.0,non-small cell lung carcinoma
"Carcinoma, Non-Small-Cell Lung",lung_cancer,CHEMBL3137343,4.0,non-small cell lung carcinoma
"Carcinoma, Non-Small-Cell Lung",lung_cancer,CHEMBL3137346,1.0,non-small cell lung carcinoma
"Carcinoma, Non-Small-Cell Lung",lung_cancer,CHEMBL3657311,1.0,non-small cell lung carcinoma
"Carcinoma, Non-Small-Cell Lung",lung_cancer,CHEMBL3545071,1.0,non-small cell lung carcinoma
"Carcinoma, Non-Small-Cell Lung",lung_cancer,CHEMBL3186534,3.0,non-small cell lung carcinoma
"Carcinoma, Non-Small-Cell Lung",lung_cancer,CHEMBL92,4.0,non-small cell lung carcinoma
"Carcinoma, Non-Small-Cell Lung",lung_cancer,CHEMBL3989962,4.0,non-small cell lung carcinoma
"Carcinoma, Non-Small-Cell Lung",lung_cancer,CHEMBL500853,1.0,non-small cell lung carcinoma
"Carcinoma, Non-Small-Cell Lung",lung_cancer,CHEMBL1213633,2.0,non-small cell lung carcinoma
"Carcinoma, Non-Small-Cell Lung",lung_cancer,CHEMBL4297723,3.0,non-small cell lung carcinoma
"Carcinoma, Non-Small-Cell Lung",lung_cancer,CHEMBL4297856,3.0,non-small cell lung carcinoma
"Carcinoma, Non-Small-Cell Lung",lung_cancer,CHEMBL4297858,2.0,non-small cell lung carcinoma
"Carcinoma, Non-Small-Cell Lung",lung_cancer,CHEMBL4298025,4.0,non-small cell lung carcinoma
"Carcinoma, Non-Small-Cell Lung",lung_cancer,CHEMBL4298085,2.0,non-small cell lung carcinoma
"Carcinoma, Non-Small-Cell Lung",lung_cancer,CHEMBL4298116,1.0,non-small cell lung carcinoma
"Carcinoma, Non-Small-Cell Lung",lung_cancer,CHEMBL4594400,2.0,non-small cell lung carcinoma
"Carcinoma, Non-Small-Cell Lung",lung_cancer,CHEMBL1568,1.0,non-small cell lung carcinoma
"Carcinoma, Non-Small-Cell Lung",lung_cancer,CHEMBL4650299,2.0,non-small cell lung carcinoma
"Carcinoma, Non-Small-Cell Lung",lung_cancer,CHEMBL4471306,2.0,non-small cell lung carcinoma
"Carcinoma, Non-Small-Cell Lung",lung_cancer,CHEMBL4650392,3.0,non-small cell lung carcinoma
"Carcinoma, Non-Small-Cell Lung",lung_cancer,CHEMBL4650483,3.0,non-small cell lung carcinoma
"Carcinoma, Non-Small-Cell Lung",lung_cancer,CHEMBL5095220,1.0,non-small cell lung carcinoma
"Carcinoma, Non-Small-Cell Lung",lung_cancer,CHEMBL3264004,1.0,non-small cell lung carcinoma
"Carcinoma, Non-Small-Cell Lung",lung_cancer,CHEMBL5314570,3.0,non-small cell lung carcinoma
"Carcinoma, Non-Small-Cell Lung",lung_cancer,CHEMBL5314933,1.0,non-small cell lung carcinoma
"Carcinoma, Non-Small-Cell Lung",lung_cancer,CHEMBL5314989,2.0,non-small cell lung carcinoma
"Carcinoma, Non-Small-Cell Lung",lung_cancer,CHEMBL5315022,2.0,non-small cell lung carcinoma
"Carcinoma, Non-Small-Cell Lung",lung_cancer,CHEMBL5182222,1.0,non-small cell lung carcinoma
"Carcinoma, Non-Small-Cell Lung",lung_cancer,CHEMBL3348846,2.0,non-small cell lung carcinoma
"Carcinoma, Non-Small-Cell Lung",lung_cancer,CHEMBL5314706,3.0,non-small cell lung carcinoma
"Carcinoma, Non-Small-Cell Lung",lung_cancer,CHEMBL5314852,1.0,non-small cell lung carcinoma
"Carcinoma, Non-Small-Cell Lung",lung_cancer,CHEMBL5314875,3.0,non-small cell lung carcinoma
"Carcinoma, Non-Small-Cell Lung",lung_cancer,CHEMBL5314879,3.0,non-small cell lung carcinoma
"Carcinoma, Non-Small-Cell Lung",lung_cancer,CHEMBL5314888,1.0,non-small cell lung carcinoma
"Carcinoma, Non-Small-Cell Lung",lung_cancer,CHEMBL5315122,2.0,non-small cell lung carcinoma
"Carcinoma, Non-Small-Cell Lung",lung_cancer,CHEMBL6068392,1.0,non-small cell lung carcinoma
"Carcinoma, Non-Small-Cell Lung",lung_cancer,CHEMBL6068401,1.0,non-small cell lung carcinoma
"Carcinoma, Non-Small-Cell Lung",lung_cancer,CHEMBL6068437,2.0,non-small cell lung carcinoma
"Carcinoma, Non-Small-Cell Lung",lung_cancer,CHEMBL6068451,3.0,non-small cell lung carcinoma
"Carcinoma, Non-Small-Cell Lung",lung_cancer,CHEMBL6068467,2.0,non-small cell lung carcinoma
"Carcinoma, Non-Small-Cell Lung",lung_cancer,CHEMBL6068122,2.0,non-small cell lung carcinoma
"Carcinoma, Non-Small-Cell Lung",lung_cancer,CHEMBL6068210,2.0,non-small cell lung carcinoma
"Carcinoma, Non-Small-Cell Lung",lung_cancer,CHEMBL5761940,1.0,non-small cell lung carcinoma
"Carcinoma, Non-Small-Cell Lung",lung_cancer,CHEMBL6068536,3.0,non-small cell lung carcinoma
"Carcinoma, Non-Small-Cell Lung",lung_cancer,CHEMBL6068561,2.0,non-small cell lung carcinoma
"Carcinoma, Non-Small-Cell Lung",lung_cancer,CHEMBL6068598,1.0,non-small cell lung carcinoma
"Carcinoma, Non-Small-Cell Lung",lung_cancer,CHEMBL6068478,4.0,non-small cell lung carcinoma
"Carcinoma, Non-Small-Cell Lung",lung_cancer,CHEMBL6068329,4.0,lung large cell carcinoma
"Carcinoma, Non-Small-Cell Lung",lung_cancer,CHEMBL6068335,4.0,non-small cell lung carcinoma
Breast Neoplasms,breast_cancer,CHEMBL1399,4.0,breast carcinoma
Breast Neoplasms,breast_cancer,CHEMBL1201583,4.0,breast carcinoma
Breast Neoplasms,breast_cancer,CHEMBL1773,4.0,breast carcinoma
Breast Neoplasms,breast_cancer,CHEMBL118,3.0,breast carcinoma
Breast Neoplasms,breast_cancer,CHEMBL1237023,4.0,breast carcinoma
Breast Neoplasms,breast_cancer,CHEMBL3545252,4.0,breast carcinoma
Breast Neoplasms,breast_cancer,CHEMBL359744,4.0,breast carcinoma
Breast Neoplasms,breast_cancer,CHEMBL1683544,4.0,breast carcinoma
Breast Neoplasms,breast_cancer,CHEMBL1079742,2.0,breast carcinoma
Breast Neoplasms,breast_cancer,CHEMBL135,4.0,breast carcinoma
Breast Neoplasms,breast_cancer,CHEMBL1908360,4.0,breast carcinoma
Breast Neoplasms,breast_cancer,CHEMBL1200374,4.0,breast carcinoma
Breast Neoplasms,breast_cancer,CHEMBL1358,4.0,breast carcinoma
Breast Neoplasms,breast_cancer,CHEMBL1200501,4.0,breast carcinoma
Breast Neoplasms,breast_cancer,CHEMBL1201752,4.0,breast carcinoma
Breast Neoplasms,breast_cancer,CHEMBL1201179,4.0,breast carcinoma
Breast Neoplasms,breast_cancer,CHEMBL1444,4.0,breast carcinoma
Breast Neoplasms,breast_cancer,CHEMBL428647,4.0,breast carcinoma
Breast Neoplasms,breast_cancer,CHEMBL1201585,4.0,breast carcinoma
Breast Neoplasms,breast_cancer,CHEMBL1743082,4.0,breast carcinoma
Breast Neoplasms,breast_cancer,CHEMBL1501,2.0,breast carcinoma
Breast Neoplasms,breast_cancer,CHEMBL1637,4.0,breast carcinoma
Breast Neoplasms,breast_cancer,CHEMBL1064,2.0,breast carcinoma
Breast Neoplasms,breast_cancer,CHEMBL79,3.0,breast carcinoma
Breast Neoplasms,breast_cancer,CHEMBL189963,4.0,breast carcinoma
Breast Neoplasms,breast_cancer,CHEMBL2007641,4.0,breast carcinoma
Breast Neoplasms,breast_cancer,CHEMBL409,3.0,breast carcinoma
Breast Neoplasms,breast_cancer,CHEMBL1201568,3.0,breast carcinoma
Breast Neoplasms,breast_cancer,CHEMBL384467,3.0,breast carcinoma
Breast Neoplasms,breast_cancer,CHEMBL521686,4.0,breast carcinoma
Breast Neoplasms,breast_cancer,CHEMBL1567,3.0,breast neoplasm
Breast Neoplasms,breast_cancer,CHEMBL1201585,4.0,breast neoplasm
Breast Neoplasms,breast_cancer,CHEMBL25,3.0,breast neoplasm
Breast Neoplasms,breast_cancer,CHEMBL1200374,4.0,breast neoplasm
Breast Neoplasms,breast_cancer,CHEMBL1358,4.0,breast neoplasm
Breast Neoplasms,breast_cancer,CHEMBL1444,4.0,breast neoplasm
Breast Neoplasms,breast_cancer,CHEMBL1399,4.0,breast neoplasm
Breast Neoplasms,breast_cancer,CHEMBL428647,4.0,breast neoplasm
Breast Neoplasms,breast_cancer,CHEMBL3545252,4.0,breast neoplasm
Breast Neoplasms,breast_cancer,CHEMBL4303669,3.0,breast neoplasm
Breast Neoplasms,breast_cancer,CHEMBL409,3.0,breast neoplasm
Breast Neoplasms,breast_cancer,CHEMBL2108413,1.0,breast neoplasm
Breast Neoplasms,breast_cancer,CHEMBL1908360,4.0,breast neoplasm
Breast Neoplasms,breast_cancer,CHEMBL1237023,4.0,breast neoplasm
Breast Neoplasms,breast_cancer,CHEMBL1773,4.0,breast neoplasm
Breast Neoplasms,breast_cancer,CHEMBL1683544,4.0,breast neoplasm
Breast Neoplasms,breast_cancer,CHEMBL103,3.0,breast neoplasm
Breast Neoplasms,breast_cancer,CHEMBL521686,4.0,breast neoplasm
Breast Neoplasms,breast_cancer,CHEMBL1077896,3.0,breast neoplasm
Breast Neoplasms,breast_cancer,CHEMBL846,2.0,breast neoplasm
Breast Neoplasms,breast_cancer,CHEMBL185,3.0,breast neoplasm
Breast Neoplasms,breast_cancer,CHEMBL1421,2.0,breast neoplasm
Breast Neoplasms,breast_cancer,CHEMBL1536,3.0,breast neoplasm
Breast Neoplasms,breast_cancer,CHEMBL189963,4.0,breast neoplasm
Breast Neoplasms,breast_cancer,CHEMBL2007641,4.0,breast neoplasm
Breast Neoplasms,breast_cancer,CHEMBL180022,3.0,breast neoplasm
Breast Neoplasms,breast_cancer,CHEMBL2105737,2.0,breast neoplasm
Breast Neoplasms,breast_cancer,CHEMBL53463,3.0,breast carcinoma
Breast Neoplasms,breast_cancer,CHEMBL1351,3.0,breast carcinoma
Breast Neoplasms,breast_cancer,CHEMBL1200796,4.0,breast carcinoma
Breast Neoplasms,breast_cancer,CHEMBL180022,3.0,breast carcinoma
Breast Neoplasms,breast_cancer,CHEMBL1646,2.0,breast carcinoma
Breast Neoplasms,breast_cancer,CHEMBL1431,2.0,breast carcinoma
Breast Neoplasms,breast_cancer,CHEMBL11359,3.0,breast carcinoma
Breast Neoplasms,breast_cancer,CHEMBL3137343,3.0,breast carcinoma
Breast Neoplasms,breast_cancer,CHEMBL2109637,2.0,breast carcinoma
Breast Neoplasms,breast_cancer,CHEMBL1201247,3.0,breast carcinoma
Breast Neoplasms,breast_cancer,CHEMBL2108738,3.0,breast carcinoma
Breast Neoplasms,breast_cancer,CHEMBL1079175,2.0,breast carcinoma
Breast Neoplasms,breast_cancer,CHEMBL2108658,2.0,breast carcinoma
Breast Neoplasms,breast_cancer,CHEMBL3301610,4.0,breast carcinoma
Breast Neoplasms,breast_cancer,CHEMBL1789844,2.0,breast carcinoma
Breast Neoplasms,breast_cancer,CHEMBL1503,2.0,breast carcinoma
Breast Neoplasms,breast_cancer,CHEMBL483158,2.0,breast carcinoma
Breast Neoplasms,breast_cancer,CHEMBL3707266,4.0,breast carcinoma
Breast Neoplasms,breast_cancer,CHEMBL3301587,3.0,breast carcinoma
Breast Neoplasms,breast_cancer,CHEMBL1173655,3.0,breast neoplasm
Breast Neoplasms,breast_cancer,CHEMBL3301587,3.0,breast neoplasm
Breast Neoplasms,breast_cancer,CHEMBL286738,2.0,breast neoplasm
Breast Neoplasms,breast_cancer,CHEMBL1201334,3.0,breast carcinoma
Breast Neoplasms,breast_cancer,CHEMBL1789941,2.0,breast carcinoma
Breast Neoplasms,breast_cancer,CHEMBL888,3.0,breast carcinoma
Breast Neoplasms,breast_cancer,CHEMBL535,3.0,breast neoplasm
Breast Neoplasms,breast_cancer,CHEMBL27759,3.0,breast carcinoma
Breast Neoplasms,breast_cancer,CHEMBL3137320,3.0,breast neoplasm
Breast Neoplasms,breast_cancer,CHEMBL506871,3.0,breast carcinoma
Breast Neoplasms,breast_cancer,CHEMBL11359,3.0,breast neoplasm
Breast Neoplasms,breast_cancer,CHEMBL1200675,4.0,breast neoplasm
Breast Neoplasms,breast_cancer,CHEMBL1201179,4.0,breast neoplasm
Breast Neoplasms,breast_cancer,CHEMBL1098,3.0,breast neoplasm
Breast Neoplasms,breast_cancer,CHEMBL554,3.0,breast carcinoma
Breast Neoplasms,breast_cancer,CHEMBL1683590,3.0,breast carcinoma
Breast Neoplasms,breast_cancer,CHEMBL2304041,2.0,breast neoplasm
Breast Neoplasms,breast_cancer,CHEMBL1721885,2.0,breast neoplasm
Breast Neoplasms,breast_cancer,CHEMBL554,3.0,breast neoplasm
Breast Neoplasms,breast_cancer,CHEMBL2108727,1.0,breast carcinoma
Breast Neoplasms,breast_cancer,CHEMBL3707227,4.0,breast carcinoma
Breast Neoplasms,breast_cancer,CHEMBL2396661,4.0,breast carcinoma
Breast Neoplasms,breast_cancer,CHEMBL3833373,3.0,breast neoplasm
Breast Neoplasms,breast_cancer,CHEMBL477772,2.0,breast neoplasm
Breast Neoplasms,breast_cancer,CHEMBL553025,3.0,breast neoplasm
Breast Neoplasms,breast_cancer,CHEMBL53463,3.0,breast neoplasm
Breast Neoplasms,breast_cancer,CHEMBL870,1.0,breast neoplasm
Breast Neoplasms,breast_cancer,CHEMBL2107787,3.0,breast neoplasm
Breast Neoplasms,breast_cancer,CHEMBL135,4.0,breast neoplasm
Breast Neoplasms,breast_cancer,CHEMBL377559,2.0,breast carcinoma
Breast Neoplasms,breast_cancer,CHEMBL2103793,2.0,breast neoplasm
Breast Neoplasms,breast_cancer,CHEMBL491473,2.0,breast carcinoma
Breast Neoplasms,breast_cancer,CHEMBL1743009,1.0,breast carcinoma
Breast Neoplasms,breast_cancer,CHEMBL1743019,2.0,breast neoplasm
Breast Neoplasms,breast_cancer,CHEMBL2103839,2.0,breast neoplasm
Breast Neoplasms,breast_cancer,CHEMBL2105666,1.0,breast neoplasm
Breast Neoplasms,breast_cancer,CHEMBL1743006,2.0,breast neoplasm
Breast Neoplasms,breast_cancer,CHEMBL1200881,2.0,breast carcinoma
Breast Neoplasms,breast_cancer,CHEMBL545315,2.0,breast neoplasm
Breast Neoplasms,breast_cancer,CHEMBL1200981,4.0,breast carcinoma
Breast Neoplasms,breast_cancer,CHEMBL1200981,4.0,breast neoplasm
Breast Neoplasms,breast_cancer,CHEMBL1751,2.0,breast neoplasm
Breast Neoplasms,breast_cancer,CHEMBL566,3.0,breast neoplasm
Breast Neoplasms,breast_cancer,CHEMBL671,3.0,breast carcinoma
Breast Neoplasms,breast_cancer,CHEMBL538943,3.0,breast neoplasm
Breast Neoplasms,breast_cancer,CHEMBL1200775,3.0,breast neoplasm
Breast Neoplasms,breast_cancer,CHEMBL1200675,4.0,breast carcinoma
Breast Neoplasms,breast_cancer,CHEMBL118,3.0,breast neoplasm
Breast Neoplasms,breast_cancer,CHEMBL1200539,2.0,breast neoplasm
Breast Neoplasms,breast_cancer,CHEMBL820,3.0,breast carcinoma
Breast Neoplasms,breast_cancer,CHEMBL384467,3.0,breast neoplasm
Breast Neoplasms,breast_cancer,CHEMBL1096882,2.0,breast neoplasm
Breast Neoplasms,breast_cancer,CHEMBL77517,2.0,breast neoplasm
Breast Neoplasms,breast_cancer,CHEMBL1201752,4.0,breast neoplasm
Breast Neoplasms,breast_cancer,CHEMBL1622,2.0,breast neoplasm
Breast Neoplasms,breast_cancer,CHEMBL1201247,3.0,breast neoplasm
Breast Neoplasms,breast_cancer,CHEMBL1201139,3.0,breast neoplasm
Breast Neoplasms,breast_cancer,CHEMBL34259,4.0,breast carcinoma
Breast Neoplasms,breast_cancer,CHEMBL34259,4.0,breast neoplasm
Breast Neoplasms,breast_cancer,CHEMBL975,3.0,breast neoplasm
Breast Neoplasms,breast_cancer,CHEMBL526,3.0,breast neoplasm
Breast Neoplasms,breast_cancer,CHEMBL181932,2.0,breast neoplasm
Breast Neoplasms,breast_cancer,CHEMBL20883,3.0,breast neoplasm
Breast Neoplasms,breast_cancer,CHEMBL414804,2.0,breast neoplasm
Breast Neoplasms,breast_cancer,CHEMBL101253,2.0,breast neoplasm
Breast Neoplasms,breast_cancer,CHEMBL289228,2.0,breast carcinoma
Breast Neoplasms,breast_cancer,CHEMBL289228,2.0,breast neoplasm
Breast Neoplasms,breast_cancer,CHEMBL513,3.0,breast carcinoma
Breast Neoplasms,breast_cancer,CHEMBL1351,3.0,breast neoplasm
Breast Neoplasms,breast_cancer,CHEMBL1200796,4.0,breast neoplasm
Breast Neoplasms,breast_cancer,CHEMBL1083385,2.0,breast neoplasm
Breast Neoplasms,breast_cancer,CHEMBL359744,4.0,breast neoplasm
Breast Neoplasms,breast_cancer,CHEMBL488025,1.0,breast neoplasm
Breast Neoplasms,breast_cancer,CHEMBL1730601,2.0,breast neoplasm
Breast Neoplasms,breast_cancer,CHEMBL1201129,2.0,breast neoplasm
Breast Neoplasms,breast_cancer,CHEMBL939,3.0,breast neoplasm
Breast Neoplasms,breast_cancer,CHEMBL888,3.0,breast neoplasm
Breast Neoplasms,breast_cancer,CHEMBL628,2.0,breast neoplasm
Breast Neoplasms,breast_cancer,CHEMBL521,3.0,breast neoplasm
Breast Neoplasms,breast_cancer,CHEMBL1201438,3.0,breast neoplasm
Breast Neoplasms,breast_cancer,CHEMBL2105987,3.0,breast neoplasm
Breast Neoplasms,breast_cancer,CHEMBL2107319,2.0,breast neoplasm
Breast Neoplasms,breast_cancer,CHEMBL2107337,2.0,breast neoplasm
Breast Neoplasms,breast_cancer,CHEMBL94657,2.0,breast neoplasm
Breast Neoplasms,breast_cancer,CHEMBL98,2.0,breast neoplasm
Breast Neoplasms,breast_cancer,CHEMBL24828,2.0,breast neoplasm
Breast Neoplasms,breast_cancer,CHEMBL288441,2.0,breast carcinoma
Breast Neoplasms,breast_cancer,CHEMBL1201182,3.0,breast carcinoma
Breast Neoplasms,breast_cancer,CHEMBL1201182,3.0,breast neoplasm
Breast Neoplasms,breast_cancer,CHEMBL1289926,1.0,breast neoplasm
Breast Neoplasms,breast_cancer,CHEMBL1743082,4.0,breast neoplasm
Breast Neoplasms,breast_cancer,CHEMBL1201583,4.0,breast neoplasm
Breast Neoplasms,breast_cancer,CHEMBL1201577,2.0,breast neoplasm
Breast Neoplasms,breast_cancer,CHEMBL1201567,3.0,breast neoplasm
Breast Neoplasms,breast_cancer,CHEMBL1201558,1.0,breast neoplasm
Breast Neoplasms,breast_cancer,CHEMBL1201515,1.0,breast neoplasm
Breast Neoplasms,breast_cancer,CHEMBL1201576,2.0,breast neoplasm
Breast Neoplasms,breast_cancer,CHEMBL1201670,3.0,breast neoplasm
Breast Neoplasms,breast_cancer,CHEMBL1201320,1.0,breast neoplasm
Breast Neoplasms,breast_cancer,CHEMBL2109357,2.0,breast neoplasm
Breast Neoplasms,breast_cancer,CHEMBL2107816,2.0,breast neoplasm
Breast Neoplasms,breast_cancer,CHEMBL417,3.0,breast neoplasm
Breast Neoplasms,breast_cancer,CHEMBL481,3.0,breast neoplasm
Breast Neoplasms,breast_cancer,CHEMBL841,2.0,breast carcinoma
Breast Neoplasms,breast_cancer,CHEMBL655,2.0,breast neoplasm
Breast Neoplasms,breast_cancer,CHEMBL83,3.0,breast carcinoma
Breast Neoplasms,breast_cancer,CHEMBL469,3.0,breast neoplasm
Breast Neoplasms,breast_cancer,CHEMBL1655,3.0,breast neoplasm
Breast Neoplasms,breast_cancer,CHEMBL2017974,3.0,breast neoplasm
Breast Neoplasms,breast_cancer,CHEMBL2364628,1.0,breast carcinoma
Breast Neoplasms,breast_cancer,CHEMBL3039521,2.0,breast neoplasm
Breast Neoplasms,breast_cancer,CHEMBL2177390,3.0,breast neoplasm
Breast Neoplasms,breast_cancer,CHEMBL3137343,3.0,breast neoplasm
Breast Neoplasms,breast_cancer,CHEMBL3301610,4.0,breast neoplasm
Breast Neoplasms,breast_cancer,CHEMBL4285417,2.0,breast carcinoma
Breast Neoplasms,breast_cancer,CHEMBL483321,2.0,breast neoplasm
Breast Neoplasms,breast_cancer,CHEMBL3218576,2.0,breast carcinoma
Breast Neoplasms,breast_cancer,CHEMBL4297181,1.0,breast neoplasm
Breast Neoplasms,breast_cancer,CHEMBL5314386,0.5,breast carcinoma
Breast Neoplasms,breast_cancer,CHEMBL259084,1.0,breast neoplasm
Breast Neoplasms,breast_cancer,CHEMBL2396661,4.0,breast neoplasm
Breast Neoplasms,breast_cancer,CHEMBL105442,2.0,breast neoplasm
Breast Neoplasms,breast_cancer,CHEMBL3545097,2.0,breast neoplasm
Breast Neoplasms,breast_cancer,CHEMBL1234354,2.0,breast neoplasm
Breast Neoplasms,breast_cancer,CHEMBL1278146,2.0,breast neoplasm
Breast Neoplasms,breast_cancer,CHEMBL3545110,3.0,breast carcinoma
Breast Neoplasms,breast_cancer,CHEMBL3545110,3.0,breast neoplasm
Breast Neoplasms,breast_cancer,CHEMBL1770916,2.0,breast neoplasm
Breast Neoplasms,breast_cancer,CHEMBL3707227,4.0,breast neoplasm
Breast Neoplasms,breast_cancer,CHEMBL112302,2.0,breast neoplasm
Breast Neoplasms,breast_cancer,CHEMBL228814,2.0,breast neoplasm
Breast Neoplasms,breast_cancer,CHEMBL3989921,4.0,breast carcinoma
Breast Neoplasms,breast_cancer,CHEMBL1201529,4.0,breast carcinoma
Breast Neoplasms,breast_cancer,CHEMBL27759,3.0,breast neoplasm
Breast Neoplasms,breast_cancer,CHEMBL450449,2.0,breast neoplasm
Breast Neoplasms,breast_cancer,CHEMBL2354444,3.0,breast neoplasm
Breast Neoplasms,breast_cancer,CHEMBL226267,3.0,breast neoplasm
Breast Neoplasms,breast_cancer,CHEMBL113,2.0,breast carcinoma
Breast Neoplasms,breast_cancer,CHEMBL1622,2.0,breast carcinoma
Breast Neoplasms,breast_cancer,CHEMBL46,2.0,breast neoplasm
Breast Neoplasms,breast_cancer,CHEMBL38,3.0,breast neoplasm
Breast Neoplasms,breast_cancer,CHEMBL3989727,3.0,breast neoplasm
Breast Neoplasms,breast_cancer,CHEMBL1614707,1.0,breast neoplasm
Breast Neoplasms,breast_cancer,CHEMBL1201746,2.0,breast carcinoma
Breast Neoplasms,breast_cancer,CHEMBL1201568,3.0,breast neoplasm
Breast Neoplasms,breast_cancer,CHEMBL1189679,2.0,breast neoplasm
Breast Neoplasms,breast_cancer,CHEMBL2110563,2.0,breast carcinoma
Breast Neoplasms,breast_cancer,CHEMBL225072,2.0,breast neoplasm
Breast Neoplasms,breast_cancer,CHEMBL841,2.0,breast neoplasm
Breast Neoplasms,breast_cancer,CHEMBL314854,1.0,breast carcinoma
Breast Neoplasms,breast_cancer,CHEMBL3137318,4.0,breast carcinoma
Breast Neoplasms,breast_cancer,CHEMBL3137318,4.0,breast neoplasm
Breast Neoplasms,breast_cancer,CHEMBL3137309,2.0,breast neoplasm
Breast Neoplasms,breast_cancer,CHEMBL3187723,2.0,breast carcinoma
Breast Neoplasms,breast_cancer,CHEMBL4285417,2.0,breast neoplasm
Breast Neoplasms,breast_cancer,CHEMBL3545068,1.0,breast carcinoma
Breast Neoplasms,breast_cancer,CHEMBL4303201,2.0,breast neoplasm
Breast Neoplasms,breast_cancer,CHEMBL2408045,2.0,breast neoplasm
Breast Neoplasms,breast_cancer,CHEMBL3990016,1.0,breast neoplasm
Breast Neoplasms,breast_cancer,CHEMBL3990023,1.0,breast neoplasm
Breast Neoplasms,breast_cancer,CHEMBL592868,3.0,breast neoplasm
Breast Neoplasms,breast_cancer,CHEMBL275638,2.0,breast neoplasm
Breast Neoplasms,breast_cancer,CHEMBL4297280,2.0,breast neoplasm
Breast Neoplasms,breast_cancer,CHEMBL3644587,1.0,breast carcinoma
Breast Neoplasms,breast_cancer,CHEMBL2325741,4.0,breast neoplasm
Breast Neoplasms,breast_cancer,CHEMBL1235478,2.0,breast neoplasm
Breast Neoplasms,breast_cancer,CHEMBL4297844,4.0,breast neoplasm
Breast Neoplasms,breast_cancer,CHEMBL4297850,2.0,breast neoplasm
Breast Neoplasms,breast_cancer,CHEMBL5314418,2.0,breast neoplasm
Breast Neoplasms,breast_cancer,CHEMBL4297892,2.0,breast neoplasm
Breast Neoplasms,breast_cancer,CHEMBL4298101,2.0,breast neoplasm
Breast Neoplasms,breast_cancer,CHEMBL491473,2.0,breast cancer
Breast Neoplasms,breast_cancer,CHEMBL2219773,2.0,breast cancer
Breast Neoplasms,breast_cancer,CHEMBL415606,2.0,breast cancer
Breast Neoplasms,breast_cancer,CHEMBL2103811,2.0,breast cancer
Breast Neoplasms,breast_cancer,CHEMBL49642,1.0,breast cancer
Breast Neoplasms,breast_cancer,CHEMBL572881,1.0,breast cancer
Breast Neoplasms,breast_cancer,CHEMBL481611,3.0,breast cancer
Breast Neoplasms,breast_cancer,CHEMBL1336,3.0,breast cancer
Breast Neoplasms,breast_cancer,CHEMBL1200485,2.0,breast cancer
Breast Neoplasms,breast_cancer,CHEMBL1742982,2.0,breast cancer
Breast Neoplasms,breast_cancer,CHEMBL1835207,2.0,breast cancer
Breast Neoplasms,breast_cancer,CHEMBL1201834,1.0,breast cancer
Breast Neoplasms,breast_cancer,CHEMBL1743001,2.0,breast cancer
Breast Neoplasms,breast_cancer,CHEMBL27759,3.0,breast cancer
Breast Neoplasms,breast_cancer,CHEMBL1743019,2.0,breast cancer
Breast Neoplasms,breast_cancer,CHEMBL2107856,1.0,breast cancer
Breast Neoplasms,breast_cancer,CHEMBL2108702,2.0,breast cancer
Breast Neoplasms,breast_cancer,CHEMBL146032,2.0,breast cancer
Breast Neoplasms,breast_cancer,CHEMBL889,2.0,breast cancer
Breast Neoplasms,breast_cancer,CHEMBL1743062,3.0,breast cancer
Breast Neoplasms,breast_cancer,CHEMBL377559,2.0,breast cancer
Breast Neoplasms,breast_cancer,CHEMBL2304041,2.0,breast cancer
Breast Neoplasms,breast_cancer,CHEMBL1628688,2.0,breast cancer
Breast Neoplasms,breast_cancer,CHEMBL1743022,2.0,breast cancer
Breast Neoplasms,breast_cancer,CHEMBL2105661,2.0,breast cancer
Breast Neoplasms,breast_cancer,CHEMBL271227,3.0,breast cancer
Breast Neoplasms,breast_cancer,CHEMBL2103839,2.0,breast cancer
Breast Neoplasms,breast_cancer,CHEMBL2103840,1.0,breast cancer
Breast Neoplasms,breast_cancer,CHEMBL1230609,2.0,breast cancer
Breast Neoplasms,breast_cancer,CHEMBL2108707,1.0,breast cancer
Breast Neoplasms,breast_cancer,CHEMBL223360,2.0,breast cancer
Breast Neoplasms,breast_cancer,CHEMBL2107862,1.0,breast cancer
Breast Neoplasms,breast_cancer,CHEMBL1289494,1.0,breast cancer
Breast Neoplasms,breast_cancer,CHEMBL2103842,2.0,breast cancer
Breast Neoplasms,breast_cancer,CHEMBL506871,3.0,breast cancer
Breast Neoplasms,breast_cancer,CHEMBL260538,2.0,breast cancer
Breast Neoplasms,breast_cancer,CHEMBL2103844,2.0,breast cancer
Breast Neoplasms,breast_cancer,CHEMBL2105681,1.0,breast cancer
Breast Neoplasms,breast_cancer,CHEMBL1743006,2.0,breast cancer
Breast Neoplasms,breast_cancer,CHEMBL1614701,2.0,breast cancer
Breast Neoplasms,breast_cancer,CHEMBL1743079,2.0,breast cancer
Breast Neoplasms,breast_cancer,CHEMBL1201748,2.0,breast cancer
Breast Neoplasms,breast_cancer,CHEMBL286738,2.0,breast cancer
Breast Neoplasms,breast_cancer,CHEMBL2105694,2.0,breast cancer
Breast Neoplasms,breast_cancer,CHEMBL428690,1.0,breast cancer
Breast Neoplasms,breast_cancer,CHEMBL1289601,2.0,breast cancer
Breast Neoplasms,breast_cancer,CHEMBL1091644,2.0,breast cancer
Breast Neoplasms,breast_cancer,CHEMBL1173655,3.0,breast cancer
Breast Neoplasms,breast_cancer,CHEMBL2105717,2.0,breast cancer
Breast Neoplasms,breast_cancer,CHEMBL1173055,2.0,breast cancer
Breast Neoplasms,breast_cancer,CHEMBL1743024,2.0,breast cancer
Breast Neoplasms,breast_cancer,CHEMBL1743030,2.0,breast cancer
Breast Neoplasms,breast_cancer,CHEMBL1743051,2.0,breast cancer
Breast Neoplasms,breast_cancer,CHEMBL2108727,1.0,breast cancer
Breast Neoplasms,breast_cancer,CHEMBL2105734,2.0,breast cancer
Breast Neoplasms,breast_cancer,CHEMBL483158,2.0,breast cancer
Breast Neoplasms,breast_cancer,CHEMBL2103875,2.0,breast cancer
Breast Neoplasms,breast_cancer,CHEMBL2108568,2.0,breast cancer
Breast Neoplasms,breast_cancer,CHEMBL1921976,2.0,breast cancer
Breast Neoplasms,breast_cancer,CHEMBL2103879,2.0,breast cancer
Breast Neoplasms,breast_cancer,CHEMBL1094636,3.0,breast neoplasm
Breast Neoplasms,breast_cancer,CHEMBL1094636,3.0,breast cancer
Breast Neoplasms,breast_cancer,CHEMBL3349607,2.0,breast cancer
Breast Neoplasms,breast_cancer,CHEMBL1098,3.0,breast cancer
Breast Neoplasms,breast_cancer,CHEMBL3545432,1.0,breast cancer
Breast Neoplasms,breast_cancer,CHEMBL483254,2.0,breast cancer
Breast Neoplasms,breast_cancer,CHEMBL521851,2.0,breast cancer
Breast Neoplasms,breast_cancer,CHEMBL2105756,2.0,breast cancer
Breast Neoplasms,breast_cancer,CHEMBL1738889,3.0,breast cancer
Breast Neoplasms,breast_cancer,CHEMBL1873475,1.0,breast cancer
Breast Neoplasms,breast_cancer,CHEMBL2108738,3.0,breast cancer
Breast Neoplasms,breast_cancer,CHEMBL1201225,2.0,breast cancer
Breast Neoplasms,breast_cancer,CHEMBL1908360,4.0,breast cancer
Breast Neoplasms,breast_cancer,CHEMBL1908373,1.0,breast cancer
Breast Neoplasms,breast_cancer,CHEMBL2103774,3.0,breast cancer
Breast Neoplasms,breast_cancer,CHEMBL480,3.0,breast cancer
Breast Neoplasms,breast_cancer,CHEMBL77305,2.0,breast cancer
Breast Neoplasms,breast_cancer,CHEMBL493287,2.0,breast cancer
Breast Neoplasms,breast_cancer,CHEMBL1200711,2.0,breast cancer
Breast Neoplasms,breast_cancer,CHEMBL1201334,3.0,breast cancer
Breast Neoplasms,breast_cancer,CHEMBL1200981,4.0,breast cancer
Breast Neoplasms,breast_cancer,CHEMBL5314346,2.0,breast cancer
Breast Neoplasms,breast_cancer,CHEMBL1201179,4.0,breast cancer
Breast Neoplasms,breast_cancer,CHEMBL2110725,3.0,breast cancer
Breast Neoplasms,breast_cancer,CHEMBL1520188,3.0,breast cancer
Breast Neoplasms,breast_cancer,CHEMBL11359,3.0,breast cancer
Breast Neoplasms,breast_cancer,CHEMBL1006,2.0,breast cancer
Breast Neoplasms,breast_cancer,CHEMBL1014,3.0,breast cancer
Breast Neoplasms,breast_cancer,CHEMBL1642,2.0,breast cancer
Breast Neoplasms,breast_cancer,CHEMBL3989514,2.0,breast cancer
Breast Neoplasms,breast_cancer,CHEMBL539378,2.0,breast cancer
Breast Neoplasms,breast_cancer,CHEMBL71595,2.0,breast cancer
Breast Neoplasms,breast_cancer,CHEMBL3545252,4.0,breast cancer
Breast Neoplasms,breast_cancer,CHEMBL1751,2.0,breast cancer
Breast Neoplasms,breast_cancer,CHEMBL1200480,3.0,breast cancer
Breast Neoplasms,breast_cancer,CHEMBL1358,4.0,breast cancer
Breast Neoplasms,breast_cancer,CHEMBL348475,1.0,breast cancer
Breast Neoplasms,breast_cancer,CHEMBL1234886,2.0,breast cancer
Breast Neoplasms,breast_cancer,CHEMBL679,2.0,breast cancer
Breast Neoplasms,breast_cancer,CHEMBL413,3.0,breast cancer
Breast Neoplasms,breast_cancer,CHEMBL1059,3.0,breast cancer
Breast Neoplasms,breast_cancer,CHEMBL160,3.0,breast cancer
Breast Neoplasms,breast_cancer,CHEMBL964,2.0,breast cancer
Breast Neoplasms,breast_cancer,CHEMBL566,3.0,breast cancer
Breast Neoplasms,breast_cancer,CHEMBL1086218,2.0,breast cancer
Breast Neoplasms,breast_cancer,CHEMBL1200554,2.0,breast cancer
Breast Neoplasms,breast_cancer,CHEMBL671,3.0,breast cancer
Breast Neoplasms,breast_cancer,CHEMBL454801,1.0,breast cancer
Breast Neoplasms,breast_cancer,CHEMBL538943,3.0,breast cancer
Breast Neoplasms,breast_cancer,CHEMBL44657,3.0,breast cancer
Breast Neoplasms,breast_cancer,CHEMBL1643,1.0,breast cancer
Breast Neoplasms,breast_cancer,CHEMBL1431,2.0,breast cancer
Breast Neoplasms,breast_cancer,CHEMBL1200775,3.0,breast cancer
Breast Neoplasms,breast_cancer,CHEMBL413376,1.0,breast cancer
Breast Neoplasms,breast_cancer,CHEMBL1372,2.0,breast cancer
Breast Neoplasms,breast_cancer,CHEMBL428647,4.0,breast cancer
Breast Neoplasms,breast_cancer,CHEMBL1200675,4.0,breast cancer
Breast Neoplasms,breast_cancer,CHEMBL705,1.0,breast cancer
Breast Neoplasms,breast_cancer,CHEMBL487253,2.0,breast cancer
Breast Neoplasms,breast_cancer,CHEMBL675,3.0,breast cancer
Breast Neoplasms,breast_cancer,CHEMBL118,3.0,breast cancer
Breast Neoplasms,breast_cancer,CHEMBL226267,3.0,breast cancer
Breast Neoplasms,breast_cancer,CHEMBL196,1.0,breast cancer
Breast Neoplasms,breast_cancer,CHEMBL488,3.0,breast cancer
Breast Neoplasms,breast_cancer,CHEMBL112,2.0,breast cancer
Breast Neoplasms,breast_cancer,CHEMBL1399,4.0,breast cancer
Breast Neoplasms,breast_cancer,CHEMBL428676,2.0,breast cancer
Breast Neoplasms,breast_cancer,CHEMBL1753,3.0,breast cancer
Breast Neoplasms,breast_cancer,CHEMBL723,2.0,breast cancer
Breast Neoplasms,breast_cancer,CHEMBL1042,3.0,breast cancer
Breast Neoplasms,breast_cancer,CHEMBL5483015,2.0,breast cancer
Breast Neoplasms,breast_cancer,CHEMBL25,3.0,breast cancer
Breast Neoplasms,breast_cancer,CHEMBL803,3.0,breast cancer
Breast Neoplasms,breast_cancer,CHEMBL517712,2.0,breast cancer
Breast Neoplasms,breast_cancer,CHEMBL409,3.0,breast cancer
Breast Neoplasms,breast_cancer,CHEMBL820,3.0,breast cancer
Breast Neoplasms,breast_cancer,CHEMBL1370,2.0,breast cancer
Breast Neoplasms,breast_cancer,CHEMBL355200,2.0,breast cancer
Breast Neoplasms,breast_cancer,CHEMBL1095097,2.0,breast cancer
Breast Neoplasms,breast_cancer,CHEMBL1201087,0.5,breast cancer
Breast Neoplasms,breast_cancer,CHEMBL294199,3.0,breast cancer
Breast Neoplasms,breast_cancer,CHEMBL1575,2.0,breast cancer
Breast Neoplasms,breast_cancer,CHEMBL56337,2.0,breast cancer
Breast Neoplasms,breast_cancer,CHEMBL384467,3.0,breast cancer
Breast Neoplasms,breast_cancer,CHEMBL1200374,4.0,breast cancer
Breast Neoplasms,breast_cancer,CHEMBL997,3.0,breast cancer
Breast Neoplasms,breast_cancer,CHEMBL460026,2.0,breast cancer
Breast Neoplasms,breast_cancer,CHEMBL135,4.0,breast cancer
Breast Neoplasms,breast_cancer,CHEMBL53463,3.0,breast cancer
Breast Neoplasms,breast_cancer,CHEMBL2030434,2.0,breast cancer
Breast Neoplasms,breast_cancer,CHEMBL1096882,2.0,breast cancer
Breast Neoplasms,breast_cancer,CHEMBL1282,2.0,breast cancer
Breast Neoplasms,breast_cancer,CHEMBL1024,2.0,breast cancer
Breast Neoplasms,breast_cancer,CHEMBL1646,2.0,breast cancer
Breast Neoplasms,breast_cancer,CHEMBL1444,4.0,breast cancer
Breast Neoplasms,breast_cancer,CHEMBL1201138,2.0,breast cancer
Breast Neoplasms,breast_cancer,CHEMBL328190,3.0,breast cancer
Breast Neoplasms,breast_cancer,CHEMBL1201752,4.0,breast cancer
Breast Neoplasms,breast_cancer,CHEMBL185,3.0,breast cancer
Breast Neoplasms,breast_cancer,CHEMBL18901,3.0,breast cancer
Breast Neoplasms,breast_cancer,CHEMBL1543,2.0,breast cancer
Breast Neoplasms,breast_cancer,CHEMBL118218,2.0,breast cancer
Breast Neoplasms,breast_cancer,CHEMBL1200859,3.0,breast cancer
Breast Neoplasms,breast_cancer,CHEMBL2218894,2.0,breast cancer
Breast Neoplasms,breast_cancer,CHEMBL998,2.0,breast cancer
Breast Neoplasms,breast_cancer,CHEMBL1200511,3.0,breast cancer
Breast Neoplasms,breast_cancer,CHEMBL19019,2.0,breast cancer
Breast Neoplasms,breast_cancer,CHEMBL32,3.0,breast cancer
Breast Neoplasms,breast_cancer,CHEMBL1201247,3.0,breast cancer
Breast Neoplasms,breast_cancer,CHEMBL1637,4.0,breast cancer
Breast Neoplasms,breast_cancer,CHEMBL1057,1.0,breast cancer
Breast Neoplasms,breast_cancer,CHEMBL503,2.0,breast cancer
Breast Neoplasms,breast_cancer,CHEMBL1201146,3.0,breast cancer
Breast Neoplasms,breast_cancer,CHEMBL279785,3.0,breast cancer
Breast Neoplasms,breast_cancer,CHEMBL56367,2.0,breast cancer
Breast Neoplasms,breast_cancer,CHEMBL1201139,3.0,breast cancer
Breast Neoplasms,breast_cancer,CHEMBL13,3.0,breast cancer
Breast Neoplasms,breast_cancer,CHEMBL852,3.0,breast cancer
Breast Neoplasms,breast_cancer,CHEMBL1703,3.0,breast cancer
Breast Neoplasms,breast_cancer,CHEMBL34259,4.0,breast cancer
Breast Neoplasms,breast_cancer,CHEMBL975,3.0,breast cancer
Breast Neoplasms,breast_cancer,CHEMBL650,2.0,breast cancer
Breast Neoplasms,breast_cancer,CHEMBL1417019,3.0,breast cancer
Breast Neoplasms,breast_cancer,CHEMBL105,3.0,breast cancer
Breast Neoplasms,breast_cancer,CHEMBL44426,2.0,breast cancer
Breast Neoplasms,breast_cancer,CHEMBL181932,2.0,breast cancer
Breast Neoplasms,breast_cancer,CHEMBL90593,3.0,breast cancer
Breast Neoplasms,breast_cancer,CHEMBL1276308,3.0,breast cancer
Breast Neoplasms,breast_cancer,CHEMBL46,2.0,breast cancer
Breast Neoplasms,breast_cancer,CHEMBL372764,2.0,breast cancer
Breast Neoplasms,breast_cancer,CHEMBL3989401,2.0,breast cancer
Breast Neoplasms,breast_cancer,CHEMBL76222,2.0,breast cancer
Breast Neoplasms,breast_cancer,CHEMBL1200622,1.0,breast cancer
Breast Neoplasms,breast_cancer,CHEMBL635,3.0,breast cancer
Breast Neoplasms,breast_cancer,CHEMBL20883,3.0,breast cancer
Breast Neoplasms,breast_cancer,CHEMBL810,2.0,breast cancer
Breast Neoplasms,breast_cancer,CHEMBL414804,2.0,breast cancer
Breast Neoplasms,breast_cancer,CHEMBL468,2.0,breast cancer
Breast Neoplasms,breast_cancer,CHEMBL26424,2.0,breast cancer
Breast Neoplasms,breast_cancer,CHEMBL1077896,3.0,breast cancer
Breast Neoplasms,breast_cancer,CHEMBL1200694,2.0,breast cancer
Breast Neoplasms,breast_cancer,CHEMBL1796998,3.0,breast cancer
Breast Neoplasms,breast_cancer,CHEMBL15770,2.0,breast cancer
Breast Neoplasms,breast_cancer,CHEMBL4303669,3.0,breast cancer
Breast Neoplasms,breast_cancer,CHEMBL1607,2.0,breast cancer
Breast Neoplasms,breast_cancer,CHEMBL367149,2.0,breast cancer
Breast Neoplasms,breast_cancer,CHEMBL940,2.0,breast cancer
Breast Neoplasms,breast_cancer,CHEMBL79,3.0,breast cancer
Breast Neoplasms,breast_cancer,CHEMBL1445,2.0,breast cancer
Breast Neoplasms,breast_cancer,CHEMBL1536,3.0,breast cancer
Breast Neoplasms,breast_cancer,CHEMBL1201066,3.0,breast cancer
Breast Neoplasms,breast_cancer,CHEMBL101253,2.0,breast cancer
Breast Neoplasms,breast_cancer,CHEMBL6,1.0,breast cancer
Breast Neoplasms,breast_cancer,CHEMBL289228,2.0,breast cancer
Breast Neoplasms,breast_cancer,CHEMBL603,2.0,breast cancer
Breast Neoplasms,breast_cancer,CHEMBL513,3.0,breast cancer
Breast Neoplasms,breast_cancer,CHEMBL1351,3.0,breast cancer
Breast Neoplasms,breast_cancer,CHEMBL1620,2.0,breast cancer
Breast Neoplasms,breast_cancer,CHEMBL8,3.0,breast cancer
Breast Neoplasms,breast_cancer,CHEMBL2360464,2.0,breast cancer
Breast Neoplasms,breast_cancer,CHEMBL109,2.0,breast cancer
Breast Neoplasms,breast_cancer,CHEMBL76,2.0,breast cancer
Breast Neoplasms,breast_cancer,CHEMBL1129,2.0,breast cancer
Breast Neoplasms,breast_cancer,CHEMBL3989727,3.0,breast cancer
Breast Neoplasms,breast_cancer,CHEMBL1023,2.0,breast cancer
Breast Neoplasms,breast_cancer,CHEMBL476,1.0,breast cancer
Breast Neoplasms,breast_cancer,CHEMBL846,2.0,breast cancer
Breast Neoplasms,breast_cancer,CHEMBL1200796,4.0,breast cancer
Breast Neoplasms,breast_cancer,CHEMBL930,2.0,breast cancer
Breast Neoplasms,breast_cancer,CHEMBL744,1.0,breast cancer
Breast Neoplasms,breast_cancer,CHEMBL359744,4.0,breast cancer
Breast Neoplasms,breast_cancer,CHEMBL1200895,1.0,breast cancer
Breast Neoplasms,breast_cancer,CHEMBL600,1.0,breast cancer
Breast Neoplasms,breast_cancer,CHEMBL154,2.0,breast cancer
Breast Neoplasms,breast_cancer,CHEMBL1489,2.0,breast cancer
Breast Neoplasms,breast_cancer,CHEMBL1079742,2.0,breast cancer
Breast Neoplasms,breast_cancer,CHEMBL1730601,2.0,breast cancer
Breast Neoplasms,breast_cancer,CHEMBL1200721,2.0,breast cancer
Breast Neoplasms,breast_cancer,CHEMBL1201129,2.0,breast cancer
Breast Neoplasms,breast_cancer,CHEMBL1200735,2.0,breast cancer
Breast Neoplasms,breast_cancer,CHEMBL778,3.0,breast cancer
Breast Neoplasms,breast_cancer,CHEMBL1161,3.0,breast cancer
Breast Neoplasms,breast_cancer,CHEMBL691,3.0,breast cancer
Breast Neoplasms,breast_cancer,CHEMBL1773,4.0,breast cancer
Breast Neoplasms,breast_cancer,CHEMBL298734,2.0,breast cancer
Breast Neoplasms,breast_cancer,CHEMBL939,3.0,breast cancer
Breast Neoplasms,breast_cancer,CHEMBL1503,2.0,breast cancer
Breast Neoplasms,breast_cancer,CHEMBL888,3.0,breast cancer
Breast Neoplasms,breast_cancer,CHEMBL1790041,2.0,breast cancer
Breast Neoplasms,breast_cancer,CHEMBL131,2.0,breast cancer
Breast Neoplasms,breast_cancer,CHEMBL1116,4.0,breast cancer
Breast Neoplasms,breast_cancer,CHEMBL521,3.0,breast cancer
Breast Neoplasms,breast_cancer,CHEMBL786,4.0,breast cancer
Breast Neoplasms,breast_cancer,CHEMBL276711,1.0,breast cancer
Breast Neoplasms,breast_cancer,CHEMBL1330596,2.0,breast cancer
Breast Neoplasms,breast_cancer,CHEMBL3989569,4.0,breast cancer
Breast Neoplasms,breast_cancer,CHEMBL103,3.0,breast cancer
Breast Neoplasms,breast_cancer,CHEMBL960,1.0,breast cancer
Breast Neoplasms,breast_cancer,CHEMBL157101,2.0,breast cancer
Breast Neoplasms,breast_cancer,CHEMBL1200574,3.0,breast cancer
Breast Neoplasms,breast_cancer,CHEMBL834,2.0,breast cancer
Breast Neoplasms,breast_cancer,CHEMBL7301,3.0,breast cancer
Breast Neoplasms,breast_cancer,CHEMBL1064,2.0,breast cancer
Breast Neoplasms,breast_cancer,CHEMBL1201438,3.0,breast cancer
Breast Neoplasms,breast_cancer,CHEMBL2108905,1.0,breast cancer
Breast Neoplasms,breast_cancer,CHEMBL2108906,3.0,breast cancer
Breast Neoplasms,breast_cancer,CHEMBL2109059,2.0,breast cancer
Breast Neoplasms,breast_cancer,CHEMBL2108390,3.0,breast cancer
Breast Neoplasms,breast_cancer,CHEMBL2007641,4.0,breast cancer
Breast Neoplasms,breast_cancer,CHEMBL2107881,2.0,breast cancer
Breast Neoplasms,breast_cancer,CHEMBL2108102,3.0,breast cancer
Breast Neoplasms,breast_cancer,CHEMBL2108113,3.0,breast cancer
Breast Neoplasms,breast_cancer,CHEMBL2105834,3.0,breast cancer
Breast Neoplasms,breast_cancer,CHEMBL2105949,2.0,breast cancer
Breast Neoplasms,breast_cancer,CHEMBL2105965,2.0,breast cancer
Breast Neoplasms,breast_cancer,CHEMBL2105987,3.0,breast cancer
Breast Neoplasms,breast_cancer,CHEMBL2108184,2.0,breast cancer
Breast Neoplasms,breast_cancer,CHEMBL1201564,3.0,breast cancer
Breast Neoplasms,breast_cancer,CHEMBL2108501,1.0,breast cancer
Breast Neoplasms,breast_cancer,CHEMBL2108506,1.0,breast cancer
Breast Neoplasms,breast_cancer,CHEMBL2109229,1.0,breast cancer
Breast Neoplasms,breast_cancer,CHEMBL3989759,2.0,breast cancer
Breast Neoplasms,breast_cancer,CHEMBL3544907,1.0,breast cancer
Breast Neoplasms,breast_cancer,CHEMBL3833367,2.0,breast cancer
Breast Neoplasms,breast_cancer,CHEMBL4594234,2.0,breast cancer
Breast Neoplasms,breast_cancer,CHEMBL2107357,2.0,breast cancer
Breast Neoplasms,breast_cancer,CHEMBL191413,2.0,breast cancer
Breast Neoplasms,breast_cancer,CHEMBL94657,2.0,breast cancer
Breast Neoplasms,breast_cancer,CHEMBL2107787,3.0,breast cancer
Breast Neoplasms,breast_cancer,CHEMBL256147,1.0,breast cancer
Breast Neoplasms,breast_cancer,CHEMBL2108585,2.0,breast cancer
Breast Neoplasms,breast_cancer,CHEMBL2108029,2.0,breast cancer
Breast Neoplasms,breast_cancer,CHEMBL2108609,2.0,breast cancer
Breast Neoplasms,breast_cancer,CHEMBL2108628,2.0,breast cancer
Breast Neoplasms,breast_cancer,CHEMBL2108658,2.0,breast cancer
Breast Neoplasms,breast_cancer,CHEMBL98,2.0,breast cancer
Breast Neoplasms,breast_cancer,CHEMBL535,3.0,breast cancer
Breast Neoplasms,breast_cancer,CHEMBL14762,1.0,breast cancer
Breast Neoplasms,breast_cancer,CHEMBL596,2.0,breast cancer
Breast Neoplasms,breast_cancer,CHEMBL24828,2.0,breast cancer
Breast Neoplasms,breast_cancer,CHEMBL288441,2.0,breast cancer
Breast Neoplasms,breast_cancer,CHEMBL109480,2.0,breast cancer
Breast Neoplasms,breast_cancer,CHEMBL180022,3.0,breast cancer
Breast Neoplasms,breast_cancer,CHEMBL1421,2.0,breast cancer
Breast Neoplasms,breast_cancer,CHEMBL255863,1.0,breast cancer
Breast Neoplasms,breast_cancer,CHEMBL361497,1.0,breast cancer
Breast Neoplasms,breast_cancer,CHEMBL473417,2.0,breast cancer
Breast Neoplasms,breast_cancer,CHEMBL435191,2.0,breast cancer
Breast Neoplasms,breast_cancer,CHEMBL544665,1.0,breast carcinoma
Breast Neoplasms,breast_cancer,CHEMBL601719,1.0,breast cancer
Breast Neoplasms,breast_cancer,CHEMBL1170047,3.0,breast cancer
Breast Neoplasms,breast_cancer,CHEMBL1201182,3.0,breast cancer
Breast Neoplasms,breast_cancer,CHEMBL1201733,2.0,breast cancer
Breast Neoplasms,breast_cancer,CHEMBL1683544,4.0,breast cancer
Breast Neoplasms,breast_cancer,CHEMBL1789941,2.0,breast cancer
Breast Neoplasms,breast_cancer,CHEMBL1201568,3.0,breast cancer
Breast Neoplasms,breast_cancer,CHEMBL1201560,2.0,breast cancer
Breast Neoplasms,breast_cancer,CHEMBL1201827,2.0,breast cancer
Breast Neoplasms,breast_cancer,CHEMBL1237022,2.0,breast cancer
Breast Neoplasms,breast_cancer,CHEMBL1237023,4.0,breast cancer
Breast Neoplasms,breast_cancer,CHEMBL1742989,2.0,breast cancer
Breast Neoplasms,breast_cancer,CHEMBL1743028,2.0,breast cancer
Breast Neoplasms,breast_cancer,CHEMBL1743082,4.0,breast cancer
Breast Neoplasms,breast_cancer,CHEMBL1789844,2.0,breast cancer
Breast Neoplasms,breast_cancer,CHEMBL1201570,1.0,breast cancer
Breast Neoplasms,breast_cancer,CHEMBL1201619,1.0,breast cancer
Breast Neoplasms,breast_cancer,CHEMBL1201583,4.0,breast cancer
Breast Neoplasms,breast_cancer,CHEMBL1201577,2.0,breast cancer
Breast Neoplasms,breast_cancer,CHEMBL1201474,2.0,breast cancer
Breast Neoplasms,breast_cancer,CHEMBL1201460,3.0,breast cancer
Breast Neoplasms,breast_cancer,CHEMBL1201566,3.0,breast cancer
Breast Neoplasms,breast_cancer,CHEMBL1201565,3.0,breast cancer
Breast Neoplasms,breast_cancer,CHEMBL1201649,4.0,breast neoplasm
Breast Neoplasms,breast_cancer,CHEMBL1201649,4.0,breast cancer
Breast Neoplasms,breast_cancer,CHEMBL1201468,4.0,breast cancer
Breast Neoplasms,breast_cancer,CHEMBL1201567,3.0,breast cancer
Breast Neoplasms,breast_cancer,CHEMBL1201509,3.0,breast cancer
Breast Neoplasms,breast_cancer,CHEMBL1201558,1.0,breast cancer
Breast Neoplasms,breast_cancer,CHEMBL1201670,3.0,breast cancer
Breast Neoplasms,breast_cancer,CHEMBL1201585,4.0,breast cancer
Breast Neoplasms,breast_cancer,CHEMBL2109428,1.0,breast cancer
Breast Neoplasms,breast_cancer,CHEMBL2109502,2.0,breast cancer
Breast Neoplasms,breast_cancer,CHEMBL2109503,1.0,breast cancer
Breast Neoplasms,breast_cancer,CHEMBL2109523,1.0,breast cancer
Breast Neoplasms,breast_cancer,CHEMBL2109506,2.0,breast cancer
Breast Neoplasms,breast_cancer,CHEMBL2109583,1.0,breast cancer
Breast Neoplasms,breast_cancer,CHEMBL2109477,1.0,breast cancer
Breast Neoplasms,breast_cancer,CHEMBL2109321,1.0,breast cancer
Breast Neoplasms,breast_cancer,CHEMBL2109343,1.0,breast neoplasm
Breast Neoplasms,breast_cancer,CHEMBL2109562,1.0,breast cancer
Breast Neoplasms,breast_cancer,CHEMBL2108359,2.0,breast cancer
Breast Neoplasms,breast_cancer,CHEMBL2109637,2.0,breast cancer
Breast Neoplasms,breast_cancer,CHEMBL2107827,2.0,breast cancer
Breast Neoplasms,breast_cancer,CHEMBL2107832,1.0,breast cancer
Breast Neoplasms,breast_cancer,CHEMBL522892,2.0,breast cancer
Breast Neoplasms,breast_cancer,CHEMBL2110587,2.0,breast cancer
Breast Neoplasms,breast_cancer,CHEMBL1491,1.0,breast cancer
Breast Neoplasms,breast_cancer,CHEMBL1208422,1.0,breast cancer
Breast Neoplasms,breast_cancer,CHEMBL1535,2.0,breast cancer
Breast Neoplasms,breast_cancer,CHEMBL225072,2.0,breast cancer
Breast Neoplasms,breast_cancer,CHEMBL1487,3.0,breast cancer
Breast Neoplasms,breast_cancer,CHEMBL276832,2.0,breast cancer
Breast Neoplasms,breast_cancer,CHEMBL417,3.0,breast cancer
Breast Neoplasms,breast_cancer,CHEMBL1496,2.0,breast cancer
Breast Neoplasms,breast_cancer,CHEMBL554,3.0,breast cancer
Breast Neoplasms,breast_cancer,CHEMBL941,2.0,breast cancer
Breast Neoplasms,breast_cancer,CHEMBL481,3.0,breast cancer
Breast Neoplasms,breast_cancer,CHEMBL553025,3.0,breast cancer
Breast Neoplasms,breast_cancer,CHEMBL1429,2.0,breast cancer
Breast Neoplasms,breast_cancer,CHEMBL1007,2.0,breast cancer
Breast Neoplasms,breast_cancer,CHEMBL383824,2.0,breast cancer
Breast Neoplasms,breast_cancer,CHEMBL742,2.0,breast cancer
Breast Neoplasms,breast_cancer,CHEMBL11,0.5,breast cancer
Breast Neoplasms,breast_cancer,CHEMBL1237,2.0,breast cancer
Breast Neoplasms,breast_cancer,CHEMBL1201199,3.0,breast cancer
Breast Neoplasms,breast_cancer,CHEMBL1628227,2.0,breast cancer
Breast Neoplasms,breast_cancer,CHEMBL1544,2.0,breast cancer
Breast Neoplasms,breast_cancer,CHEMBL278020,2.0,breast cancer
Breast Neoplasms,breast_cancer,CHEMBL1144,2.0,breast cancer
Breast Neoplasms,breast_cancer,CHEMBL121,1.0,breast cancer
Breast Neoplasms,breast_cancer,CHEMBL553,2.0,breast cancer
Breast Neoplasms,breast_cancer,CHEMBL841,2.0,breast cancer
Breast Neoplasms,breast_cancer,CHEMBL655,2.0,breast cancer
Breast Neoplasms,breast_cancer,CHEMBL27,2.0,breast cancer
Breast Neoplasms,breast_cancer,CHEMBL81,3.0,breast cancer
Breast Neoplasms,breast_cancer,CHEMBL83,3.0,breast cancer
Breast Neoplasms,breast_cancer,CHEMBL46740,2.0,breast cancer
Breast Neoplasms,breast_cancer,CHEMBL300138,2.0,breast cancer
Breast Neoplasms,breast_cancer,CHEMBL1186894,2.0,breast cancer
Breast Neoplasms,breast_cancer,CHEMBL477772,2.0,breast cancer
Breast Neoplasms,breast_cancer,CHEMBL1655,3.0,breast cancer
Breast Neoplasms,breast_cancer,CHEMBL1683590,3.0,breast cancer
Breast Neoplasms,breast_cancer,CHEMBL2111187,2.0,breast cancer
Breast Neoplasms,breast_cancer,CHEMBL2109355,2.0,breast cancer
Breast Neoplasms,breast_cancer,CHEMBL1237044,2.0,breast cancer
Breast Neoplasms,breast_cancer,CHEMBL6067485,3.0,breast cancer
Breast Neoplasms,breast_cancer,CHEMBL1200496,3.0,breast neoplasm
Breast Neoplasms,breast_cancer,CHEMBL1200496,3.0,breast cancer
Breast Neoplasms,breast_cancer,CHEMBL55643,2.0,breast cancer
Breast Neoplasms,breast_cancer,CHEMBL1200475,1.0,breast cancer
Breast Neoplasms,breast_cancer,CHEMBL1200778,4.0,breast cancer
Breast Neoplasms,breast_cancer,CHEMBL1201180,0.5,breast cancer
Breast Neoplasms,breast_cancer,CHEMBL1082407,3.0,breast cancer
Breast Neoplasms,breast_cancer,CHEMBL1200501,4.0,breast cancer
Breast Neoplasms,breast_cancer,CHEMBL1201740,1.0,breast cancer
Breast Neoplasms,breast_cancer,CHEMBL1567,3.0,breast cancer
Breast Neoplasms,breast_cancer,CHEMBL2017974,3.0,breast cancer
Breast Neoplasms,breast_cancer,CHEMBL2146883,2.0,breast cancer
Breast Neoplasms,breast_cancer,CHEMBL189963,4.0,breast cancer
Breast Neoplasms,breast_cancer,CHEMBL2364626,2.0,breast cancer
Breast Neoplasms,breast_cancer,CHEMBL2364649,4.0,breast cancer
Breast Neoplasms,breast_cancer,CHEMBL2364652,1.0,breast cancer
Breast Neoplasms,breast_cancer,CHEMBL502835,2.0,breast cancer
Breast Neoplasms,breast_cancer,CHEMBL3039558,3.0,breast cancer
Breast Neoplasms,breast_cancer,CHEMBL1922094,2.0,breast cancer
Breast Neoplasms,breast_cancer,CHEMBL1879463,2.0,breast cancer
Breast Neoplasms,breast_cancer,CHEMBL2177390,3.0,breast cancer
Breast Neoplasms,breast_cancer,CHEMBL3039523,1.0,breast cancer
Breast Neoplasms,breast_cancer,CHEMBL3039544,3.0,breast cancer
Breast Neoplasms,breast_cancer,CHEMBL592445,3.0,breast cancer
Breast Neoplasms,breast_cancer,CHEMBL571209,2.0,breast cancer
Breast Neoplasms,breast_cancer,CHEMBL252164,1.0,breast cancer
Breast Neoplasms,breast_cancer,CHEMBL521686,4.0,breast cancer
Breast Neoplasms,breast_cancer,CHEMBL3137320,3.0,breast cancer
Breast Neoplasms,breast_cancer,CHEMBL235668,2.0,breast cancer
Breast Neoplasms,breast_cancer,CHEMBL3137309,2.0,breast cancer
Breast Neoplasms,breast_cancer,CHEMBL3137343,3.0,breast cancer
Breast Neoplasms,breast_cancer,CHEMBL3137346,1.0,breast cancer
Breast Neoplasms,breast_cancer,CHEMBL3301610,4.0,breast cancer
Breast Neoplasms,breast_cancer,CHEMBL1214827,1.0,breast cancer
Breast Neoplasms,breast_cancer,CHEMBL2387080,3.0,breast cancer
Breast Neoplasms,breast_cancer,CHEMBL3301587,3.0,breast cancer
Breast Neoplasms,breast_cancer,CHEMBL4285417,2.0,breast cancer
Breast Neoplasms,breast_cancer,CHEMBL3408248,1.0,breast cancer
Breast Neoplasms,breast_cancer,CHEMBL483321,2.0,breast cancer
Breast Neoplasms,breast_cancer,CHEMBL598797,1.0,breast cancer
Breast Neoplasms,breast_cancer,CHEMBL2105737,2.0,breast cancer
Breast Neoplasms,breast_cancer,CHEMBL3545069,2.0,breast cancer
Breast Neoplasms,breast_cancer,CHEMBL3545132,1.0,breast cancer
Breast Neoplasms,breast_cancer,CHEMBL3360203,1.0,breast cancer
Breast Neoplasms,breast_cancer,CHEMBL3545071,2.0,breast cancer
Breast Neoplasms,breast_cancer,CHEMBL3545366,1.0,breast cancer
Breast Neoplasms,breast_cancer,CHEMBL3545307,1.0,breast cancer
Breast Neoplasms,breast_cancer,CHEMBL3544983,1.0,breast cancer
Breast Neoplasms,breast_cancer,CHEMBL3545262,4.0,breast cancer
Breast Neoplasms,breast_cancer,CHEMBL2402737,1.0,breast cancer
Breast Neoplasms,breast_cancer,CHEMBL3545185,2.0,breast cancer
Breast Neoplasms,breast_cancer,CHEMBL3218576,2.0,breast cancer
Breast Neoplasms,breast_cancer,CHEMBL2220486,2.0,breast cancer
Breast Neoplasms,breast_cancer,CHEMBL3544911,2.0,breast cancer
Breast Neoplasms,breast_cancer,CHEMBL4297181,1.0,breast cancer
Breast Neoplasms,breast_cancer,CHEMBL3989868,4.0,HER2 Positive Breast Carcinoma
Breast Neoplasms,breast_cancer,CHEMBL3989868,4.0,breast cancer
Breast Neoplasms,breast_cancer,CHEMBL3813842,2.0,breast cancer
Breast Neoplasms,breast_cancer,CHEMBL3545210,2.0,breast cancer
Breast Neoplasms,breast_cancer,CHEMBL3581693,2.0,breast cancer
Breast Neoplasms,breast_cancer,CHEMBL198877,0.5,breast cancer
Breast Neoplasms,breast_cancer,CHEMBL4303201,2.0,breast cancer
Breast Neoplasms,breast_cancer,CHEMBL1976040,2.0,breast cancer
Breast Neoplasms,breast_cancer,CHEMBL2408045,2.0,breast cancer
Breast Neoplasms,breast_cancer,CHEMBL3545096,1.0,breast cancer
Breast Neoplasms,breast_cancer,CHEMBL3545396,2.0,breast cancer
Breast Neoplasms,breast_cancer,CHEMBL575448,2.0,breast cancer
Breast Neoplasms,breast_cancer,CHEMBL2396661,4.0,breast cancer
Breast Neoplasms,breast_cancer,CHEMBL3586404,1.0,breast cancer
Breast Neoplasms,breast_cancer,CHEMBL105442,2.0,breast cancer
Breast Neoplasms,breast_cancer,CHEMBL482968,2.0,breast cancer
Breast Neoplasms,breast_cancer,CHEMBL52885,2.0,breast cancer
Breast Neoplasms,breast_cancer,CHEMBL3545154,2.0,breast cancer
Breast Neoplasms,breast_cancer,CHEMBL5283463,1.0,breast cancer
Breast Neoplasms,breast_cancer,CHEMBL1079175,2.0,breast cancer
Breast Neoplasms,breast_cancer,CHEMBL3545097,2.0,breast cancer
Breast Neoplasms,breast_cancer,CHEMBL1234354,2.0,breast cancer
Breast Neoplasms,breast_cancer,CHEMBL3813873,2.0,breast cancer
Breast Neoplasms,breast_cancer,CHEMBL574737,1.0,breast cancer
Breast Neoplasms,breast_cancer,CHEMBL3188267,1.0,breast cancer
Breast Neoplasms,breast_cancer,CHEMBL4802129,3.0,breast cancer
Breast Neoplasms,breast_cancer,CHEMBL3545225,1.0,breast cancer
Breast Neoplasms,breast_cancer,CHEMBL4297185,2.0,breast cancer
Breast Neoplasms,breast_cancer,CHEMBL3545110,3.0,breast cancer
Breast Neoplasms,breast_cancer,CHEMBL274654,1.0,breast cancer
Breast Neoplasms,breast_cancer,CHEMBL3545414,3.0,breast cancer
Breast Neoplasms,breast_cancer,CHEMBL3544954,2.0,breast cancer
Breast Neoplasms,breast_cancer,CHEMBL3545111,3.0,breast cancer
Breast Neoplasms,breast_cancer,CHEMBL3647420,3.0,breast neoplasm
Breast Neoplasms,breast_cancer,CHEMBL3647420,3.0,breast cancer
Breast Neoplasms,breast_cancer,CHEMBL4303525,2.0,breast cancer
Breast Neoplasms,breast_cancer,CHEMBL3622820,1.0,breast cancer
Breast Neoplasms,breast_cancer,CHEMBL1770916,2.0,breast cancer
Breast Neoplasms,breast_cancer,CHEMBL3707279,3.0,breast cancer
Breast Neoplasms,breast_cancer,CHEMBL3707227,4.0,breast cancer
Breast Neoplasms,breast_cancer,CHEMBL3707404,1.0,breast cancer
Breast Neoplasms,breast_cancer,CHEMBL3581647,1.0,breast cancer
Breast Neoplasms,breast_cancer,CHEMBL3707324,2.0,breast cancer
Breast Neoplasms,breast_cancer,CHEMBL3545376,1.0,breast cancer
Breast Neoplasms,breast_cancer,CHEMBL45,3.0,breast cancer
Breast Neoplasms,breast_cancer,CHEMBL3707285,2.0,breast cancer
Breast Neoplasms,breast_cancer,CHEMBL3833384,1.0,breast cancer
Breast Neoplasms,breast_cancer,CHEMBL3621988,3.0,breast cancer
Breast Neoplasms,breast_cancer,CHEMBL3833373,3.0,breast cancer
Breast Neoplasms,breast_cancer,CHEMBL3833344,2.0,breast cancer
Breast Neoplasms,breast_cancer,CHEMBL2109512,2.0,breast cancer
Breast Neoplasms,breast_cancer,CHEMBL2109531,1.0,breast cancer
Breast Neoplasms,breast_cancer,CHEMBL2109635,2.0,breast cancer
Breast Neoplasms,breast_cancer,CHEMBL2336325,2.0,breast cancer
Breast Neoplasms,breast_cancer,CHEMBL3989926,2.0,breast cancer
Breast Neoplasms,breast_cancer,CHEMBL269259,1.0,breast cancer
Breast Neoplasms,breast_cancer,CHEMBL3990016,1.0,breast cancer
Breast Neoplasms,breast_cancer,CHEMBL297453,2.0,breast cancer
Breast Neoplasms,breast_cancer,CHEMBL2087361,2.0,breast cancer
Breast Neoplasms,breast_cancer,CHEMBL140,2.0,breast cancer
Breast Neoplasms,breast_cancer,CHEMBL1162144,1.0,breast cancer
Breast Neoplasms,breast_cancer,CHEMBL20684,2.0,breast cancer
Breast Neoplasms,breast_cancer,CHEMBL376408,1.0,breast cancer
Breast Neoplasms,breast_cancer,CHEMBL267476,0.5,breast cancer
Breast Neoplasms,breast_cancer,CHEMBL48802,2.0,breast cancer
Breast Neoplasms,breast_cancer,CHEMBL449158,2.0,breast cancer
Breast Neoplasms,breast_cancer,CHEMBL155886,2.0,breast cancer
Breast Neoplasms,breast_cancer,CHEMBL44,2.0,breast cancer
Breast Neoplasms,breast_cancer,CHEMBL446452,2.0,breast cancer
Breast Neoplasms,breast_cancer,CHEMBL170630,1.0,breast cancer
Breast Neoplasms,breast_cancer,CHEMBL96172,1.0,breast cancer
Breast Neoplasms,breast_cancer,CHEMBL366460,3.0,breast cancer
Breast Neoplasms,breast_cancer,CHEMBL2315212,2.0,breast cancer
Breast Neoplasms,breast_cancer,CHEMBL1950045,2.0,breast cancer
Breast Neoplasms,breast_cancer,CHEMBL498485,1.0,breast cancer
Breast Neoplasms,breast_cancer,CHEMBL155625,1.0,breast cancer
Breast Neoplasms,breast_cancer,CHEMBL236687,2.0,breast cancer
Breast Neoplasms,breast_cancer,CHEMBL4594256,2.0,breast cancer
Breast Neoplasms,breast_cancer,CHEMBL118841,2.0,breast cancer
Breast Neoplasms,breast_cancer,CHEMBL368347,2.0,breast cancer
Breast Neoplasms,breast_cancer,CHEMBL1980825,2.0,breast cancer
Breast Neoplasms,breast_cancer,CHEMBL467399,2.0,breast cancer
Breast Neoplasms,breast_cancer,CHEMBL2431768,2.0,breast cancer
Breast Neoplasms,breast_cancer,CHEMBL4297310,2.0,breast cancer
Breast Neoplasms,breast_cancer,CHEMBL3623004,1.0,breast cancer
Breast Neoplasms,breast_cancer,CHEMBL837,2.0,breast cancer
Breast Neoplasms,breast_cancer,CHEMBL1672635,1.0,breast cancer
Breast Neoplasms,breast_cancer,CHEMBL4297422,2.0,breast cancer
Breast Neoplasms,breast_cancer,CHEMBL1230329,2.0,breast cancer
Breast Neoplasms,breast_cancer,CHEMBL4297462,2.0,breast cancer
Breast Neoplasms,breast_cancer,CHEMBL200102,1.0,breast cancer
Breast Neoplasms,breast_cancer,CHEMBL3894518,1.0,breast cancer
Breast Neoplasms,breast_cancer,CHEMBL4084907,1.0,breast cancer
Breast Neoplasms,breast_cancer,CHEMBL2325741,4.0,breast cancer
Breast Neoplasms,breast_cancer,CHEMBL4297509,3.0,breast cancer
Breast Neoplasms,breast_cancer,CHEMBL4279455,3.0,breast neoplasm
Breast Neoplasms,breast_cancer,CHEMBL4279455,3.0,breast cancer
Breast Neoplasms,breast_cancer,CHEMBL4297516,2.0,breast cancer
Breast Neoplasms,breast_cancer,CHEMBL4112930,2.0,breast cancer
Breast Neoplasms,breast_cancer,CHEMBL4073443,1.0,breast cancer
Breast Neoplasms,breast_cancer,CHEMBL3982690,1.0,breast cancer
Breast Neoplasms,breast_cancer,CHEMBL4297615,1.0,breast cancer
Breast Neoplasms,breast_cancer,CHEMBL4206119,2.0,breast cancer
Breast Neoplasms,breast_cancer,CHEMBL4297690,2.0,breast cancer
Breast Neoplasms,breast_cancer,CHEMBL4297715,3.0,breast cancer
Breast Neoplasms,breast_cancer,CHEMBL4297721,1.0,breast cancer
Breast Neoplasms,breast_cancer,CHEMBL4297723,2.0,breast cancer
Breast Neoplasms,breast_cancer,CHEMBL4650215,4.0,breast cancer
Breast Neoplasms,breast_cancer,CHEMBL4297758,1.0,breast cancer
Breast Neoplasms,breast_cancer,CHEMBL4297559,1.0,breast cancer
Breast Neoplasms,breast_cancer,CHEMBL4297772,2.0,breast cancer
Breast Neoplasms,breast_cancer,CHEMBL4297556,1.0,breast cancer
Breast Neoplasms,breast_cancer,CHEMBL4297787,2.0,breast cancer
Breast Neoplasms,breast_cancer,CHEMBL4297817,1.0,breast cancer
Breast Neoplasms,breast_cancer,CHEMBL4297828,2.0,breast cancer
Breast Neoplasms,breast_cancer,CHEMBL4297831,1.0,breast cancer
Breast Neoplasms,breast_cancer,CHEMBL4297843,2.0,breast cancer
Breast Neoplasms,breast_cancer,CHEMBL4297844,4.0,breast cancer
Breast Neoplasms,breast_cancer,CHEMBL4297858,1.0,breast cancer
Breast Neoplasms,breast_cancer,CHEMBL4594259,2.0,breast cancer
Breast Neoplasms,breast_cancer,CHEMBL4297933,1.0,breast cancer
Breast Neoplasms,breast_cancer,CHEMBL4297939,3.0,breast cancer
Breast Neoplasms,breast_cancer,CHEMBL4297946,3.0,breast cancer
Breast Neoplasms,breast_cancer,CHEMBL4297950,3.0,breast cancer
Breast Neoplasms,breast_cancer,CHEMBL4298006,2.0,breast cancer
Breast Neoplasms,breast_cancer,CHEMBL4298009,1.0,breast cancer
Breast Neoplasms,breast_cancer,CHEMBL4298013,1.0,breast cancer
Breast Neoplasms,breast_cancer,CHEMBL4076124,1.0,breast cancer
Breast Neoplasms,breast_cancer,CHEMBL4298020,1.0,breast cancer
Breast Neoplasms,breast_cancer,CHEMBL4298022,1.0,breast cancer
Breast Neoplasms,breast_cancer,CHEMBL4298024,2.0,breast carcinoma
Breast Neoplasms,breast_cancer,CHEMBL4298024,2.0,breast cancer
Breast Neoplasms,breast_cancer,CHEMBL4298025,2.0,breast cancer
Breast Neoplasms,breast_cancer,CHEMBL4298037,2.0,breast cancer
Breast Neoplasms,breast_cancer,CHEMBL4298065,1.0,breast cancer
Breast Neoplasms,breast_cancer,CHEMBL4298101,2.0,breast cancer
Breast Neoplasms,breast_cancer,CHEMBL4298119,1.0,breast cancer
Breast Neoplasms,breast_cancer,CHEMBL4298178,3.0,breast cancer
Breast Neoplasms,breast_cancer,CHEMBL4298206,2.0,breast cancer
Breast Neoplasms,breast_cancer,CHEMBL4594417,1.0,breast cancer
Breast Neoplasms,breast_cancer,CHEMBL3763743,1.0,breast cancer
Breast Neoplasms,breast_cancer,CHEMBL4594431,1.0,breast cancer
Breast Neoplasms,breast_cancer,CHEMBL3930624,3.0,breast cancer
Breast Neoplasms,breast_cancer,CHEMBL4594494,1.0,breast cancer
Breast Neoplasms,breast_cancer,CHEMBL4594513,1.0,breast carcinoma
Breast Neoplasms,breast_cancer,CHEMBL4594516,1.0,breast cancer
Breast Neoplasms,breast_cancer,CHEMBL4594517,1.0,breast cancer
Breast Neoplasms,breast_cancer,CHEMBL4594550,3.0,breast cancer
Breast Neoplasms,breast_cancer,CHEMBL4594557,1.0,breast cancer
Breast Neoplasms,breast_cancer,CHEMBL4594611,2.0,breast cancer
Breast Neoplasms,breast_cancer,CHEMBL1200582,3.0,breast cancer
Breast Neoplasms,breast_cancer,CHEMBL134,2.0,breast cancer
Breast Neoplasms,breast_cancer,CHEMBL645,2.0,breast cancer
Breast Neoplasms,breast_cancer,CHEMBL1200932,1.0,breast cancer
Breast Neoplasms,breast_cancer,CHEMBL1200455,1.0,breast cancer
Breast Neoplasms,breast_cancer,CHEMBL514,2.0,breast neoplasm
Breast Neoplasms,breast_cancer,CHEMBL1201753,2.0,breast cancer
Breast Neoplasms,breast_cancer,CHEMBL1129,2.0,breast neoplasm
Breast Neoplasms,breast_cancer,CHEMBL1330596,2.0,breast carcinoma
Breast Neoplasms,breast_cancer,CHEMBL1663,2.0,breast cancer
Breast Neoplasms,breast_cancer,CHEMBL2108391,2.0,breast cancer
Breast Neoplasms,breast_cancer,CHEMBL1201529,4.0,breast cancer
Breast Neoplasms,breast_cancer,CHEMBL2146883,2.0,breast carcinoma
Breast Neoplasms,breast_cancer,CHEMBL2035187,1.0,breast cancer
Breast Neoplasms,breast_cancer,CHEMBL3137318,4.0,breast cancer
Breast Neoplasms,breast_cancer,CHEMBL235668,2.0,breast neoplasm
Breast Neoplasms,breast_cancer,CHEMBL3187723,2.0,breast cancer
Breast Neoplasms,breast_cancer,CHEMBL3963485,1.0,breast cancer
Breast Neoplasms,breast_cancer,CHEMBL3989868,4.0,breast carcinoma
Breast Neoplasms,breast_cancer,CHEMBL4303214,1.0,breast cancer
Breast Neoplasms,breast_cancer,CHEMBL1278146,2.0,breast cancer
Breast Neoplasms,breast_cancer,CHEMBL1852688,1.0,breast cancer
Breast Neoplasms,breast_cancer,CHEMBL3894860,2.0,breast cancer
Breast Neoplasms,breast_cancer,CHEMBL4297545,2.0,breast carcinoma
Breast Neoplasms,breast_cancer,CHEMBL483465,2.0,breast neoplasm
Breast Neoplasms,breast_cancer,CHEMBL4297269,2.0,breast cancer
Breast Neoplasms,breast_cancer,CHEMBL120643,2.0,breast cancer
Breast Neoplasms,breast_cancer,CHEMBL3686884,1.0,breast neoplasm
Breast Neoplasms,breast_cancer,CHEMBL1420319,2.0,breast cancer
Breast Neoplasms,breast_cancer,CHEMBL4297509,3.0,breast carcinoma
Breast Neoplasms,breast_cancer,CHEMBL4297721,1.0,breast carcinoma
Breast Neoplasms,breast_cancer,CHEMBL4297563,2.0,breast cancer
Breast Neoplasms,breast_cancer,CHEMBL4297736,2.0,breast cancer
Breast Neoplasms,breast_cancer,CHEMBL4297829,3.0,breast cancer
Breast Neoplasms,breast_cancer,CHEMBL4297840,3.0,breast cancer
Breast Neoplasms,breast_cancer,CHEMBL4297844,4.0,breast carcinoma
Breast Neoplasms,breast_cancer,CHEMBL4297939,3.0,breast neoplasm
Breast Neoplasms,breast_cancer,CHEMBL4298024,2.0,breast neoplasm
Breast Neoplasms,breast_cancer,CHEMBL4298106,2.0,breast cancer
Breast Neoplasms,breast_cancer,CHEMBL4298124,2.0,breast cancer
Breast Neoplasms,breast_cancer,CHEMBL3907479,1.0,breast cancer
Breast Neoplasms,breast_cancer,CHEMBL4475463,3.0,breast cancer
Breast Neoplasms,breast_cancer,CHEMBL4650316,3.0,breast cancer
Breast Neoplasms,breast_cancer,CHEMBL4466233,2.0,breast cancer
Breast Neoplasms,breast_cancer,CHEMBL4650336,1.0,breast cancer
Breast Neoplasms,breast_cancer,CHEMBL4076837,1.0,breast cancer
Breast Neoplasms,breast_cancer,CHEMBL4526356,1.0,breast cancer
Breast Neoplasms,breast_cancer,CHEMBL4650365,3.0,breast cancer
Breast Neoplasms,breast_cancer,CHEMBL4650387,2.0,breast cancer
Breast Neoplasms,breast_cancer,CHEMBL4650400,1.0,breast cancer
Breast Neoplasms,breast_cancer,CHEMBL4650410,1.0,breast carcinoma
Breast Neoplasms,breast_cancer,CHEMBL4650286,1.0,breast cancer
Breast Neoplasms,breast_cancer,CHEMBL217092,2.0,breast cancer
Breast Neoplasms,breast_cancer,CHEMBL2108726,4.0,breast cancer
Breast Neoplasms,breast_cancer,CHEMBL1222250,3.0,breast neoplasm
Breast Neoplasms,breast_cancer,CHEMBL1395,4.0,breast cancer
Breast Neoplasms,breast_cancer,CHEMBL1581,2.0,breast cancer
Breast Neoplasms,breast_cancer,CHEMBL429910,2.0,breast cancer
Breast Neoplasms,breast_cancer,CHEMBL2219422,3.0,breast cancer
Breast Neoplasms,breast_cancer,CHEMBL3707266,4.0,breast cancer
Breast Neoplasms,breast_cancer,CHEMBL3989921,4.0,breast cancer
Breast Neoplasms,breast_cancer,CHEMBL3264610,1.0,breast cancer
Breast Neoplasms,breast_cancer,CHEMBL4297892,2.0,breast cancer
Breast Neoplasms,breast_cancer,CHEMBL4298200,2.0,breast cancer
Breast Neoplasms,breast_cancer,CHEMBL4594319,1.0,breast cancer
Breast Neoplasms,breast_cancer,CHEMBL4594479,2.0,breast cancer
Breast Neoplasms,breast_cancer,CHEMBL4594568,3.0,breast cancer
Breast Neoplasms,breast_cancer,CHEMBL4594578,1.0,breast cancer
Breast Neoplasms,breast_cancer,CHEMBL4594261,4.0,breast cancer
Breast Neoplasms,breast_cancer,CHEMBL4594367,1.0,breast cancer
Breast Neoplasms,breast_cancer,CHEMBL4650374,1.0,breast cancer
Breast Neoplasms,breast_cancer,CHEMBL4650256,3.0,breast cancer
Breast Neoplasms,breast_cancer,CHEMBL4802152,1.0,breast cancer
Breast Neoplasms,breast_cancer,CHEMBL4802184,1.0,breast cancer
Breast Neoplasms,breast_cancer,CHEMBL4594217,2.0,breast cancer
Breast Neoplasms,breast_cancer,CHEMBL2103868,1.0,breast carcinoma
Breast Neoplasms,breast_cancer,CHEMBL2095209,1.0,breast carcinoma
Breast Neoplasms,breast_cancer,CHEMBL547,3.0,breast cancer
Breast Neoplasms,breast_cancer,CHEMBL556,2.0,breast cancer
Breast Neoplasms,breast_cancer,CHEMBL17157,1.0,breast neoplasm
Breast Neoplasms,breast_cancer,CHEMBL38,3.0,breast cancer
Breast Neoplasms,breast_cancer,CHEMBL1200544,2.0,breast cancer
Breast Neoplasms,breast_cancer,CHEMBL1489,2.0,breast neoplasm
Breast Neoplasms,breast_cancer,CHEMBL306823,2.0,breast cancer
Breast Neoplasms,breast_cancer,CHEMBL1504,2.0,breast cancer
Breast Neoplasms,breast_cancer,CHEMBL2109196,2.0,breast cancer
Breast Neoplasms,breast_cancer,CHEMBL2108133,3.0,breast cancer
Breast Neoplasms,breast_cancer,CHEMBL489,2.0,breast cancer
Breast Neoplasms,breast_cancer,CHEMBL1421,2.0,breast carcinoma
Breast Neoplasms,breast_cancer,CHEMBL1201636,2.0,breast cancer
Breast Neoplasms,breast_cancer,CHEMBL2108684,2.0,breast cancer
Breast Neoplasms,breast_cancer,CHEMBL191,2.0,breast cancer
Breast Neoplasms,breast_cancer,CHEMBL3039498,1.0,breast carcinoma
Breast Neoplasms,breast_cancer,CHEMBL4297190,2.0,breast cancer
Breast Neoplasms,breast_cancer,CHEMBL190461,3.0,breast cancer
Breast Neoplasms,breast_cancer,CHEMBL3621988,3.0,breast neoplasm
Breast Neoplasms,breast_cancer,CHEMBL518924,1.0,breast cancer
Breast Neoplasms,breast_cancer,CHEMBL4297437,1.0,breast cancer
Breast Neoplasms,breast_cancer,CHEMBL4297488,2.0,breast cancer
Breast Neoplasms,breast_cancer,CHEMBL4297584,2.0,breast cancer
Breast Neoplasms,breast_cancer,CHEMBL3904602,3.0,breast cancer
Breast Neoplasms,breast_cancer,CHEMBL4297571,2.0,breast neoplasm
Breast Neoplasms,breast_cancer,CHEMBL4297559,1.0,breast carcinoma
Breast Neoplasms,breast_cancer,CHEMBL4594299,3.0,breast cancer
Breast Neoplasms,breast_cancer,CHEMBL4594401,2.0,breast cancer
Breast Neoplasms,breast_cancer,CHEMBL3392776,1.0,breast cancer
Breast Neoplasms,breast_cancer,CHEMBL4594519,1.0,breast cancer
Breast Neoplasms,breast_cancer,CHEMBL4650276,2.0,breast cancer
Breast Neoplasms,breast_cancer,CHEMBL4802161,3.0,breast neoplasm
Breast Neoplasms,breast_cancer,CHEMBL4802161,3.0,breast cancer
Breast Neoplasms,breast_cancer,CHEMBL2163631,2.0,breast cancer
Breast Neoplasms,breast_cancer,CHEMBL5095183,3.0,breast cancer
Breast Neoplasms,breast_cancer,CHEMBL5090754,1.0,breast cancer
Breast Neoplasms,breast_cancer,CHEMBL5095210,3.0,breast neoplasm
Breast Neoplasms,breast_cancer,CHEMBL5095210,3.0,breast cancer
Breast Neoplasms,breast_cancer,CHEMBL4469414,1.0,breast cancer
Breast Neoplasms,breast_cancer,CHEMBL5095279,2.0,breast cancer
Breast Neoplasms,breast_cancer,CHEMBL5095310,1.0,breast cancer
Breast Neoplasms,breast_cancer,CHEMBL5087025,1.0,breast cancer
Breast Neoplasms,breast_cancer,CHEMBL5095364,1.0,breast neoplasm
Breast Neoplasms,breast_cancer,CHEMBL5095365,1.0,breast cancer
Breast Neoplasms,breast_cancer,CHEMBL5095383,2.0,breast cancer
Breast Neoplasms,breast_cancer,CHEMBL2103790,1.0,breast cancer
Breast Neoplasms,breast_cancer,CHEMBL1743001,2.0,HER2 Positive Breast Carcinoma
Breast Neoplasms,breast_cancer,CHEMBL1094636,3.0,HER2 Positive Breast Carcinoma
Breast Neoplasms,breast_cancer,CHEMBL1201179,4.0,HER2 Positive Breast Carcinoma
Breast Neoplasms,breast_cancer,CHEMBL1358,4.0,HER2 Positive Breast Carcinoma
Breast Neoplasms,breast_cancer,CHEMBL1617,2.0,HER2 Positive Breast Carcinoma
Breast Neoplasms,breast_cancer,CHEMBL428647,4.0,HER2 Positive Breast Carcinoma
Breast Neoplasms,breast_cancer,CHEMBL1200396,2.0,breast cancer
Breast Neoplasms,breast_cancer,CHEMBL1200796,4.0,HER2 Positive Breast Carcinoma
Breast Neoplasms,breast_cancer,CHEMBL359744,4.0,HER2 Positive Breast Carcinoma
Breast Neoplasms,breast_cancer,CHEMBL1773,4.0,HER2 Positive Breast Carcinoma
Breast Neoplasms,breast_cancer,CHEMBL786,4.0,HER2 Positive Breast Carcinoma
Breast Neoplasms,breast_cancer,CHEMBL2108922,2.0,breast cancer
Breast Neoplasms,breast_cancer,CHEMBL2108467,1.0,breast neoplasm
Breast Neoplasms,breast_cancer,CHEMBL2007641,4.0,HER2 Positive Breast Carcinoma
Breast Neoplasms,breast_cancer,CHEMBL180022,3.0,HER2 Positive Breast Carcinoma
Breast Neoplasms,breast_cancer,CHEMBL1743082,4.0,HER2 Positive Breast Carcinoma
Breast Neoplasms,breast_cancer,CHEMBL1201585,4.0,HER2 Positive Breast Carcinoma
Breast Neoplasms,breast_cancer,CHEMBL2108314,1.0,breast cancer
Breast Neoplasms,breast_cancer,CHEMBL554,3.0,HER2 Positive Breast Carcinoma
Breast Neoplasms,breast_cancer,CHEMBL553025,3.0,HER2 Positive Breast Carcinoma
Breast Neoplasms,breast_cancer,CHEMBL3244648,4.0,breast cancer
Breast Neoplasms,breast_cancer,CHEMBL189963,4.0,HER2 Positive Breast Carcinoma
Breast Neoplasms,breast_cancer,CHEMBL3301610,4.0,HER2 Positive Breast Carcinoma
Breast Neoplasms,breast_cancer,CHEMBL3545262,4.0,breast neoplasm
Breast Neoplasms,breast_cancer,CHEMBL3989868,4.0,breast neoplasm
Breast Neoplasms,breast_cancer,CHEMBL3707266,4.0,breast neoplasm
Breast Neoplasms,breast_cancer,CHEMBL3707324,2.0,HER2 Positive Breast Carcinoma
Breast Neoplasms,breast_cancer,CHEMBL3894860,2.0,breast neoplasm
Breast Neoplasms,breast_cancer,CHEMBL1093458,2.0,breast cancer
Colorectal Neoplasms,colorectal_cancer,CHEMBL1201583,4.0,colorectal adenocarcinoma
Colorectal Neoplasms,colorectal_cancer,CHEMBL1773,4.0,colorectal adenocarcinoma
Colorectal Neoplasms,colorectal_cancer,CHEMBL1201577,4.0,colorectal adenocarcinoma
Colorectal Neoplasms,colorectal_cancer,CHEMBL1908360,2.0,colorectal adenocarcinoma
Colorectal Neoplasms,colorectal_cancer,CHEMBL185,3.0,colorectal adenocarcinoma
Colorectal Neoplasms,colorectal_cancer,CHEMBL1201827,4.0,colorectal adenocarcinoma
Colorectal Neoplasms,colorectal_cancer,CHEMBL1946170,4.0,colorectal adenocarcinoma
Colorectal Neoplasms,colorectal_cancer,CHEMBL1742982,4.0,colorectal adenocarcinoma
Colorectal Neoplasms,colorectal_cancer,CHEMBL1200699,2.0,colorectal adenocarcinoma
Colorectal Neoplasms,colorectal_cancer,CHEMBL1129,4.0,colorectal adenocarcinoma
Colorectal Neoplasms,colorectal_cancer,CHEMBL1201138,3.0,colorectal adenocarcinoma
Colorectal Neoplasms,colorectal_cancer,CHEMBL2107881,2.0,colorectal adenocarcinoma
Colorectal Neoplasms,colorectal_cancer,CHEMBL414804,3.0,colorectal adenocarcinoma
Colorectal Neoplasms,colorectal_cancer,CHEMBL355200,3.0,colorectal adenocarcinoma
Colorectal Neoplasms,colorectal_cancer,CHEMBL196,3.0,colorectal adenocarcinoma
Colorectal Neoplasms,colorectal_cancer,CHEMBL1431,3.0,colorectal adenocarcinoma
Colorectal Neoplasms,colorectal_cancer,CHEMBL428647,2.0,colorectal adenocarcinoma
Colorectal Neoplasms,colorectal_cancer,CHEMBL532,2.0,colorectal adenocarcinoma
Colorectal Neoplasms,colorectal_cancer,CHEMBL468,3.0,colorectal adenocarcinoma
Colorectal Neoplasms,colorectal_cancer,CHEMBL917,3.0,colorectal adenocarcinoma
Colorectal Neoplasms,colorectal_cancer,CHEMBL1908361,4.0,colorectal adenocarcinoma
Colorectal Neoplasms,colorectal_cancer,CHEMBL477772,1.0,colorectal adenocarcinoma
Colorectal Neoplasms,colorectal_cancer,CHEMBL1201191,2.0,colorectal neoplasm
Colorectal Neoplasms,colorectal_cancer,CHEMBL1336,2.0,colorectal neoplasm
Colorectal Neoplasms,colorectal_cancer,CHEMBL1742982,4.0,colorectal neoplasm
Colorectal Neoplasms,colorectal_cancer,CHEMBL377300,2.0,colorectal adenocarcinoma
Colorectal Neoplasms,colorectal_cancer,CHEMBL1743019,2.0,colorectal neoplasm
Colorectal Neoplasms,colorectal_cancer,CHEMBL1743062,3.0,colorectal carcinoma
Colorectal Neoplasms,colorectal_cancer,CHEMBL2105666,1.0,colorectal neoplasm
Colorectal Neoplasms,colorectal_cancer,CHEMBL1614701,2.0,colorectal neoplasm
Colorectal Neoplasms,colorectal_cancer,CHEMBL1173655,2.0,colorectal neoplasm
Colorectal Neoplasms,colorectal_cancer,CHEMBL1229517,2.0,colorectal carcinoma
Colorectal Neoplasms,colorectal_cancer,CHEMBL2103875,2.0,colorectal carcinoma
Colorectal Neoplasms,colorectal_cancer,CHEMBL2109662,3.0,colorectal neoplasm
Colorectal Neoplasms,colorectal_cancer,CHEMBL1946170,4.0,colorectal neoplasm
Colorectal Neoplasms,colorectal_cancer,CHEMBL1946170,4.0,colorectal carcinoma
Colorectal Neoplasms,colorectal_cancer,CHEMBL2108738,4.0,colorectal neoplasm
Colorectal Neoplasms,colorectal_cancer,CHEMBL2108738,4.0,colorectal carcinoma
Colorectal Neoplasms,colorectal_cancer,CHEMBL1446,3.0,colorectal neoplasm
Colorectal Neoplasms,colorectal_cancer,CHEMBL225071,3.0,colorectal carcinoma
Colorectal Neoplasms,colorectal_cancer,CHEMBL1201195,3.0,colorectal neoplasm
Colorectal Neoplasms,colorectal_cancer,CHEMBL11359,3.0,colorectal neoplasm
Colorectal Neoplasms,colorectal_cancer,CHEMBL1431,3.0,colorectal neoplasm
Colorectal Neoplasms,colorectal_cancer,CHEMBL1431,3.0,colorectal carcinoma
Colorectal Neoplasms,colorectal_cancer,CHEMBL118,3.0,colorectal neoplasm
Colorectal Neoplasms,colorectal_cancer,CHEMBL118,3.0,colorectal carcinoma
Colorectal Neoplasms,colorectal_cancer,CHEMBL196,3.0,colorectal neoplasm
Colorectal Neoplasms,colorectal_cancer,CHEMBL5314362,2.0,colorectal neoplasm
Colorectal Neoplasms,colorectal_cancer,CHEMBL384467,3.0,colorectal adenocarcinoma
Colorectal Neoplasms,colorectal_cancer,CHEMBL1200699,2.0,colorectal carcinoma
Colorectal Neoplasms,colorectal_cancer,CHEMBL1282,1.0,colorectal carcinoma
Colorectal Neoplasms,colorectal_cancer,CHEMBL77517,2.0,colorectal adenocarcinoma
Colorectal Neoplasms,colorectal_cancer,CHEMBL1201138,3.0,colorectal neoplasm
Colorectal Neoplasms,colorectal_cancer,CHEMBL1201138,3.0,colorectal carcinoma
Colorectal Neoplasms,colorectal_cancer,CHEMBL185,3.0,colorectal neoplasm
Colorectal Neoplasms,colorectal_cancer,CHEMBL185,3.0,colorectal carcinoma
Colorectal Neoplasms,colorectal_cancer,CHEMBL917,3.0,colorectal neoplasm
Colorectal Neoplasms,colorectal_cancer,CHEMBL1622,3.0,colorectal neoplasm
Colorectal Neoplasms,colorectal_cancer,CHEMBL181932,3.0,colorectal adenocarcinoma
Colorectal Neoplasms,colorectal_cancer,CHEMBL181932,3.0,colorectal neoplasm
Colorectal Neoplasms,colorectal_cancer,CHEMBL137,3.0,colorectal neoplasm
Colorectal Neoplasms,colorectal_cancer,CHEMBL113178,2.0,colorectal adenocarcinoma
Colorectal Neoplasms,colorectal_cancer,CHEMBL20883,3.0,colorectal adenocarcinoma
Colorectal Neoplasms,colorectal_cancer,CHEMBL20883,3.0,colorectal neoplasm
Colorectal Neoplasms,colorectal_cancer,CHEMBL414804,3.0,colorectal neoplasm
Colorectal Neoplasms,colorectal_cancer,CHEMBL414804,3.0,colorectal carcinoma
Colorectal Neoplasms,colorectal_cancer,CHEMBL468,3.0,colorectal neoplasm
Colorectal Neoplasms,colorectal_cancer,CHEMBL468,3.0,colorectal carcinoma
Colorectal Neoplasms,colorectal_cancer,CHEMBL15770,3.0,colorectal neoplasm
Colorectal Neoplasms,colorectal_cancer,CHEMBL79,3.0,colorectal neoplasm
Colorectal Neoplasms,colorectal_cancer,CHEMBL930,3.0,colorectal neoplasm
Colorectal Neoplasms,colorectal_cancer,CHEMBL1730601,3.0,colorectal adenocarcinoma
Colorectal Neoplasms,colorectal_cancer,CHEMBL1730601,3.0,colorectal neoplasm
Colorectal Neoplasms,colorectal_cancer,CHEMBL622,3.0,colorectal neoplasm
Colorectal Neoplasms,colorectal_cancer,CHEMBL1773,4.0,colorectal neoplasm
Colorectal Neoplasms,colorectal_cancer,CHEMBL1773,4.0,colorectal carcinoma
Colorectal Neoplasms,colorectal_cancer,CHEMBL888,2.0,colorectal adenocarcinoma
Colorectal Neoplasms,colorectal_cancer,CHEMBL1512580,3.0,colorectal neoplasm
Colorectal Neoplasms,colorectal_cancer,CHEMBL3989857,3.0,colorectal neoplasm
Colorectal Neoplasms,colorectal_cancer,CHEMBL2108501,1.0,colorectal neoplasm
Colorectal Neoplasms,colorectal_cancer,CHEMBL2107361,2.0,colorectal neoplasm
Colorectal Neoplasms,colorectal_cancer,CHEMBL2108658,2.0,colorectal neoplasm
Colorectal Neoplasms,colorectal_cancer,CHEMBL535,2.0,colorectal neoplasm
Colorectal Neoplasms,colorectal_cancer,CHEMBL535,2.0,colorectal carcinoma
Colorectal Neoplasms,colorectal_cancer,CHEMBL24828,2.0,colorectal adenocarcinoma
Colorectal Neoplasms,colorectal_cancer,CHEMBL1201182,1.0,colorectal adenocarcinoma
Colorectal Neoplasms,colorectal_cancer,CHEMBL1289926,2.0,colorectal neoplasm
Colorectal Neoplasms,colorectal_cancer,CHEMBL1289926,2.0,colorectal carcinoma
Colorectal Neoplasms,colorectal_cancer,CHEMBL1789941,2.0,colorectal carcinoma
Colorectal Neoplasms,colorectal_cancer,CHEMBL1201827,4.0,colorectal neoplasm
Colorectal Neoplasms,colorectal_cancer,CHEMBL1201827,4.0,colorectal carcinoma
Colorectal Neoplasms,colorectal_cancer,CHEMBL1789844,4.0,colorectal carcinoma
Colorectal Neoplasms,colorectal_cancer,CHEMBL1201583,4.0,colorectal neoplasm
Colorectal Neoplasms,colorectal_cancer,CHEMBL1201583,4.0,colorectal carcinoma
Colorectal Neoplasms,colorectal_cancer,CHEMBL1201577,4.0,colorectal neoplasm
Colorectal Neoplasms,colorectal_cancer,CHEMBL1201577,4.0,colorectal carcinoma
Colorectal Neoplasms,colorectal_cancer,CHEMBL1201567,2.0,colorectal neoplasm
Colorectal Neoplasms,colorectal_cancer,CHEMBL1201515,1.0,colorectal neoplasm
Colorectal Neoplasms,colorectal_cancer,CHEMBL1201670,2.0,colorectal carcinoma
Colorectal Neoplasms,colorectal_cancer,CHEMBL1743007,2.0,colorectal carcinoma
Colorectal Neoplasms,colorectal_cancer,CHEMBL1743080,1.0,colorectal neoplasm
Colorectal Neoplasms,colorectal_cancer,CHEMBL2109435,1.0,colorectal neoplasm
Colorectal Neoplasms,colorectal_cancer,CHEMBL1679,3.0,colorectal adenocarcinoma
Colorectal Neoplasms,colorectal_cancer,CHEMBL1679,3.0,colorectal neoplasm
Colorectal Neoplasms,colorectal_cancer,CHEMBL1679,3.0,colorectal carcinoma
Colorectal Neoplasms,colorectal_cancer,CHEMBL7568,1.0,colorectal adenocarcinoma
Colorectal Neoplasms,colorectal_cancer,CHEMBL554,2.0,colorectal adenocarcinoma
Colorectal Neoplasms,colorectal_cancer,CHEMBL941,1.0,colorectal adenocarcinoma
Colorectal Neoplasms,colorectal_cancer,CHEMBL481,3.0,colorectal adenocarcinoma
Colorectal Neoplasms,colorectal_cancer,CHEMBL481,3.0,colorectal neoplasm
Colorectal Neoplasms,colorectal_cancer,CHEMBL481,3.0,colorectal carcinoma
Colorectal Neoplasms,colorectal_cancer,CHEMBL584,1.0,colorectal adenocarcinoma
Colorectal Neoplasms,colorectal_cancer,CHEMBL830,3.0,colorectal neoplasm
Colorectal Neoplasms,colorectal_cancer,CHEMBL27,3.0,colorectal neoplasm
Colorectal Neoplasms,colorectal_cancer,CHEMBL300138,2.0,colorectal adenocarcinoma
Colorectal Neoplasms,colorectal_cancer,CHEMBL1908841,4.0,colorectal carcinoma
Colorectal Neoplasms,colorectal_cancer,CHEMBL1201479,3.0,colorectal carcinoma
Colorectal Neoplasms,colorectal_cancer,CHEMBL1200496,3.0,colorectal neoplasm
Colorectal Neoplasms,colorectal_cancer,CHEMBL1200496,3.0,colorectal carcinoma
Colorectal Neoplasms,colorectal_cancer,CHEMBL2146883,3.0,colorectal carcinoma
Colorectal Neoplasms,colorectal_cancer,CHEMBL502835,3.0,colorectal neoplasm
Colorectal Neoplasms,colorectal_cancer,CHEMBL3039547,2.0,colorectal adenocarcinoma
Colorectal Neoplasms,colorectal_cancer,CHEMBL3039547,2.0,colorectal carcinoma
Colorectal Neoplasms,colorectal_cancer,CHEMBL252164,1.0,colorectal adenocarcinoma
Colorectal Neoplasms,colorectal_cancer,CHEMBL65375,4.0,colorectal adenocarcinoma
Colorectal Neoplasms,colorectal_cancer,CHEMBL3137343,3.0,colorectal carcinoma
Colorectal Neoplasms,colorectal_cancer,CHEMBL3187723,2.0,colorectal carcinoma
Colorectal Neoplasms,colorectal_cancer,CHEMBL3301587,2.0,colorectal carcinoma
Colorectal Neoplasms,colorectal_cancer,CHEMBL3544911,1.0,colorectal neoplasm
Colorectal Neoplasms,colorectal_cancer,CHEMBL3545185,1.0,colorectal neoplasm
Colorectal Neoplasms,colorectal_cancer,CHEMBL64130,3.0,colorectal carcinoma
Colorectal Neoplasms,colorectal_cancer,CHEMBL3577124,1.0,colorectal neoplasm
Colorectal Neoplasms,colorectal_cancer,CHEMBL4297181,1.0,colorectal neoplasm
Colorectal Neoplasms,colorectal_cancer,CHEMBL105442,2.0,colorectal neoplasm
Colorectal Neoplasms,colorectal_cancer,CHEMBL1278146,3.0,colorectal adenocarcinoma
Colorectal Neoplasms,colorectal_cancer,CHEMBL3545414,2.0,colorectal neoplasm
Colorectal Neoplasms,colorectal_cancer,CHEMBL3707227,3.0,colorectal carcinoma
Colorectal Neoplasms,colorectal_cancer,CHEMBL3833373,2.0,colorectal carcinoma
Colorectal Neoplasms,colorectal_cancer,CHEMBL1229517,2.0,colorectal adenocarcinoma
Colorectal Neoplasms,colorectal_cancer,CHEMBL1742998,1.0,colorectal adenocarcinoma
Colorectal Neoplasms,colorectal_cancer,CHEMBL2103875,2.0,colorectal adenocarcinoma
Colorectal Neoplasms,colorectal_cancer,CHEMBL2108738,4.0,colorectal adenocarcinoma
Colorectal Neoplasms,colorectal_cancer,CHEMBL225071,3.0,colorectal adenocarcinoma
Colorectal Neoplasms,colorectal_cancer,CHEMBL3989514,3.0,colorectal adenocarcinoma
Colorectal Neoplasms,colorectal_cancer,CHEMBL3989514,3.0,colorectal neoplasm
Colorectal Neoplasms,colorectal_cancer,CHEMBL3989514,3.0,colorectal carcinoma
Colorectal Neoplasms,colorectal_cancer,CHEMBL428647,2.0,colorectal neoplasm
Colorectal Neoplasms,colorectal_cancer,CHEMBL1042,3.0,colorectal adenocarcinoma
Colorectal Neoplasms,colorectal_cancer,CHEMBL810,2.0,colorectal neoplasm
Colorectal Neoplasms,colorectal_cancer,CHEMBL2360464,2.0,colorectal adenocarcinoma
Colorectal Neoplasms,colorectal_cancer,CHEMBL1129,4.0,colorectal carcinoma
Colorectal Neoplasms,colorectal_cancer,CHEMBL2107881,2.0,colorectal carcinoma
Colorectal Neoplasms,colorectal_cancer,CHEMBL2108796,1.0,colorectal adenocarcinoma
Colorectal Neoplasms,colorectal_cancer,CHEMBL2108356,2.0,colorectal adenocarcinoma
Colorectal Neoplasms,colorectal_cancer,CHEMBL225072,2.0,colorectal neoplasm
Colorectal Neoplasms,colorectal_cancer,CHEMBL82301,2.0,colorectal neoplasm
Colorectal Neoplasms,colorectal_cancer,CHEMBL3039498,1.0,colorectal carcinoma
Colorectal Neoplasms,colorectal_cancer,CHEMBL3137343,3.0,colorectal adenocarcinoma
Colorectal Neoplasms,colorectal_cancer,CHEMBL3137343,3.0,colorectal neoplasm
Colorectal Neoplasms,colorectal_cancer,CHEMBL2408045,2.0,colorectal adenocarcinoma
Colorectal Neoplasms,colorectal_cancer,CHEMBL3545280,2.0,colorectal adenocarcinoma
Colorectal Neoplasms,colorectal_cancer,CHEMBL2109621,1.0,colorectal carcinoma
Colorectal Neoplasms,colorectal_cancer,CHEMBL3833373,2.0,colorectal neoplasm
Colorectal Neoplasms,colorectal_cancer,CHEMBL2109531,1.0,colorectal neoplasm
Colorectal Neoplasms,colorectal_cancer,CHEMBL2068864,2.0,colorectal neoplasm
Colorectal Neoplasms,colorectal_cancer,CHEMBL186141,2.0,colorectal neoplasm
Colorectal Neoplasms,colorectal_cancer,CHEMBL415768,2.0,colorectal neoplasm
Colorectal Neoplasms,colorectal_cancer,CHEMBL480853,2.0,colorectal neoplasm
Colorectal Neoplasms,colorectal_cancer,CHEMBL3526802,2.0,colorectal neoplasm
Colorectal Neoplasms,colorectal_cancer,CHEMBL1980825,2.0,colorectal adenocarcinoma
Colorectal Neoplasms,colorectal_cancer,CHEMBL1230329,2.0,colorectal carcinoma
Colorectal Neoplasms,colorectal_cancer,CHEMBL257662,2.0,colorectal neoplasm
Colorectal Neoplasms,colorectal_cancer,CHEMBL1234270,3.0,colorectal neoplasm
Colorectal Neoplasms,colorectal_cancer,CHEMBL4073443,2.0,colorectal carcinoma
Colorectal Neoplasms,colorectal_cancer,CHEMBL4297715,2.0,colorectal adenocarcinoma
Colorectal Neoplasms,colorectal_cancer,CHEMBL4297843,2.0,colorectal carcinoma
Colorectal Neoplasms,colorectal_cancer,CHEMBL4297844,2.0,colorectal neoplasm
Colorectal Neoplasms,colorectal_cancer,CHEMBL4298038,1.0,colorectal carcinoma
Colorectal Neoplasms,colorectal_cancer,CHEMBL1200485,1.0,colorectal adenocarcinoma
Colorectal Neoplasms,colorectal_cancer,CHEMBL223360,2.0,colorectal adenocarcinoma
Colorectal Neoplasms,colorectal_cancer,CHEMBL217092,2.0,colorectal adenocarcinoma
Colorectal Neoplasms,colorectal_cancer,CHEMBL1094636,2.0,colorectal adenocarcinoma
Colorectal Neoplasms,colorectal_cancer,CHEMBL1463,1.0,colorectal neoplasm
Colorectal Neoplasms,colorectal_cancer,CHEMBL118,3.0,colorectal adenocarcinoma
Colorectal Neoplasms,colorectal_cancer,CHEMBL137,3.0,colorectal adenocarcinoma
Colorectal Neoplasms,colorectal_cancer,CHEMBL1079742,2.0,colorectal adenocarcinoma
Colorectal Neoplasms,colorectal_cancer,CHEMBL276711,3.0,colorectal adenocarcinoma
Colorectal Neoplasms,colorectal_cancer,CHEMBL2007641,2.0,colorectal adenocarcinoma
Colorectal Neoplasms,colorectal_cancer,CHEMBL2108501,1.0,colorectal adenocarcinoma
Colorectal Neoplasms,colorectal_cancer,CHEMBL2108658,2.0,colorectal adenocarcinoma
Colorectal Neoplasms,colorectal_cancer,CHEMBL98,2.0,colorectal adenocarcinoma
Colorectal Neoplasms,colorectal_cancer,CHEMBL848,2.0,colorectal neoplasm
Colorectal Neoplasms,colorectal_cancer,CHEMBL1789844,4.0,colorectal adenocarcinoma
Colorectal Neoplasms,colorectal_cancer,CHEMBL2109653,3.0,colorectal adenocarcinoma
Colorectal Neoplasms,colorectal_cancer,CHEMBL3301612,4.0,colorectal adenocarcinoma
Colorectal Neoplasms,colorectal_cancer,CHEMBL3301587,2.0,colorectal adenocarcinoma
Colorectal Neoplasms,colorectal_cancer,CHEMBL3544916,1.0,colorectal adenocarcinoma
Colorectal Neoplasms,colorectal_cancer,CHEMBL3833373,2.0,colorectal adenocarcinoma
Colorectal Neoplasms,colorectal_cancer,CHEMBL3990044,3.0,colorectal carcinoma
Colorectal Neoplasms,colorectal_cancer,CHEMBL165,1.0,colorectal adenocarcinoma
Colorectal Neoplasms,colorectal_cancer,CHEMBL4297263,2.0,colorectal neoplasm
Colorectal Neoplasms,colorectal_cancer,CHEMBL4297422,2.0,colorectal adenocarcinoma
Colorectal Neoplasms,colorectal_cancer,CHEMBL4297489,1.0,colorectal neoplasm
Colorectal Neoplasms,colorectal_cancer,CHEMBL4296717,1.0,colorectal adenocarcinoma
Colorectal Neoplasms,colorectal_cancer,CHEMBL2181367,1.0,colorectal adenocarcinoma
Colorectal Neoplasms,colorectal_cancer,CHEMBL4297680,1.0,colorectal neoplasm
Colorectal Neoplasms,colorectal_cancer,CHEMBL4297747,2.0,colorectal neoplasm
Colorectal Neoplasms,colorectal_cancer,CHEMBL4297813,2.0,colorectal adenocarcinoma
Colorectal Neoplasms,colorectal_cancer,CHEMBL4297829,3.0,colorectal adenocarcinoma
Colorectal Neoplasms,colorectal_cancer,CHEMBL4297829,3.0,colorectal carcinoma
Colorectal Neoplasms,colorectal_cancer,CHEMBL1289601,3.0,colorectal neoplasm
Colorectal Neoplasms,colorectal_cancer,CHEMBL11359,3.0,colorectal adenocarcinoma
Colorectal Neoplasms,colorectal_cancer,CHEMBL810,2.0,colorectal adenocarcinoma
Colorectal Neoplasms,colorectal_cancer,CHEMBL1129,4.0,colorectal neoplasm
Colorectal Neoplasms,colorectal_cancer,CHEMBL235668,3.0,colorectal neoplasm
Colorectal Neoplasms,colorectal_cancer,CHEMBL3545122,1.0,colorectal carcinoma
Colorectal Neoplasms,colorectal_cancer,CHEMBL4303214,4.0,colorectal adenocarcinoma
Colorectal Neoplasms,colorectal_cancer,CHEMBL3402762,2.0,colorectal neoplasm
Colorectal Neoplasms,colorectal_cancer,CHEMBL3621988,2.0,colorectal carcinoma
Colorectal Neoplasms,colorectal_cancer,CHEMBL4297690,2.0,colorectal adenocarcinoma
Colorectal Neoplasms,colorectal_cancer,CHEMBL4298024,2.0,colorectal adenocarcinoma
Colorectal Neoplasms,colorectal_cancer,CHEMBL4298056,2.0,colorectal adenocarcinoma
Colorectal Neoplasms,colorectal_cancer,CHEMBL1535,2.0,colorectal neoplasm
Colorectal Neoplasms,colorectal_cancer,CHEMBL4303214,4.0,colorectal neoplasm
Colorectal Neoplasms,colorectal_cancer,CHEMBL4297715,2.0,colorectal neoplasm
Colorectal Neoplasms,colorectal_cancer,CHEMBL4594356,1.0,colorectal neoplasm
Colorectal Neoplasms,colorectal_cancer,CHEMBL225071,3.0,colorectal neoplasm
Colorectal Neoplasms,colorectal_cancer,CHEMBL2103979,3.0,colorectal carcinoma
Colorectal Neoplasms,colorectal_cancer,CHEMBL1789844,4.0,colorectal neoplasm
Colorectal Neoplasms,colorectal_cancer,CHEMBL1201585,3.0,colorectal neoplasm
Colorectal Neoplasms,colorectal_cancer,CHEMBL1908841,4.0,colorectal neoplasm
Colorectal Neoplasms,colorectal_cancer,CHEMBL1738797,2.0,colorectal neoplasm
Colorectal Neoplasms,colorectal_cancer,CHEMBL4297190,2.0,colorectal neoplasm
Colorectal Neoplasms,colorectal_cancer,CHEMBL3989868,4.0,colorectal neoplasm
Colorectal Neoplasms,colorectal_cancer,CHEMBL3707227,3.0,colorectal neoplasm
Colorectal Neoplasms,colorectal_cancer,CHEMBL3990044,3.0,colorectal adenocarcinoma
Colorectal Neoplasms,colorectal_cancer,CHEMBL3990044,3.0,colorectal neoplasm
Colorectal Neoplasms,colorectal_cancer,CHEMBL3186849,1.0,colorectal neoplasm
Colorectal Neoplasms,colorectal_cancer,CHEMBL15562,3.0,colorectal neoplasm
Colorectal Neoplasms,colorectal_cancer,CHEMBL4297516,1.0,colorectal carcinoma
Colorectal Neoplasms,colorectal_cancer,CHEMBL4297522,2.0,colorectal carcinoma
Colorectal Neoplasms,colorectal_cancer,CHEMBL4297829,3.0,colorectal neoplasm
Colorectal Neoplasms,colorectal_cancer,CHEMBL4297840,2.0,colorectal neoplasm
Colorectal Neoplasms,colorectal_cancer,CHEMBL4297840,2.0,colorectal carcinoma
Colorectal Neoplasms,colorectal_cancer,CHEMBL4298124,2.0,colorectal carcinoma
Colorectal Neoplasms,colorectal_cancer,CHEMBL4594456,2.0,colorectal carcinoma
Colorectal Neoplasms,colorectal_cancer,CHEMBL4594549,2.0,colorectal carcinoma
Colorectal Neoplasms,colorectal_cancer,CHEMBL4594550,2.0,colorectal carcinoma
Colorectal Neoplasms,colorectal_cancer,CHEMBL4802180,2.0,colorectal adenocarcinoma
Colorectal Neoplasms,colorectal_cancer,CHEMBL5095241,2.0,colorectal carcinoma
Colorectal Neoplasms,colorectal_cancer,CHEMBL5095273,2.0,colorectal neoplasm
Colorectal Neoplasms,colorectal_cancer,CHEMBL2108253,4.0,colorectal neoplasm
Colorectal Neoplasms,colorectal_cancer,CHEMBL2108157,4.0,colorectal neoplasm
Colorectal Neoplasms,colorectal_cancer,CHEMBL3301612,4.0,colorectal neoplasm
Colorectal Neoplasms,colorectal_cancer,CHEMBL3989868,4.0,colorectal carcinoma
Colorectal Neoplasms,colorectal_cancer,CHEMBL2181367,1.0,colorectal neoplasm
Colorectal Neoplasms,colorectal_cancer,CHEMBL4297559,2.0,colorectal adenocarcinoma
Colorectal Neoplasms,colorectal_cancer,CHEMBL4297840,2.0,colorectal adenocarcinoma
Colorectal Neoplasms,colorectal_cancer,CHEMBL4297877,2.0,colorectal neoplasm
Colorectal Neoplasms,colorectal_cancer,CHEMBL4298006,2.0,colorectal neoplasm
Colorectal Neoplasms,colorectal_cancer,CHEMBL4650435,2.0,colorectal neoplasm
Colorectal Neoplasms,colorectal_cancer,CHEMBL491473,2.0,colorectal cancer
Colorectal Neoplasms,colorectal_cancer,CHEMBL2103798,2.0,colorectal cancer
Colorectal Neoplasms,colorectal_cancer,CHEMBL2107846,1.0,colorectal cancer
Colorectal Neoplasms,colorectal_cancer,CHEMBL5314357,1.0,colorectal cancer
Colorectal Neoplasms,colorectal_cancer,CHEMBL1200485,1.0,colorectal cancer
Colorectal Neoplasms,colorectal_cancer,CHEMBL1742982,4.0,colorectal cancer
Colorectal Neoplasms,colorectal_cancer,CHEMBL377300,2.0,colorectal cancer
Colorectal Neoplasms,colorectal_cancer,CHEMBL1743001,2.0,colorectal cancer
Colorectal Neoplasms,colorectal_cancer,CHEMBL27759,1.0,colorectal cancer
Colorectal Neoplasms,colorectal_cancer,CHEMBL3301675,2.0,colorectal carcinoma
Colorectal Neoplasms,colorectal_cancer,CHEMBL1743062,3.0,colorectal cancer
Colorectal Neoplasms,colorectal_cancer,CHEMBL1743064,2.0,colorectal cancer
Colorectal Neoplasms,colorectal_cancer,CHEMBL572878,1.0,colorectal cancer
Colorectal Neoplasms,colorectal_cancer,CHEMBL1628688,2.0,colorectal cancer
Colorectal Neoplasms,colorectal_cancer,CHEMBL2105661,2.0,colorectal cancer
Colorectal Neoplasms,colorectal_cancer,CHEMBL2105665,2.0,colorectal cancer
Colorectal Neoplasms,colorectal_cancer,CHEMBL2107861,1.0,colorectal cancer
Colorectal Neoplasms,colorectal_cancer,CHEMBL1289494,2.0,colorectal cancer
Colorectal Neoplasms,colorectal_cancer,CHEMBL506871,2.0,colorectal cancer
Colorectal Neoplasms,colorectal_cancer,CHEMBL1743006,1.0,colorectal cancer
Colorectal Neoplasms,colorectal_cancer,CHEMBL1614701,2.0,colorectal cancer
Colorectal Neoplasms,colorectal_cancer,CHEMBL1201748,2.0,colorectal cancer
Colorectal Neoplasms,colorectal_cancer,CHEMBL1091644,1.0,colorectal cancer
Colorectal Neoplasms,colorectal_cancer,CHEMBL1229517,2.0,colorectal cancer
Colorectal Neoplasms,colorectal_cancer,CHEMBL2105717,2.0,colorectal adenocarcinoma
Colorectal Neoplasms,colorectal_cancer,CHEMBL2105717,2.0,colorectal cancer
Colorectal Neoplasms,colorectal_cancer,CHEMBL1743051,2.0,colorectal cancer
Colorectal Neoplasms,colorectal_cancer,CHEMBL2103875,2.0,colorectal cancer
Colorectal Neoplasms,colorectal_cancer,CHEMBL1743048,1.0,colorectal cancer
Colorectal Neoplasms,colorectal_cancer,CHEMBL1946170,4.0,colorectal cancer
Colorectal Neoplasms,colorectal_cancer,CHEMBL483254,2.0,colorectal cancer
Colorectal Neoplasms,colorectal_cancer,CHEMBL1873475,1.0,colorectal cancer
Colorectal Neoplasms,colorectal_cancer,CHEMBL2108738,4.0,colorectal cancer
Colorectal Neoplasms,colorectal_cancer,CHEMBL1908360,2.0,colorectal cancer
Colorectal Neoplasms,colorectal_cancer,CHEMBL1908361,4.0,colorectal carcinoma
Colorectal Neoplasms,colorectal_cancer,CHEMBL1908361,4.0,colorectal cancer
Colorectal Neoplasms,colorectal_cancer,CHEMBL730,0.5,colorectal cancer
Colorectal Neoplasms,colorectal_cancer,CHEMBL1434,2.0,colorectal cancer
Colorectal Neoplasms,colorectal_cancer,CHEMBL77305,2.0,colorectal cancer
Colorectal Neoplasms,colorectal_cancer,CHEMBL225071,3.0,colorectal cancer
Colorectal Neoplasms,colorectal_cancer,CHEMBL1200711,1.0,colorectal cancer
Colorectal Neoplasms,colorectal_cancer,CHEMBL1977579,1.0,colorectal cancer
Colorectal Neoplasms,colorectal_cancer,CHEMBL11359,3.0,colorectal cancer
Colorectal Neoplasms,colorectal_cancer,CHEMBL1006,2.0,colorectal cancer
Colorectal Neoplasms,colorectal_cancer,CHEMBL3989514,3.0,colorectal cancer
Colorectal Neoplasms,colorectal_cancer,CHEMBL3545252,2.0,colorectal cancer
Colorectal Neoplasms,colorectal_cancer,CHEMBL1200480,3.0,colorectal cancer
Colorectal Neoplasms,colorectal_cancer,CHEMBL1358,1.0,colorectal cancer
Colorectal Neoplasms,colorectal_cancer,CHEMBL1234579,3.0,colorectal cancer
Colorectal Neoplasms,colorectal_cancer,CHEMBL160,3.0,colorectal cancer
Colorectal Neoplasms,colorectal_cancer,CHEMBL566,3.0,colorectal cancer
Colorectal Neoplasms,colorectal_cancer,CHEMBL501867,3.0,colorectal cancer
Colorectal Neoplasms,colorectal_cancer,CHEMBL44657,3.0,colorectal cancer
Colorectal Neoplasms,colorectal_cancer,CHEMBL1431,3.0,colorectal cancer
Colorectal Neoplasms,colorectal_cancer,CHEMBL413376,1.0,colorectal cancer
Colorectal Neoplasms,colorectal_cancer,CHEMBL428647,2.0,colorectal cancer
Colorectal Neoplasms,colorectal_cancer,CHEMBL118,3.0,colorectal cancer
Colorectal Neoplasms,colorectal_cancer,CHEMBL196,3.0,colorectal cancer
Colorectal Neoplasms,colorectal_cancer,CHEMBL1042,3.0,colorectal cancer
Colorectal Neoplasms,colorectal_cancer,CHEMBL5483015,1.0,colorectal cancer
Colorectal Neoplasms,colorectal_cancer,CHEMBL25,3.0,colorectal cancer
Colorectal Neoplasms,colorectal_cancer,CHEMBL1159650,2.0,colorectal adenocarcinoma
Colorectal Neoplasms,colorectal_cancer,CHEMBL1159650,2.0,colorectal carcinoma
Colorectal Neoplasms,colorectal_cancer,CHEMBL902,1.0,colorectal cancer
Colorectal Neoplasms,colorectal_cancer,CHEMBL355200,3.0,colorectal cancer
Colorectal Neoplasms,colorectal_cancer,CHEMBL384467,3.0,colorectal cancer
Colorectal Neoplasms,colorectal_cancer,CHEMBL460026,2.0,colorectal cancer
Colorectal Neoplasms,colorectal_cancer,CHEMBL1770,3.0,colorectal cancer
Colorectal Neoplasms,colorectal_cancer,CHEMBL1646,3.0,colorectal cancer
Colorectal Neoplasms,colorectal_cancer,CHEMBL77517,2.0,colorectal cancer
Colorectal Neoplasms,colorectal_cancer,CHEMBL1201138,3.0,colorectal cancer
Colorectal Neoplasms,colorectal_cancer,CHEMBL1201752,2.0,colorectal cancer
Colorectal Neoplasms,colorectal_cancer,CHEMBL185,3.0,colorectal cancer
Colorectal Neoplasms,colorectal_cancer,CHEMBL118218,2.0,colorectal cancer
Colorectal Neoplasms,colorectal_cancer,CHEMBL917,3.0,colorectal cancer
Colorectal Neoplasms,colorectal_cancer,CHEMBL1622,3.0,colorectal cancer
Colorectal Neoplasms,colorectal_cancer,CHEMBL1637,2.0,colorectal cancer
Colorectal Neoplasms,colorectal_cancer,CHEMBL41,1.0,colorectal adenocarcinoma
Colorectal Neoplasms,colorectal_cancer,CHEMBL141,2.0,colorectal cancer
Colorectal Neoplasms,colorectal_cancer,CHEMBL1448,2.0,colorectal cancer
Colorectal Neoplasms,colorectal_cancer,CHEMBL142438,3.0,colorectal cancer
Colorectal Neoplasms,colorectal_cancer,CHEMBL704,2.0,colorectal cancer
Colorectal Neoplasms,colorectal_cancer,CHEMBL852,3.0,colorectal cancer
Colorectal Neoplasms,colorectal_cancer,CHEMBL34259,2.0,colorectal cancer
Colorectal Neoplasms,colorectal_cancer,CHEMBL105,3.0,colorectal cancer
Colorectal Neoplasms,colorectal_cancer,CHEMBL526,1.0,colorectal cancer
Colorectal Neoplasms,colorectal_cancer,CHEMBL181932,3.0,colorectal cancer
Colorectal Neoplasms,colorectal_cancer,CHEMBL137,3.0,colorectal cancer
Colorectal Neoplasms,colorectal_cancer,CHEMBL372764,3.0,colorectal cancer
Colorectal Neoplasms,colorectal_cancer,CHEMBL122,3.0,colorectal cancer
Colorectal Neoplasms,colorectal_cancer,CHEMBL55,2.0,colorectal cancer
Colorectal Neoplasms,colorectal_cancer,CHEMBL113178,2.0,colorectal cancer
Colorectal Neoplasms,colorectal_cancer,CHEMBL20883,3.0,colorectal cancer
Colorectal Neoplasms,colorectal_cancer,CHEMBL810,2.0,colorectal cancer
Colorectal Neoplasms,colorectal_cancer,CHEMBL12948,3.0,colorectal cancer
Colorectal Neoplasms,colorectal_cancer,CHEMBL414804,3.0,colorectal cancer
Colorectal Neoplasms,colorectal_cancer,CHEMBL468,3.0,colorectal cancer
Colorectal Neoplasms,colorectal_cancer,CHEMBL1200694,1.0,colorectal cancer
Colorectal Neoplasms,colorectal_cancer,CHEMBL15770,3.0,colorectal cancer
Colorectal Neoplasms,colorectal_cancer,CHEMBL4297192,3.0,colorectal cancer
Colorectal Neoplasms,colorectal_cancer,CHEMBL1551,2.0,colorectal cancer
Colorectal Neoplasms,colorectal_cancer,CHEMBL38,2.0,colorectal cancer
Colorectal Neoplasms,colorectal_cancer,CHEMBL79,3.0,colorectal cancer
Colorectal Neoplasms,colorectal_cancer,CHEMBL1536,1.0,colorectal cancer
Colorectal Neoplasms,colorectal_cancer,CHEMBL289228,2.0,colorectal cancer
Colorectal Neoplasms,colorectal_cancer,CHEMBL513,2.0,colorectal cancer
Colorectal Neoplasms,colorectal_cancer,CHEMBL1351,3.0,colorectal cancer
Colorectal Neoplasms,colorectal_cancer,CHEMBL1620,1.0,colorectal cancer
Colorectal Neoplasms,colorectal_cancer,CHEMBL2360464,2.0,colorectal cancer
Colorectal Neoplasms,colorectal_cancer,CHEMBL109,1.0,colorectal cancer
Colorectal Neoplasms,colorectal_cancer,CHEMBL1129,4.0,colorectal cancer
Colorectal Neoplasms,colorectal_cancer,CHEMBL3989727,3.0,colorectal cancer
Colorectal Neoplasms,colorectal_cancer,CHEMBL656,1.0,colorectal cancer
Colorectal Neoplasms,colorectal_cancer,CHEMBL1200796,2.0,colorectal neoplasm
Colorectal Neoplasms,colorectal_cancer,CHEMBL1200796,2.0,colorectal cancer
Colorectal Neoplasms,colorectal_cancer,CHEMBL930,3.0,colorectal adenocarcinoma
Colorectal Neoplasms,colorectal_cancer,CHEMBL359744,3.0,colorectal cancer
Colorectal Neoplasms,colorectal_cancer,CHEMBL31634,1.0,colorectal cancer
Colorectal Neoplasms,colorectal_cancer,CHEMBL488025,2.0,colorectal cancer
Colorectal Neoplasms,colorectal_cancer,CHEMBL1489,1.0,colorectal cancer
Colorectal Neoplasms,colorectal_cancer,CHEMBL1079742,2.0,colorectal cancer
Colorectal Neoplasms,colorectal_cancer,CHEMBL1730601,3.0,colorectal cancer
Colorectal Neoplasms,colorectal_cancer,CHEMBL778,3.0,colorectal cancer
Colorectal Neoplasms,colorectal_cancer,CHEMBL1697,0.5,colorectal cancer
Colorectal Neoplasms,colorectal_cancer,CHEMBL1773,4.0,colorectal cancer
Colorectal Neoplasms,colorectal_cancer,CHEMBL298734,1.0,colorectal cancer
Colorectal Neoplasms,colorectal_cancer,CHEMBL939,2.0,colorectal cancer
Colorectal Neoplasms,colorectal_cancer,CHEMBL1503,2.0,colorectal cancer
Colorectal Neoplasms,colorectal_cancer,CHEMBL888,2.0,colorectal cancer
Colorectal Neoplasms,colorectal_cancer,CHEMBL685,3.0,colorectal cancer
Colorectal Neoplasms,colorectal_cancer,CHEMBL276711,3.0,colorectal cancer
Colorectal Neoplasms,colorectal_cancer,CHEMBL2218878,2.0,colorectal cancer
Colorectal Neoplasms,colorectal_cancer,CHEMBL3989857,3.0,colorectal cancer
Colorectal Neoplasms,colorectal_cancer,CHEMBL1064,3.0,colorectal cancer
Colorectal Neoplasms,colorectal_cancer,CHEMBL1201438,1.0,colorectal cancer
Colorectal Neoplasms,colorectal_cancer,CHEMBL2108905,3.0,colorectal cancer
Colorectal Neoplasms,colorectal_cancer,CHEMBL2109042,2.0,colorectal cancer
Colorectal Neoplasms,colorectal_cancer,CHEMBL2108465,2.0,colorectal cancer
Colorectal Neoplasms,colorectal_cancer,CHEMBL2108467,2.0,colorectal cancer
Colorectal Neoplasms,colorectal_cancer,CHEMBL2007641,2.0,colorectal cancer
Colorectal Neoplasms,colorectal_cancer,CHEMBL2108875,2.0,colorectal cancer
Colorectal Neoplasms,colorectal_cancer,CHEMBL2108796,1.0,colorectal cancer
Colorectal Neoplasms,colorectal_cancer,CHEMBL2108955,2.0,colorectal cancer
Colorectal Neoplasms,colorectal_cancer,CHEMBL2108506,3.0,colorectal cancer
Colorectal Neoplasms,colorectal_cancer,CHEMBL2109229,1.0,colorectal cancer
Colorectal Neoplasms,colorectal_cancer,CHEMBL2107085,1.0,colorectal cancer
Colorectal Neoplasms,colorectal_cancer,CHEMBL3989496,2.0,colorectal neoplasm
Colorectal Neoplasms,colorectal_cancer,CHEMBL3544907,1.0,colorectal cancer
Colorectal Neoplasms,colorectal_cancer,CHEMBL2107123,2.0,colorectal cancer
Colorectal Neoplasms,colorectal_cancer,CHEMBL2107313,2.0,colorectal cancer
Colorectal Neoplasms,colorectal_cancer,CHEMBL270995,3.0,colorectal cancer
Colorectal Neoplasms,colorectal_cancer,CHEMBL3301676,1.0,colorectal cancer
Colorectal Neoplasms,colorectal_cancer,CHEMBL607707,2.0,colorectal neoplasm
Colorectal Neoplasms,colorectal_cancer,CHEMBL2108018,2.0,colorectal cancer
Colorectal Neoplasms,colorectal_cancer,CHEMBL2108609,1.0,colorectal cancer
Colorectal Neoplasms,colorectal_cancer,CHEMBL2108628,1.0,colorectal cancer
Colorectal Neoplasms,colorectal_cancer,CHEMBL2108658,2.0,colorectal cancer
Colorectal Neoplasms,colorectal_cancer,CHEMBL98,2.0,colorectal cancer
Colorectal Neoplasms,colorectal_cancer,CHEMBL24828,2.0,colorectal neoplasm
Colorectal Neoplasms,colorectal_cancer,CHEMBL24828,2.0,colorectal cancer
Colorectal Neoplasms,colorectal_cancer,CHEMBL31422,3.0,colorectal cancer
Colorectal Neoplasms,colorectal_cancer,CHEMBL848,2.0,colorectal cancer
Colorectal Neoplasms,colorectal_cancer,CHEMBL109480,1.0,colorectal cancer
Colorectal Neoplasms,colorectal_cancer,CHEMBL180022,1.0,colorectal cancer
Colorectal Neoplasms,colorectal_cancer,CHEMBL1421,1.0,colorectal cancer
Colorectal Neoplasms,colorectal_cancer,CHEMBL361497,2.0,colorectal cancer
Colorectal Neoplasms,colorectal_cancer,CHEMBL601719,1.0,colorectal cancer
Colorectal Neoplasms,colorectal_cancer,CHEMBL1201182,1.0,colorectal cancer
Colorectal Neoplasms,colorectal_cancer,CHEMBL343448,2.0,colorectal cancer
Colorectal Neoplasms,colorectal_cancer,CHEMBL1289926,2.0,colorectal cancer
Colorectal Neoplasms,colorectal_cancer,CHEMBL1201568,2.0,colorectal cancer
Colorectal Neoplasms,colorectal_cancer,CHEMBL1201827,4.0,colorectal cancer
Colorectal Neoplasms,colorectal_cancer,CHEMBL1237022,1.0,colorectal cancer
Colorectal Neoplasms,colorectal_cancer,CHEMBL1237023,2.0,colorectal cancer
Colorectal Neoplasms,colorectal_cancer,CHEMBL1743008,1.0,colorectal cancer
Colorectal Neoplasms,colorectal_cancer,CHEMBL1789844,4.0,colorectal cancer
Colorectal Neoplasms,colorectal_cancer,CHEMBL1201583,4.0,colorectal cancer
Colorectal Neoplasms,colorectal_cancer,CHEMBL1201577,4.0,colorectal cancer
Colorectal Neoplasms,colorectal_cancer,CHEMBL1201460,3.0,colorectal cancer
Colorectal Neoplasms,colorectal_cancer,CHEMBL1201567,2.0,colorectal cancer
Colorectal Neoplasms,colorectal_cancer,CHEMBL1201657,3.0,colorectal cancer
Colorectal Neoplasms,colorectal_cancer,CHEMBL1201670,2.0,colorectal cancer
Colorectal Neoplasms,colorectal_cancer,CHEMBL1201585,3.0,colorectal cancer
Colorectal Neoplasms,colorectal_cancer,CHEMBL2109643,1.0,colorectal cancer
Colorectal Neoplasms,colorectal_cancer,CHEMBL2109642,1.0,colorectal cancer
Colorectal Neoplasms,colorectal_cancer,CHEMBL2109503,1.0,colorectal cancer
Colorectal Neoplasms,colorectal_cancer,CHEMBL2109293,1.0,colorectal cancer
Colorectal Neoplasms,colorectal_cancer,CHEMBL2109589,1.0,colorectal cancer
Colorectal Neoplasms,colorectal_cancer,CHEMBL2109506,1.0,colorectal cancer
Colorectal Neoplasms,colorectal_cancer,CHEMBL2109680,1.0,colorectal cancer
Colorectal Neoplasms,colorectal_cancer,CHEMBL2109435,1.0,colorectal cancer
Colorectal Neoplasms,colorectal_cancer,CHEMBL2109477,1.0,colorectal cancer
Colorectal Neoplasms,colorectal_cancer,CHEMBL2109322,1.0,colorectal cancer
Colorectal Neoplasms,colorectal_cancer,CHEMBL2109343,2.0,colorectal cancer
Colorectal Neoplasms,colorectal_cancer,CHEMBL2109576,1.0,colorectal cancer
Colorectal Neoplasms,colorectal_cancer,CHEMBL2109679,1.0,colorectal cancer
Colorectal Neoplasms,colorectal_cancer,CHEMBL2108359,2.0,colorectal cancer
Colorectal Neoplasms,colorectal_cancer,CHEMBL2109653,3.0,colorectal cancer
Colorectal Neoplasms,colorectal_cancer,CHEMBL2108683,2.0,colorectal cancer
Colorectal Neoplasms,colorectal_cancer,CHEMBL2107832,1.0,colorectal cancer
Colorectal Neoplasms,colorectal_cancer,CHEMBL1364,2.0,colorectal cancer
Colorectal Neoplasms,colorectal_cancer,CHEMBL1679,3.0,colorectal cancer
Colorectal Neoplasms,colorectal_cancer,CHEMBL1175,2.0,colorectal cancer
Colorectal Neoplasms,colorectal_cancer,CHEMBL1535,2.0,colorectal cancer
Colorectal Neoplasms,colorectal_cancer,CHEMBL225072,2.0,colorectal cancer
Colorectal Neoplasms,colorectal_cancer,CHEMBL1487,1.0,colorectal adenocarcinoma
Colorectal Neoplasms,colorectal_cancer,CHEMBL1496,3.0,colorectal cancer
Colorectal Neoplasms,colorectal_cancer,CHEMBL554,2.0,colorectal cancer
Colorectal Neoplasms,colorectal_cancer,CHEMBL941,1.0,colorectal cancer
Colorectal Neoplasms,colorectal_cancer,CHEMBL481,3.0,colorectal cancer
Colorectal Neoplasms,colorectal_cancer,CHEMBL2110732,1.0,colorectal cancer
Colorectal Neoplasms,colorectal_cancer,CHEMBL830,3.0,colorectal cancer
Colorectal Neoplasms,colorectal_cancer,CHEMBL601,1.0,colorectal adenocarcinoma
Colorectal Neoplasms,colorectal_cancer,CHEMBL553,3.0,colorectal cancer
Colorectal Neoplasms,colorectal_cancer,CHEMBL300138,2.0,colorectal cancer
Colorectal Neoplasms,colorectal_cancer,CHEMBL1201766,1.0,colorectal cancer
Colorectal Neoplasms,colorectal_cancer,CHEMBL1908841,4.0,colorectal cancer
Colorectal Neoplasms,colorectal_cancer,CHEMBL1201479,3.0,colorectal cancer
Colorectal Neoplasms,colorectal_cancer,CHEMBL1200496,3.0,colorectal cancer
Colorectal Neoplasms,colorectal_cancer,CHEMBL1200689,1.0,colorectal cancer
Colorectal Neoplasms,colorectal_cancer,CHEMBL1567,1.0,colorectal cancer
Colorectal Neoplasms,colorectal_cancer,CHEMBL2017974,1.0,colorectal cancer
Colorectal Neoplasms,colorectal_cancer,CHEMBL2146883,3.0,colorectal cancer
Colorectal Neoplasms,colorectal_cancer,CHEMBL2109389,2.0,colorectal cancer
Colorectal Neoplasms,colorectal_cancer,CHEMBL502835,3.0,colorectal adenocarcinoma
Colorectal Neoplasms,colorectal_cancer,CHEMBL502835,3.0,colorectal cancer
Colorectal Neoplasms,colorectal_cancer,CHEMBL3039558,2.0,colorectal cancer
Colorectal Neoplasms,colorectal_cancer,CHEMBL2109384,1.0,colorectal cancer
Colorectal Neoplasms,colorectal_cancer,CHEMBL5314381,1.0,colorectal cancer
Colorectal Neoplasms,colorectal_cancer,CHEMBL2109667,2.0,colorectal cancer
Colorectal Neoplasms,colorectal_cancer,CHEMBL3137331,2.0,colorectal cancer
Colorectal Neoplasms,colorectal_cancer,CHEMBL521686,2.0,colorectal cancer
Colorectal Neoplasms,colorectal_cancer,CHEMBL2035187,2.0,colorectal cancer
Colorectal Neoplasms,colorectal_cancer,CHEMBL3137320,1.0,colorectal cancer
Colorectal Neoplasms,colorectal_cancer,CHEMBL235668,3.0,colorectal cancer
Colorectal Neoplasms,colorectal_cancer,CHEMBL65375,4.0,colorectal neoplasm
Colorectal Neoplasms,colorectal_cancer,CHEMBL65375,4.0,colorectal carcinoma
Colorectal Neoplasms,colorectal_cancer,CHEMBL65375,4.0,colorectal cancer
Colorectal Neoplasms,colorectal_cancer,CHEMBL3137343,3.0,colorectal cancer
Colorectal Neoplasms,colorectal_cancer,CHEMBL3137345,2.0,colorectal cancer
Colorectal Neoplasms,colorectal_cancer,CHEMBL3301610,1.0,colorectal cancer
Colorectal Neoplasms,colorectal_cancer,CHEMBL3187723,2.0,colorectal cancer
Colorectal Neoplasms,colorectal_cancer,CHEMBL3301612,4.0,colorectal cancer
Colorectal Neoplasms,colorectal_cancer,CHEMBL3301587,2.0,colorectal cancer
Colorectal Neoplasms,colorectal_cancer,CHEMBL3545248,1.0,colorectal cancer
Colorectal Neoplasms,colorectal_cancer,CHEMBL4297190,2.0,colorectal cancer
Colorectal Neoplasms,colorectal_cancer,CHEMBL3353410,2.0,colorectal cancer
Colorectal Neoplasms,colorectal_cancer,CHEMBL3545366,1.0,colorectal cancer
Colorectal Neoplasms,colorectal_cancer,CHEMBL3545307,1.0,colorectal cancer
Colorectal Neoplasms,colorectal_cancer,CHEMBL2109295,1.0,colorectal cancer
Colorectal Neoplasms,colorectal_cancer,CHEMBL3545131,1.0,colorectal cancer
Colorectal Neoplasms,colorectal_cancer,CHEMBL2402737,1.0,colorectal cancer
Colorectal Neoplasms,colorectal_cancer,CHEMBL3545259,2.0,colorectal cancer
Colorectal Neoplasms,colorectal_cancer,CHEMBL64130,3.0,colorectal cancer
Colorectal Neoplasms,colorectal_cancer,CHEMBL5314386,1.0,colorectal cancer
Colorectal Neoplasms,colorectal_cancer,CHEMBL4213970,1.0,colorectal cancer
Colorectal Neoplasms,colorectal_cancer,CHEMBL3348923,1.0,colorectal cancer
Colorectal Neoplasms,colorectal_cancer,CHEMBL4303729,1.0,colorectal cancer
Colorectal Neoplasms,colorectal_cancer,CHEMBL3264002,2.0,colorectal adenocarcinoma
Colorectal Neoplasms,colorectal_cancer,CHEMBL3264002,2.0,colorectal cancer
Colorectal Neoplasms,colorectal_cancer,CHEMBL3989870,1.0,colorectal carcinoma
Colorectal Neoplasms,colorectal_cancer,CHEMBL4303201,2.0,colorectal cancer
Colorectal Neoplasms,colorectal_cancer,CHEMBL3334567,1.0,colorectal cancer
Colorectal Neoplasms,colorectal_cancer,CHEMBL2396661,2.0,colorectal cancer
Colorectal Neoplasms,colorectal_cancer,CHEMBL105442,2.0,colorectal cancer
Colorectal Neoplasms,colorectal_cancer,CHEMBL52885,2.0,colorectal cancer
Colorectal Neoplasms,colorectal_cancer,CHEMBL4303214,4.0,colorectal cancer
Colorectal Neoplasms,colorectal_cancer,CHEMBL507361,1.0,colorectal cancer
Colorectal Neoplasms,colorectal_cancer,CHEMBL3545027,1.0,colorectal cancer
Colorectal Neoplasms,colorectal_cancer,CHEMBL5314391,2.0,colorectal cancer
Colorectal Neoplasms,colorectal_cancer,CHEMBL3545110,1.0,colorectal cancer
Colorectal Neoplasms,colorectal_cancer,CHEMBL274654,1.0,colorectal cancer
Colorectal Neoplasms,colorectal_cancer,CHEMBL3545414,2.0,colorectal cancer
Colorectal Neoplasms,colorectal_cancer,CHEMBL3647420,2.0,colorectal cancer
Colorectal Neoplasms,colorectal_cancer,CHEMBL3809489,1.0,colorectal cancer
Colorectal Neoplasms,colorectal_cancer,CHEMBL3545280,2.0,colorectal cancer
Colorectal Neoplasms,colorectal_cancer,CHEMBL3186534,3.0,colorectal adenocarcinoma
Colorectal Neoplasms,colorectal_cancer,CHEMBL3186534,3.0,colorectal neoplasm
Colorectal Neoplasms,colorectal_cancer,CHEMBL3186534,3.0,colorectal cancer
Colorectal Neoplasms,colorectal_cancer,CHEMBL3707227,3.0,colorectal cancer
Colorectal Neoplasms,colorectal_cancer,CHEMBL3621988,2.0,colorectal cancer
Colorectal Neoplasms,colorectal_cancer,CHEMBL3833373,2.0,colorectal cancer
Colorectal Neoplasms,colorectal_cancer,CHEMBL3990016,2.0,colorectal carcinoma
Colorectal Neoplasms,colorectal_cancer,CHEMBL3990016,2.0,colorectal cancer
Colorectal Neoplasms,colorectal_cancer,CHEMBL140,2.0,colorectal cancer
Colorectal Neoplasms,colorectal_cancer,CHEMBL20684,2.0,colorectal cancer
Colorectal Neoplasms,colorectal_cancer,CHEMBL449158,2.0,colorectal cancer
Colorectal Neoplasms,colorectal_cancer,CHEMBL44,1.0,colorectal cancer
Colorectal Neoplasms,colorectal_cancer,CHEMBL96172,2.0,colorectal cancer
Colorectal Neoplasms,colorectal_cancer,CHEMBL15562,3.0,colorectal cancer
Colorectal Neoplasms,colorectal_cancer,CHEMBL219568,2.0,colorectal cancer
Colorectal Neoplasms,colorectal_cancer,CHEMBL407874,2.0,colorectal cancer
Colorectal Neoplasms,colorectal_cancer,CHEMBL135626,2.0,colorectal cancer
Colorectal Neoplasms,colorectal_cancer,CHEMBL166937,2.0,colorectal cancer
Colorectal Neoplasms,colorectal_cancer,CHEMBL4297300,1.0,colorectal carcinoma
Colorectal Neoplasms,colorectal_cancer,CHEMBL337450,2.0,colorectal cancer
Colorectal Neoplasms,colorectal_cancer,CHEMBL120643,2.0,colorectal cancer
Colorectal Neoplasms,colorectal_cancer,CHEMBL1905073,2.0,colorectal cancer
Colorectal Neoplasms,colorectal_cancer,CHEMBL4297376,1.0,colorectal cancer
Colorectal Neoplasms,colorectal_cancer,CHEMBL837,2.0,colorectal cancer
Colorectal Neoplasms,colorectal_cancer,CHEMBL169896,1.0,colorectal cancer
Colorectal Neoplasms,colorectal_cancer,CHEMBL405110,4.0,colorectal neoplasm
Colorectal Neoplasms,colorectal_cancer,CHEMBL1234270,3.0,colorectal cancer
Colorectal Neoplasms,colorectal_cancer,CHEMBL4297636,2.0,colorectal cancer
Colorectal Neoplasms,colorectal_cancer,CHEMBL4297571,2.0,colorectal cancer
Colorectal Neoplasms,colorectal_cancer,CHEMBL4297690,2.0,colorectal cancer
Colorectal Neoplasms,colorectal_cancer,CHEMBL4297570,1.0,colorectal neoplasm
Colorectal Neoplasms,colorectal_cancer,CHEMBL4297570,1.0,colorectal cancer
Colorectal Neoplasms,colorectal_cancer,CHEMBL4297715,2.0,colorectal cancer
Colorectal Neoplasms,colorectal_cancer,CHEMBL4297721,1.0,colorectal cancer
Colorectal Neoplasms,colorectal_cancer,CHEMBL4297723,2.0,colorectal cancer
Colorectal Neoplasms,colorectal_cancer,CHEMBL4297784,3.0,colorectal cancer
Colorectal Neoplasms,colorectal_cancer,CHEMBL4297785,2.0,colorectal cancer
Colorectal Neoplasms,colorectal_cancer,CHEMBL4297787,2.0,colorectal cancer
Colorectal Neoplasms,colorectal_cancer,CHEMBL4297828,1.0,colorectal cancer
Colorectal Neoplasms,colorectal_cancer,CHEMBL4297829,3.0,colorectal cancer
Colorectal Neoplasms,colorectal_cancer,CHEMBL4297840,2.0,colorectal cancer
Colorectal Neoplasms,colorectal_cancer,CHEMBL4297843,2.0,colorectal cancer
Colorectal Neoplasms,colorectal_cancer,CHEMBL4297844,2.0,colorectal cancer
Colorectal Neoplasms,colorectal_cancer,CHEMBL4740383,1.0,colorectal cancer
Colorectal Neoplasms,colorectal_cancer,CHEMBL4297858,1.0,colorectal cancer
Colorectal Neoplasms,colorectal_cancer,CHEMBL4297877,2.0,colorectal cancer
Colorectal Neoplasms,colorectal_cancer,CHEMBL4297946,2.0,colorectal cancer
Colorectal Neoplasms,colorectal_cancer,CHEMBL4297960,2.0,colorectal cancer
Colorectal Neoplasms,colorectal_cancer,CHEMBL4297985,1.0,colorectal cancer
Colorectal Neoplasms,colorectal_cancer,CHEMBL4297993,1.0,colorectal cancer
Colorectal Neoplasms,colorectal_cancer,CHEMBL4298006,2.0,colorectal cancer
Colorectal Neoplasms,colorectal_cancer,CHEMBL4298085,2.0,colorectal cancer
Colorectal Neoplasms,colorectal_cancer,CHEMBL4298091,1.0,colorectal cancer
Colorectal Neoplasms,colorectal_cancer,CHEMBL4594456,2.0,colorectal adenocarcinoma
Colorectal Neoplasms,colorectal_cancer,CHEMBL4594456,2.0,colorectal cancer
Colorectal Neoplasms,colorectal_cancer,CHEMBL4594495,1.0,colorectal cancer
Colorectal Neoplasms,colorectal_cancer,CHEMBL4594550,2.0,colorectal cancer
Colorectal Neoplasms,colorectal_cancer,CHEMBL4594562,2.0,colorectal cancer
Colorectal Neoplasms,colorectal_cancer,CHEMBL4594350,1.0,colorectal cancer
Colorectal Neoplasms,colorectal_cancer,CHEMBL4535757,3.0,colorectal cancer
Colorectal Neoplasms,colorectal_cancer,CHEMBL4650299,3.0,colorectal adenocarcinoma
Colorectal Neoplasms,colorectal_cancer,CHEMBL4650387,1.0,colorectal cancer
Colorectal Neoplasms,colorectal_cancer,CHEMBL4650400,2.0,colorectal cancer
Colorectal Neoplasms,colorectal_cancer,CHEMBL4650419,2.0,colorectal cancer
Colorectal Neoplasms,colorectal_cancer,CHEMBL4650435,2.0,colorectal cancer
Colorectal Neoplasms,colorectal_cancer,CHEMBL4650483,2.0,colorectal cancer
Colorectal Neoplasms,colorectal_cancer,CHEMBL4650496,1.0,colorectal cancer
Colorectal Neoplasms,colorectal_cancer,CHEMBL4650827,1.0,colorectal cancer
Colorectal Neoplasms,colorectal_cancer,CHEMBL4802172,1.0,colorectal cancer
Colorectal Neoplasms,colorectal_cancer,CHEMBL5095273,2.0,colorectal cancer
Colorectal Neoplasms,colorectal_cancer,CHEMBL5095277,2.0,colorectal cancer
Colorectal Neoplasms,colorectal_cancer,CHEMBL5095278,1.0,colorectal cancer
Colorectal Neoplasms,colorectal_cancer,CHEMBL5095280,3.0,colorectal cancer
Colorectal Neoplasms,colorectal_cancer,CHEMBL5095339,2.0,colorectal cancer
Colorectal Neoplasms,colorectal_cancer,CHEMBL5095352,1.0,colorectal cancer
Colorectal Neoplasms,colorectal_cancer,CHEMBL5095384,2.0,colorectal cancer
Colorectal Neoplasms,colorectal_cancer,CHEMBL5095385,2.0,colorectal cancer
Colorectal Neoplasms,colorectal_cancer,CHEMBL5314428,3.0,colorectal cancer
Colorectal Neoplasms,colorectal_cancer,CHEMBL5314570,2.0,colorectal cancer
Colorectal Neoplasms,colorectal_cancer,CHEMBL5314998,2.0,colorectal cancer
Colorectal Neoplasms,colorectal_cancer,CHEMBL20489,1.0,colorectal neoplasm
Colorectal Neoplasms,colorectal_cancer,CHEMBL5315122,2.0,colorectal carcinoma
Colorectal Neoplasms,colorectal_cancer,CHEMBL6068392,1.0,colorectal adenocarcinoma
Colorectal Neoplasms,colorectal_cancer,CHEMBL6068392,1.0,colorectal cancer
Colorectal Neoplasms,colorectal_cancer,CHEMBL6068402,1.0,colorectal neoplasm
Colorectal Neoplasms,colorectal_cancer,CHEMBL6068451,1.0,colorectal cancer
Colorectal Neoplasms,colorectal_cancer,CHEMBL6068291,2.0,colorectal neoplasm
Colorectal Neoplasms,colorectal_cancer,CHEMBL6068503,3.0,colorectal cancer
Colorectal Neoplasms,colorectal_cancer,CHEMBL6068555,1.0,colorectal adenocarcinoma
Colorectal Neoplasms,colorectal_cancer,CHEMBL6068562,2.0,colorectal carcinoma
Colorectal Neoplasms,colorectal_cancer,CHEMBL6068592,3.0,colorectal adenocarcinoma
Melanoma,melanoma,CHEMBL1201438,4.0,metastatic melanoma
Melanoma,melanoma,CHEMBL467,4.0,melanoma
Melanoma,melanoma,CHEMBL1789844,4.0,melanoma
Melanoma,melanoma,CHEMBL2105704,1.0,metastatic melanoma
Melanoma,melanoma,CHEMBL428647,3.0,melanoma
Melanoma,melanoma,CHEMBL428647,3.0,metastatic melanoma
Melanoma,melanoma,CHEMBL1229517,4.0,melanoma
Melanoma,melanoma,CHEMBL1789844,4.0,metastatic melanoma
Melanoma,melanoma,CHEMBL1201560,3.0,melanoma
Melanoma,melanoma,CHEMBL3137343,4.0,melanoma
Melanoma,melanoma,CHEMBL1201576,2.0,metastatic melanoma
Melanoma,melanoma,CHEMBL1229517,4.0,metastatic melanoma
Melanoma,melanoma,CHEMBL2105729,4.0,melanoma
Melanoma,melanoma,CHEMBL1201550,2.0,melanoma
Melanoma,melanoma,CHEMBL964,2.0,melanoma
Melanoma,melanoma,CHEMBL1642,2.0,melanoma
Melanoma,melanoma,CHEMBL1201561,4.0,melanoma
Melanoma,melanoma,CHEMBL1421,2.0,metastatic melanoma
Melanoma,melanoma,CHEMBL2108738,4.0,melanoma
Melanoma,melanoma,CHEMBL1282,2.0,melanoma
Melanoma,melanoma,CHEMBL2108738,4.0,cutaneous melanoma
Melanoma,melanoma,CHEMBL2108738,4.0,metastatic melanoma
Melanoma,melanoma,CHEMBL3137343,4.0,metastatic melanoma
Melanoma,melanoma,CHEMBL501867,1.0,melanoma
Melanoma,melanoma,CHEMBL1201583,2.0,metastatic melanoma
Melanoma,melanoma,CHEMBL957,2.0,melanoma
Melanoma,melanoma,CHEMBL2108508,3.0,melanoma
Melanoma,melanoma,CHEMBL1201558,4.0,cutaneous melanoma
Melanoma,melanoma,CHEMBL1201558,4.0,melanoma
Melanoma,melanoma,CHEMBL1200485,3.0,melanoma
Melanoma,melanoma,CHEMBL1421,2.0,melanoma
Melanoma,melanoma,CHEMBL744,2.0,cutaneous melanoma
Melanoma,melanoma,CHEMBL2364607,4.0,metastatic melanoma
Melanoma,melanoma,CHEMBL2105729,4.0,metastatic melanoma
Melanoma,melanoma,CHEMBL476,4.0,metastatic melanoma
Melanoma,melanoma,CHEMBL2105741,4.0,metastatic melanoma
Melanoma,melanoma,CHEMBL383322,2.0,cutaneous melanoma
Melanoma,melanoma,CHEMBL1201752,2.0,melanoma
Melanoma,melanoma,CHEMBL1201438,4.0,melanoma
Melanoma,melanoma,CHEMBL810,3.0,melanoma
Melanoma,melanoma,CHEMBL1200796,3.0,melanoma
Melanoma,melanoma,CHEMBL374478,1.0,melanoma
Melanoma,melanoma,CHEMBL476,4.0,melanoma
Melanoma,melanoma,CHEMBL11359,3.0,melanoma
Melanoma,melanoma,CHEMBL600,2.0,melanoma
Melanoma,melanoma,CHEMBL1201670,3.0,melanoma
Melanoma,melanoma,CHEMBL2108061,2.0,melanoma
Melanoma,melanoma,CHEMBL383322,2.0,melanoma
Melanoma,melanoma,CHEMBL3187723,4.0,metastatic melanoma
Melanoma,melanoma,CHEMBL2109416,1.0,metastatic melanoma
Melanoma,melanoma,CHEMBL1201670,3.0,cutaneous melanoma
Melanoma,melanoma,CHEMBL1201438,4.0,cutaneous melanoma
Melanoma,melanoma,CHEMBL810,3.0,cutaneous melanoma
Melanoma,melanoma,CHEMBL1201733,2.0,cutaneous melanoma
Melanoma,melanoma,CHEMBL476,4.0,cutaneous melanoma
Melanoma,melanoma,CHEMBL101253,2.0,melanoma
Melanoma,melanoma,CHEMBL109,1.0,melanoma
Melanoma,melanoma,CHEMBL3039523,1.0,melanoma
Melanoma,melanoma,CHEMBL848,3.0,melanoma
Melanoma,melanoma,CHEMBL522892,1.0,melanoma
Melanoma,melanoma,CHEMBL2107787,2.0,melanoma
Melanoma,melanoma,CHEMBL1201583,2.0,cutaneous melanoma
Melanoma,melanoma,CHEMBL1789844,4.0,cutaneous melanoma
Melanoma,melanoma,CHEMBL1201836,2.0,melanoma
Melanoma,melanoma,CHEMBL1743032,1.0,melanoma
Melanoma,melanoma,CHEMBL383322,2.0,metastatic melanoma
Melanoma,melanoma,CHEMBL852,3.0,cutaneous melanoma
Melanoma,melanoma,CHEMBL1614701,2.0,cutaneous melanoma
Melanoma,melanoma,CHEMBL3187723,4.0,cutaneous melanoma
Melanoma,melanoma,CHEMBL2103840,1.0,melanoma
Melanoma,melanoma,CHEMBL2017974,2.0,melanoma
Melanoma,melanoma,CHEMBL2364659,2.0,metastatic melanoma
Melanoma,melanoma,CHEMBL11359,3.0,metastatic melanoma
Melanoma,melanoma,CHEMBL1200796,3.0,cutaneous melanoma
Melanoma,melanoma,CHEMBL1743028,2.0,melanoma
Melanoma,melanoma,CHEMBL5314357,2.0,melanoma
Melanoma,melanoma,CHEMBL1289926,2.0,melanoma
Melanoma,melanoma,CHEMBL2108658,3.0,melanoma
Melanoma,melanoma,CHEMBL503,2.0,melanoma
Melanoma,melanoma,CHEMBL217092,2.0,melanoma
Melanoma,melanoma,CHEMBL2108494,2.0,melanoma
Melanoma,melanoma,CHEMBL5314357,2.0,metastatic melanoma
Melanoma,melanoma,CHEMBL1908391,3.0,metastatic melanoma
Melanoma,melanoma,CHEMBL3348923,1.0,metastatic melanoma
Melanoma,melanoma,CHEMBL276711,2.0,melanoma
Melanoma,melanoma,CHEMBL1946170,2.0,melanoma
Melanoma,melanoma,CHEMBL1201668,1.0,melanoma
Melanoma,melanoma,CHEMBL1743085,2.0,melanoma
Melanoma,melanoma,CHEMBL1614701,2.0,melanoma
Melanoma,melanoma,CHEMBL2109608,3.0,melanoma
Melanoma,melanoma,CHEMBL2108658,3.0,metastatic melanoma
Melanoma,melanoma,CHEMBL1671,2.0,cutaneous melanoma
Melanoma,melanoma,CHEMBL428647,3.0,cutaneous melanoma
Melanoma,melanoma,CHEMBL2107832,2.0,cutaneous melanoma
Melanoma,melanoma,CHEMBL1972860,3.0,melanoma
Melanoma,melanoma,CHEMBL3137343,4.0,cutaneous melanoma
Melanoma,melanoma,CHEMBL1742982,3.0,melanoma
Melanoma,melanoma,CHEMBL852,3.0,melanoma
Melanoma,melanoma,CHEMBL1615025,1.0,metastatic melanoma
Melanoma,melanoma,CHEMBL1431,2.0,metastatic melanoma
Melanoma,melanoma,CHEMBL810,3.0,metastatic melanoma
Melanoma,melanoma,CHEMBL1201529,4.0,melanoma
Melanoma,melanoma,CHEMBL2108506,3.0,cutaneous melanoma
Melanoma,melanoma,CHEMBL3301587,2.0,melanoma
Melanoma,melanoma,CHEMBL3545185,2.0,melanoma
Melanoma,melanoma,CHEMBL2028663,3.0,melanoma
Melanoma,melanoma,CHEMBL255863,2.0,melanoma
Melanoma,melanoma,CHEMBL2108727,4.0,melanoma
Melanoma,melanoma,CHEMBL535,2.0,melanoma
Melanoma,melanoma,CHEMBL2103879,2.0,melanoma
Melanoma,melanoma,CHEMBL2108506,3.0,melanoma
Melanoma,melanoma,CHEMBL2103793,2.0,melanoma
Melanoma,melanoma,CHEMBL535,2.0,metastatic melanoma
Melanoma,melanoma,CHEMBL377559,2.0,metastatic melanoma
Melanoma,melanoma,CHEMBL260046,2.0,metastatic melanoma
Melanoma,melanoma,CHEMBL255863,2.0,cutaneous melanoma
Melanoma,melanoma,CHEMBL483254,1.0,melanoma
Melanoma,melanoma,CHEMBL289228,2.0,melanoma
Melanoma,melanoma,CHEMBL1231160,1.0,metastatic melanoma
Melanoma,melanoma,CHEMBL98,1.0,melanoma
Melanoma,melanoma,CHEMBL1536,3.0,cutaneous melanoma
Melanoma,melanoma,CHEMBL384467,2.0,melanoma
Melanoma,melanoma,CHEMBL1096882,2.0,cutaneous melanoma
Melanoma,melanoma,CHEMBL1042,3.0,melanoma
Melanoma,melanoma,CHEMBL1908360,2.0,cutaneous melanoma
Melanoma,melanoma,CHEMBL3545110,2.0,melanoma
Melanoma,melanoma,CHEMBL574737,2.0,melanoma
Melanoma,melanoma,CHEMBL55,2.0,cutaneous melanoma
Melanoma,melanoma,CHEMBL3301612,4.0,melanoma
Melanoma,melanoma,CHEMBL2146883,3.0,melanoma
Melanoma,melanoma,CHEMBL558752,1.0,metastatic melanoma
Melanoma,melanoma,CHEMBL3813873,2.0,melanoma
Melanoma,melanoma,CHEMBL554,2.0,melanoma
Melanoma,melanoma,CHEMBL553025,2.0,cutaneous melanoma
Melanoma,melanoma,CHEMBL1201561,4.0,cutaneous melanoma
Melanoma,melanoma,CHEMBL2109417,2.0,cutaneous melanoma
Melanoma,melanoma,CHEMBL4297163,1.0,cutaneous melanoma
Melanoma,melanoma,CHEMBL2108734,1.0,melanoma
Melanoma,melanoma,CHEMBL429876,2.0,melanoma
Melanoma,melanoma,CHEMBL109480,2.0,melanoma
Melanoma,melanoma,CHEMBL255863,2.0,metastatic melanoma
Melanoma,melanoma,CHEMBL2103875,3.0,melanoma
Melanoma,melanoma,CHEMBL1289601,3.0,melanoma
Melanoma,melanoma,CHEMBL1336,3.0,melanoma
Melanoma,melanoma,CHEMBL1200485,3.0,cutaneous melanoma
Melanoma,melanoma,CHEMBL1742982,3.0,cutaneous melanoma
Melanoma,melanoma,CHEMBL1742982,3.0,metastatic melanoma
Melanoma,melanoma,CHEMBL1762621,2.0,melanoma
Melanoma,melanoma,CHEMBL2107855,2.0,melanoma
Melanoma,melanoma,CHEMBL27759,2.0,melanoma
Melanoma,melanoma,CHEMBL1743062,2.0,cutaneous melanoma
Melanoma,melanoma,CHEMBL1743062,2.0,melanoma
Melanoma,melanoma,CHEMBL2304041,2.0,melanoma
Melanoma,melanoma,CHEMBL1743087,1.0,melanoma
Melanoma,melanoma,CHEMBL2108705,2.0,cutaneous melanoma
Melanoma,melanoma,CHEMBL2108705,2.0,melanoma
Melanoma,melanoma,CHEMBL2105665,2.0,melanoma
Melanoma,melanoma,CHEMBL2108707,1.0,melanoma
Melanoma,melanoma,CHEMBL506871,2.0,metastatic melanoma
Melanoma,melanoma,CHEMBL428690,2.0,cutaneous melanoma
Melanoma,melanoma,CHEMBL1229517,4.0,cutaneous melanoma
Melanoma,melanoma,CHEMBL2105717,2.0,melanoma
Melanoma,melanoma,CHEMBL2028663,3.0,cutaneous melanoma
Melanoma,melanoma,CHEMBL2028663,3.0,metastatic melanoma
Melanoma,melanoma,CHEMBL2108727,4.0,cutaneous melanoma
Melanoma,melanoma,CHEMBL2105734,2.0,melanoma
Melanoma,melanoma,CHEMBL2103875,3.0,cutaneous melanoma
Melanoma,melanoma,CHEMBL2103875,3.0,metastatic melanoma
Melanoma,melanoma,CHEMBL483254,1.0,metastatic melanoma
Melanoma,melanoma,CHEMBL1873475,2.0,cutaneous melanoma
Melanoma,melanoma,CHEMBL1873475,2.0,metastatic melanoma
Melanoma,melanoma,CHEMBL1908360,2.0,metastatic melanoma
Melanoma,melanoma,CHEMBL374478,1.0,metastatic melanoma
Melanoma,melanoma,CHEMBL64391,1.0,metastatic melanoma
Melanoma,melanoma,CHEMBL77305,2.0,cutaneous melanoma
Melanoma,melanoma,CHEMBL6067962,1.0,melanoma
Melanoma,melanoma,CHEMBL378544,2.0,cutaneous melanoma
Melanoma,melanoma,CHEMBL378544,2.0,melanoma
Melanoma,melanoma,CHEMBL1232863,2.0,cutaneous melanoma
Melanoma,melanoma,CHEMBL1200711,1.0,melanoma
Melanoma,melanoma,CHEMBL1201010,2.0,melanoma
Melanoma,melanoma,CHEMBL1200981,2.0,cutaneous melanoma
Melanoma,melanoma,CHEMBL5314346,1.0,cutaneous melanoma
Melanoma,melanoma,CHEMBL1554,2.0,melanoma
Melanoma,melanoma,CHEMBL11359,3.0,cutaneous melanoma
Melanoma,melanoma,CHEMBL1642,2.0,cutaneous melanoma
Melanoma,melanoma,CHEMBL146428,1.0,melanoma
Melanoma,melanoma,CHEMBL3545252,2.0,melanoma
Melanoma,melanoma,CHEMBL3545252,2.0,metastatic melanoma
Melanoma,melanoma,CHEMBL1751,1.0,melanoma
Melanoma,melanoma,CHEMBL160,2.0,cutaneous melanoma
Melanoma,melanoma,CHEMBL964,2.0,metastatic melanoma
Melanoma,melanoma,CHEMBL504,1.0,cutaneous melanoma
Melanoma,melanoma,CHEMBL1431,2.0,melanoma
Melanoma,melanoma,CHEMBL112,2.0,cutaneous melanoma
Melanoma,melanoma,CHEMBL397420,1.0,melanoma
Melanoma,melanoma,CHEMBL5483015,1.0,metastatic melanoma
Melanoma,melanoma,CHEMBL25,2.0,cutaneous melanoma
Melanoma,melanoma,CHEMBL1131,2.0,melanoma
Melanoma,melanoma,CHEMBL803,3.0,melanoma
Melanoma,melanoma,CHEMBL632,2.0,melanoma
Melanoma,melanoma,CHEMBL820,1.0,cutaneous melanoma
Melanoma,melanoma,CHEMBL1370,2.0,melanoma
Melanoma,melanoma,CHEMBL902,1.0,melanoma
Melanoma,melanoma,CHEMBL389621,2.0,melanoma
Melanoma,melanoma,CHEMBL1200699,1.0,melanoma
Melanoma,melanoma,CHEMBL1096882,2.0,melanoma
Melanoma,melanoma,CHEMBL1096882,2.0,metastatic melanoma
Melanoma,melanoma,CHEMBL1282,2.0,cutaneous melanoma
Melanoma,melanoma,CHEMBL1533310,3.0,cutaneous melanoma
Melanoma,melanoma,CHEMBL1646,1.0,cutaneous melanoma
Melanoma,melanoma,CHEMBL77517,2.0,cutaneous melanoma
Melanoma,melanoma,CHEMBL1201138,1.0,melanoma
Melanoma,melanoma,CHEMBL1556,1.0,melanoma
Melanoma,melanoma,CHEMBL185,1.0,melanoma
Melanoma,melanoma,CHEMBL182,1.0,cutaneous melanoma
Melanoma,melanoma,CHEMBL118218,2.0,cutaneous melanoma
Melanoma,melanoma,CHEMBL549386,3.0,cutaneous melanoma
Melanoma,melanoma,CHEMBL549386,3.0,melanoma
Melanoma,melanoma,CHEMBL514,2.0,cutaneous melanoma
Melanoma,melanoma,CHEMBL514,2.0,melanoma
Melanoma,melanoma,CHEMBL34259,1.0,cutaneous melanoma
Melanoma,melanoma,CHEMBL975,2.0,melanoma
Melanoma,melanoma,CHEMBL650,2.0,melanoma
Melanoma,melanoma,CHEMBL372764,2.0,cutaneous melanoma
Melanoma,melanoma,CHEMBL635,2.0,melanoma
Melanoma,melanoma,CHEMBL499,3.0,melanoma
Melanoma,melanoma,CHEMBL414804,1.0,cutaneous melanoma
Melanoma,melanoma,CHEMBL468,2.0,cutaneous melanoma
Melanoma,melanoma,CHEMBL468,2.0,melanoma
Melanoma,melanoma,CHEMBL455186,3.0,melanoma
Melanoma,melanoma,CHEMBL15770,2.0,cutaneous melanoma
Melanoma,melanoma,CHEMBL38,2.0,cutaneous melanoma
Melanoma,melanoma,CHEMBL38,2.0,melanoma
Melanoma,melanoma,CHEMBL1451,2.0,melanoma
Melanoma,melanoma,CHEMBL101253,2.0,cutaneous melanoma
Melanoma,melanoma,CHEMBL6,2.0,cutaneous melanoma
Melanoma,melanoma,CHEMBL1456,2.0,cutaneous melanoma
Melanoma,melanoma,CHEMBL513,2.0,cutaneous melanoma
Melanoma,melanoma,CHEMBL513,2.0,melanoma
Melanoma,melanoma,CHEMBL1351,3.0,cutaneous melanoma
Melanoma,melanoma,CHEMBL1351,3.0,melanoma
Melanoma,melanoma,CHEMBL1351,3.0,metastatic melanoma
Melanoma,melanoma,CHEMBL462019,1.0,melanoma
Melanoma,melanoma,CHEMBL1201148,2.0,melanoma
Melanoma,melanoma,CHEMBL846,1.0,metastatic melanoma
Melanoma,melanoma,CHEMBL1200796,3.0,metastatic melanoma
Melanoma,melanoma,CHEMBL600,2.0,cutaneous melanoma
Melanoma,melanoma,CHEMBL1489,2.0,cutaneous melanoma
Melanoma,melanoma,CHEMBL1489,2.0,metastatic melanoma
Melanoma,melanoma,CHEMBL1079742,2.0,melanoma
Melanoma,melanoma,CHEMBL1201129,2.0,melanoma
Melanoma,melanoma,CHEMBL1201129,2.0,metastatic melanoma
Melanoma,melanoma,CHEMBL416146,1.0,melanoma
Melanoma,melanoma,CHEMBL1773,1.0,melanoma
Melanoma,melanoma,CHEMBL1373,1.0,melanoma
Melanoma,melanoma,CHEMBL888,2.0,melanoma
Melanoma,melanoma,CHEMBL131,2.0,melanoma
Melanoma,melanoma,CHEMBL786,2.0,cutaneous melanoma
Melanoma,melanoma,CHEMBL276711,2.0,cutaneous melanoma
Melanoma,melanoma,CHEMBL960,1.0,melanoma
Melanoma,melanoma,CHEMBL1200574,3.0,cutaneous melanoma
Melanoma,melanoma,CHEMBL7301,2.0,cutaneous melanoma
Melanoma,melanoma,CHEMBL2108905,2.0,cutaneous melanoma
Melanoma,melanoma,CHEMBL2109057,2.0,cutaneous melanoma
Melanoma,melanoma,CHEMBL2109057,2.0,melanoma
Melanoma,melanoma,CHEMBL2109057,2.0,metastatic melanoma
Melanoma,melanoma,CHEMBL2109134,2.0,cutaneous melanoma
Melanoma,melanoma,CHEMBL2107881,3.0,melanoma
Melanoma,melanoma,CHEMBL2108875,1.0,cutaneous melanoma
Melanoma,melanoma,CHEMBL1201564,3.0,cutaneous melanoma
Melanoma,melanoma,CHEMBL1201564,3.0,melanoma
Melanoma,melanoma,CHEMBL2108508,3.0,metastatic melanoma
Melanoma,melanoma,CHEMBL2108510,2.0,melanoma
Melanoma,melanoma,CHEMBL2109229,3.0,cutaneous melanoma
Melanoma,melanoma,CHEMBL2109229,3.0,melanoma
Melanoma,melanoma,CHEMBL2107358,1.0,metastatic melanoma
Melanoma,melanoma,CHEMBL2107376,2.0,melanoma
Melanoma,melanoma,CHEMBL94657,2.0,melanoma
Melanoma,melanoma,CHEMBL2108034,2.0,melanoma
Melanoma,melanoma,CHEMBL2108626,3.0,melanoma
Melanoma,melanoma,CHEMBL2108658,3.0,cutaneous melanoma
Melanoma,melanoma,CHEMBL2108663,3.0,melanoma
Melanoma,melanoma,CHEMBL2108060,3.0,melanoma
Melanoma,melanoma,CHEMBL109480,2.0,cutaneous melanoma
Melanoma,melanoma,CHEMBL1421,2.0,cutaneous melanoma
Melanoma,melanoma,CHEMBL1201182,2.0,cutaneous melanoma
Melanoma,melanoma,CHEMBL1201182,2.0,melanoma
Melanoma,melanoma,CHEMBL343448,2.0,melanoma
Melanoma,melanoma,CHEMBL1201568,2.0,melanoma
Melanoma,melanoma,CHEMBL1237023,2.0,melanoma
Melanoma,melanoma,CHEMBL1742989,1.0,melanoma
Melanoma,melanoma,CHEMBL6067493,1.0,cutaneous melanoma
Melanoma,melanoma,CHEMBL1201583,2.0,melanoma
Melanoma,melanoma,CHEMBL1201605,1.0,melanoma
Melanoma,melanoma,CHEMBL1201567,3.0,cutaneous melanoma
Melanoma,melanoma,CHEMBL1201567,3.0,melanoma
Melanoma,melanoma,CHEMBL1201608,2.0,cutaneous melanoma
Melanoma,melanoma,CHEMBL1201608,2.0,melanoma
Melanoma,melanoma,CHEMBL1201561,4.0,metastatic melanoma
Melanoma,melanoma,CHEMBL1201576,2.0,cutaneous melanoma
Melanoma,melanoma,CHEMBL1201670,3.0,metastatic melanoma
Melanoma,melanoma,CHEMBL2109608,3.0,metastatic melanoma
Melanoma,melanoma,CHEMBL2109421,1.0,cutaneous melanoma
Melanoma,melanoma,CHEMBL2109309,1.0,cutaneous melanoma
Melanoma,melanoma,CHEMBL2109514,1.0,metastatic melanoma
Melanoma,melanoma,CHEMBL2108680,2.0,melanoma
Melanoma,melanoma,CHEMBL2107832,2.0,melanoma
Melanoma,melanoma,CHEMBL1189679,1.0,melanoma
Melanoma,melanoma,CHEMBL159,3.0,cutaneous melanoma
Melanoma,melanoma,CHEMBL159,3.0,melanoma
Melanoma,melanoma,CHEMBL159,3.0,metastatic melanoma
Melanoma,melanoma,CHEMBL2110587,2.0,metastatic melanoma
Melanoma,melanoma,CHEMBL1079,1.0,melanoma
Melanoma,melanoma,CHEMBL1535,1.0,cutaneous melanoma
Melanoma,melanoma,CHEMBL1535,1.0,melanoma
Melanoma,melanoma,CHEMBL609,1.0,melanoma
Melanoma,melanoma,CHEMBL941,2.0,melanoma
Melanoma,melanoma,CHEMBL941,2.0,metastatic melanoma
Melanoma,melanoma,CHEMBL553025,2.0,metastatic melanoma
Melanoma,melanoma,CHEMBL1201199,2.0,melanoma
Melanoma,melanoma,CHEMBL578,2.0,melanoma
Melanoma,melanoma,CHEMBL595,1.0,melanoma
Melanoma,melanoma,CHEMBL27,2.0,melanoma
Melanoma,melanoma,CHEMBL477772,2.0,melanoma
Melanoma,melanoma,CHEMBL170988,1.0,melanoma
Melanoma,melanoma,CHEMBL1567,1.0,metastatic melanoma
Melanoma,melanoma,CHEMBL2146883,3.0,cutaneous melanoma
Melanoma,melanoma,CHEMBL2146883,3.0,metastatic melanoma
Melanoma,melanoma,CHEMBL189963,2.0,melanoma
Melanoma,melanoma,CHEMBL502835,1.0,cutaneous melanoma
Melanoma,melanoma,CHEMBL3039547,1.0,melanoma
Melanoma,melanoma,CHEMBL4297163,1.0,melanoma
Melanoma,melanoma,CHEMBL571209,2.0,melanoma
Melanoma,melanoma,CHEMBL571209,2.0,metastatic melanoma
Melanoma,melanoma,CHEMBL3137336,2.0,melanoma
Melanoma,melanoma,CHEMBL3137341,3.0,melanoma
Melanoma,melanoma,CHEMBL3137346,2.0,cutaneous melanoma
Melanoma,melanoma,CHEMBL3137347,2.0,melanoma
Melanoma,melanoma,CHEMBL3301610,2.0,cutaneous melanoma
Melanoma,melanoma,CHEMBL3301610,2.0,melanoma
Melanoma,melanoma,CHEMBL3187723,4.0,melanoma
Melanoma,melanoma,CHEMBL3301612,4.0,metastatic melanoma
Melanoma,melanoma,CHEMBL3188551,1.0,metastatic melanoma
Melanoma,melanoma,CHEMBL3545307,1.0,cutaneous melanoma
Melanoma,melanoma,CHEMBL3544916,1.0,metastatic melanoma
Melanoma,melanoma,CHEMBL3545369,3.0,cutaneous melanoma
Melanoma,melanoma,CHEMBL3545369,3.0,melanoma
Melanoma,melanoma,CHEMBL3577124,1.0,melanoma
Melanoma,melanoma,CHEMBL4303729,1.0,melanoma
Melanoma,melanoma,CHEMBL1079175,2.0,melanoma
Melanoma,melanoma,CHEMBL3905910,1.0,melanoma
Melanoma,melanoma,CHEMBL3813873,2.0,metastatic melanoma
Melanoma,melanoma,CHEMBL3545027,1.0,melanoma
Melanoma,melanoma,CHEMBL3545414,2.0,melanoma
Melanoma,melanoma,CHEMBL3809489,1.0,melanoma
Melanoma,melanoma,CHEMBL67279,2.0,melanoma
Melanoma,melanoma,CHEMBL4303525,1.0,melanoma
Melanoma,melanoma,CHEMBL3622820,1.0,melanoma
Melanoma,melanoma,CHEMBL3707227,3.0,melanoma
Melanoma,melanoma,CHEMBL45,2.0,melanoma
Melanoma,melanoma,CHEMBL3833373,1.0,melanoma
Melanoma,melanoma,CHEMBL228814,2.0,cutaneous melanoma
Melanoma,melanoma,CHEMBL491473,1.0,metastatic melanoma
Melanoma,melanoma,CHEMBL2103798,1.0,metastatic melanoma
Melanoma,melanoma,CHEMBL2103823,3.0,melanoma
Melanoma,melanoma,CHEMBL1201834,2.0,melanoma
Melanoma,melanoma,CHEMBL272980,1.0,melanoma
Melanoma,melanoma,CHEMBL2107862,2.0,melanoma
Melanoma,melanoma,CHEMBL2105684,1.0,metastatic melanoma
Melanoma,melanoma,CHEMBL1614701,2.0,metastatic melanoma
Melanoma,melanoma,CHEMBL2105717,2.0,metastatic melanoma
Melanoma,melanoma,CHEMBL2105729,4.0,cutaneous melanoma
Melanoma,melanoma,CHEMBL2105741,4.0,cutaneous melanoma
Melanoma,melanoma,CHEMBL1094636,2.0,metastatic melanoma
Melanoma,melanoma,CHEMBL1946170,2.0,cutaneous melanoma
Melanoma,melanoma,CHEMBL262777,1.0,metastatic melanoma
Melanoma,melanoma,CHEMBL64,1.0,metastatic melanoma
Melanoma,melanoma,CHEMBL118,2.0,melanoma
Melanoma,melanoma,CHEMBL113,1.0,metastatic melanoma
Melanoma,melanoma,CHEMBL52440,1.0,metastatic melanoma
Melanoma,melanoma,CHEMBL2030434,1.0,melanoma
Melanoma,melanoma,CHEMBL6067961,2.0,cutaneous melanoma
Melanoma,melanoma,CHEMBL1503,1.0,metastatic melanoma
Melanoma,melanoma,CHEMBL1373,1.0,metastatic melanoma
Melanoma,melanoma,CHEMBL1465,1.0,melanoma
Melanoma,melanoma,CHEMBL157101,1.0,melanoma
Melanoma,melanoma,CHEMBL1200574,3.0,melanoma
Melanoma,melanoma,CHEMBL2109059,2.0,cutaneous melanoma
Melanoma,melanoma,CHEMBL2109059,2.0,melanoma
Melanoma,melanoma,CHEMBL2107881,3.0,cutaneous melanoma
Melanoma,melanoma,CHEMBL2108170,2.0,melanoma
Melanoma,melanoma,CHEMBL1237022,2.0,melanoma
Melanoma,melanoma,CHEMBL1237023,2.0,cutaneous melanoma
Melanoma,melanoma,CHEMBL2109428,1.0,melanoma
Melanoma,melanoma,CHEMBL2109673,1.0,metastatic melanoma
Melanoma,melanoma,CHEMBL2109417,2.0,melanoma
Melanoma,melanoma,CHEMBL2108308,1.0,melanoma
Melanoma,melanoma,CHEMBL2109477,1.0,melanoma
Melanoma,melanoma,CHEMBL2109547,1.0,cutaneous melanoma
Melanoma,melanoma,CHEMBL2109413,1.0,melanoma
Melanoma,melanoma,CHEMBL2109298,1.0,metastatic melanoma
Melanoma,melanoma,CHEMBL191,1.0,metastatic melanoma
Melanoma,melanoma,CHEMBL1208422,3.0,cutaneous melanoma
Melanoma,melanoma,CHEMBL1208422,3.0,melanoma
Melanoma,melanoma,CHEMBL1496,1.0,metastatic melanoma
Melanoma,melanoma,CHEMBL894,1.0,metastatic melanoma
Melanoma,melanoma,CHEMBL553,1.0,melanoma
Melanoma,melanoma,CHEMBL655,1.0,metastatic melanoma
Melanoma,melanoma,CHEMBL2403108,2.0,cutaneous melanoma
Melanoma,melanoma,CHEMBL2403108,2.0,melanoma
Melanoma,melanoma,CHEMBL3545069,2.0,cutaneous melanoma
Melanoma,melanoma,CHEMBL3545069,2.0,metastatic melanoma
Melanoma,melanoma,CHEMBL3545366,1.0,melanoma
Melanoma,melanoma,CHEMBL3545373,1.0,melanoma
Melanoma,melanoma,CHEMBL3348923,1.0,melanoma
Melanoma,melanoma,CHEMBL4113131,2.0,melanoma
Melanoma,melanoma,CHEMBL1852688,2.0,melanoma
Melanoma,melanoma,CHEMBL3188267,2.0,cutaneous melanoma
Melanoma,melanoma,CHEMBL3188267,2.0,melanoma
Melanoma,melanoma,CHEMBL1983268,2.0,cutaneous melanoma
Melanoma,melanoma,CHEMBL3707228,1.0,melanoma
Melanoma,melanoma,CHEMBL3707227,3.0,cutaneous melanoma
Melanoma,melanoma,CHEMBL3707227,3.0,metastatic melanoma
Melanoma,melanoma,CHEMBL2109512,1.0,melanoma
Melanoma,melanoma,CHEMBL2109531,2.0,metastatic melanoma
Melanoma,melanoma,CHEMBL3693786,1.0,melanoma
Melanoma,melanoma,CHEMBL3989934,2.0,melanoma
Melanoma,melanoma,CHEMBL269277,1.0,melanoma
Melanoma,melanoma,CHEMBL549344,2.0,cutaneous melanoma
Melanoma,melanoma,CHEMBL549344,2.0,melanoma
Melanoma,melanoma,CHEMBL518924,1.0,melanoma
Melanoma,melanoma,CHEMBL566757,2.0,melanoma
Melanoma,melanoma,CHEMBL48802,0.5,melanoma
Melanoma,melanoma,CHEMBL1256575,1.0,cutaneous melanoma
Melanoma,melanoma,CHEMBL3527000,2.0,melanoma
Melanoma,melanoma,CHEMBL1743260,2.0,melanoma
Melanoma,melanoma,CHEMBL219568,2.0,cutaneous melanoma
Melanoma,melanoma,CHEMBL407874,2.0,cutaneous melanoma
Melanoma,melanoma,CHEMBL2312181,2.0,melanoma
Melanoma,melanoma,CHEMBL118841,2.0,cutaneous melanoma
Melanoma,melanoma,CHEMBL3186011,1.0,melanoma
Melanoma,melanoma,CHEMBL4243974,2.0,melanoma
Melanoma,melanoma,CHEMBL386115,2.0,cutaneous melanoma
Melanoma,melanoma,CHEMBL100014,1.0,melanoma
Melanoma,melanoma,CHEMBL4297419,1.0,melanoma
Melanoma,melanoma,CHEMBL4297441,2.0,metastatic melanoma
Melanoma,melanoma,CHEMBL539934,2.0,melanoma
Melanoma,melanoma,CHEMBL4297451,1.0,melanoma
Melanoma,melanoma,CHEMBL4297480,1.0,melanoma
Melanoma,melanoma,CHEMBL4283683,1.0,melanoma
Melanoma,melanoma,CHEMBL4297598,3.0,melanoma
Melanoma,melanoma,CHEMBL4297615,1.0,melanoma
Melanoma,melanoma,CHEMBL4297690,1.0,melanoma
Melanoma,melanoma,CHEMBL4297718,2.0,cutaneous melanoma
Melanoma,melanoma,CHEMBL4297721,1.0,melanoma
Melanoma,melanoma,CHEMBL4297723,3.0,melanoma
Melanoma,melanoma,CHEMBL4297559,2.0,melanoma
Melanoma,melanoma,CHEMBL4297831,3.0,melanoma
Melanoma,melanoma,CHEMBL4297838,3.0,melanoma
Melanoma,melanoma,CHEMBL4297555,1.0,melanoma
Melanoma,melanoma,CHEMBL4297884,1.0,cutaneous melanoma
Melanoma,melanoma,CHEMBL4297888,2.0,melanoma
Melanoma,melanoma,CHEMBL4297888,2.0,metastatic melanoma
Melanoma,melanoma,CHEMBL4594259,2.0,melanoma
Melanoma,melanoma,CHEMBL4297922,0.5,cutaneous melanoma
Melanoma,melanoma,CHEMBL4297963,3.0,cutaneous melanoma
Melanoma,melanoma,CHEMBL4297963,3.0,melanoma
Melanoma,melanoma,CHEMBL4297577,1.0,melanoma
Melanoma,melanoma,CHEMBL4297989,1.0,metastatic melanoma
Melanoma,melanoma,CHEMBL4297990,4.0,melanoma
Melanoma,melanoma,CHEMBL4297994,2.0,melanoma
Melanoma,melanoma,CHEMBL4297994,2.0,metastatic melanoma
Melanoma,melanoma,CHEMBL4298009,2.0,melanoma
Melanoma,melanoma,CHEMBL4298020,1.0,cutaneous melanoma
Melanoma,melanoma,CHEMBL4298022,1.0,cutaneous melanoma
Melanoma,melanoma,CHEMBL4298058,3.0,melanoma
Melanoma,melanoma,CHEMBL4298090,1.0,metastatic melanoma
Melanoma,melanoma,CHEMBL2103979,2.0,melanoma
Melanoma,melanoma,CHEMBL2220442,0.5,melanoma
Melanoma,melanoma,CHEMBL3989941,1.0,melanoma
Melanoma,melanoma,CHEMBL1980825,2.0,melanoma
Melanoma,melanoma,CHEMBL4297422,2.0,cutaneous melanoma
Melanoma,melanoma,CHEMBL4297422,2.0,melanoma
Melanoma,melanoma,CHEMBL4297715,3.0,melanoma
Melanoma,melanoma,CHEMBL4297563,2.0,metastatic melanoma
Melanoma,melanoma,CHEMBL4297747,2.0,melanoma
Melanoma,melanoma,CHEMBL4297559,2.0,cutaneous melanoma
Melanoma,melanoma,CHEMBL4297559,2.0,metastatic melanoma
Melanoma,melanoma,CHEMBL4297772,1.0,cutaneous melanoma
Melanoma,melanoma,CHEMBL4297785,3.0,melanoma
Melanoma,melanoma,CHEMBL4297817,3.0,cutaneous melanoma
Melanoma,melanoma,CHEMBL4297831,3.0,cutaneous melanoma
Melanoma,melanoma,CHEMBL4297843,3.0,melanoma
Melanoma,melanoma,CHEMBL4297843,3.0,metastatic melanoma
Melanoma,melanoma,CHEMBL4297923,2.0,cutaneous melanoma
Melanoma,melanoma,CHEMBL4297960,1.0,metastatic melanoma
Melanoma,melanoma,CHEMBL4297577,1.0,metastatic melanoma
Melanoma,melanoma,CHEMBL4298070,1.0,metastatic melanoma
Melanoma,melanoma,CHEMBL4298122,1.0,metastatic melanoma
Melanoma,melanoma,CHEMBL4298123,2.0,melanoma
Melanoma,melanoma,CHEMBL4298124,2.0,melanoma
Melanoma,melanoma,CHEMBL4297226,2.0,melanoma
Melanoma,melanoma,CHEMBL4298200,4.0,metastatic melanoma
Melanoma,melanoma,CHEMBL4298206,2.0,melanoma
Melanoma,melanoma,CHEMBL4594456,2.0,melanoma
Melanoma,melanoma,CHEMBL4594483,1.0,cutaneous melanoma
Melanoma,melanoma,CHEMBL4594487,1.0,melanoma
Melanoma,melanoma,CHEMBL4594529,1.0,melanoma
Melanoma,melanoma,CHEMBL4594557,1.0,melanoma
Melanoma,melanoma,CHEMBL4594559,1.0,melanoma
Melanoma,melanoma,CHEMBL4594356,1.0,melanoma
Melanoma,melanoma,CHEMBL2108726,0.5,melanoma
Melanoma,melanoma,CHEMBL3989514,1.0,metastatic melanoma
Melanoma,melanoma,CHEMBL53463,1.0,metastatic melanoma
Melanoma,melanoma,CHEMBL1201138,1.0,metastatic melanoma
Melanoma,melanoma,CHEMBL185,1.0,metastatic melanoma
Melanoma,melanoma,CHEMBL414804,1.0,metastatic melanoma
Melanoma,melanoma,CHEMBL1690,2.0,cutaneous melanoma
Melanoma,melanoma,CHEMBL1773,1.0,metastatic melanoma
Melanoma,melanoma,CHEMBL1201636,2.0,cutaneous melanoma
Melanoma,melanoma,CHEMBL225072,1.0,metastatic melanoma
Melanoma,melanoma,CHEMBL1683590,1.0,metastatic melanoma
Melanoma,melanoma,CHEMBL3039502,1.0,melanoma
Melanoma,melanoma,CHEMBL521686,2.0,metastatic melanoma
Melanoma,melanoma,CHEMBL3301612,4.0,cutaneous melanoma
Melanoma,melanoma,CHEMBL3545185,2.0,metastatic melanoma
Melanoma,melanoma,CHEMBL4297717,1.0,metastatic melanoma
Melanoma,melanoma,CHEMBL4298058,3.0,cutaneous melanoma
Melanoma,melanoma,CHEMBL4583691,3.0,melanoma
Melanoma,melanoma,CHEMBL4650376,2.0,melanoma
Melanoma,melanoma,CHEMBL4650387,2.0,melanoma
Melanoma,melanoma,CHEMBL4650400,3.0,cutaneous melanoma
Melanoma,melanoma,CHEMBL4650400,3.0,melanoma
Melanoma,melanoma,CHEMBL4650419,1.0,melanoma
Melanoma,melanoma,CHEMBL4650472,2.0,melanoma
Melanoma,melanoma,CHEMBL4650292,1.0,melanoma
Melanoma,melanoma,CHEMBL1435,1.0,cutaneous melanoma
Melanoma,melanoma,CHEMBL3039547,1.0,metastatic melanoma
Melanoma,melanoma,CHEMBL3989916,2.0,melanoma
Melanoma,melanoma,CHEMBL3989943,1.0,melanoma
Melanoma,melanoma,CHEMBL3125702,1.0,melanoma
Melanoma,melanoma,CHEMBL4297586,2.0,metastatic melanoma
Melanoma,melanoma,CHEMBL4297836,1.0,melanoma
Melanoma,melanoma,CHEMBL4297840,2.0,melanoma
Melanoma,melanoma,CHEMBL4298037,1.0,melanoma
Melanoma,melanoma,CHEMBL4298058,3.0,metastatic melanoma
Melanoma,melanoma,CHEMBL4594483,1.0,melanoma
Melanoma,melanoma,CHEMBL4594483,1.0,metastatic melanoma
Melanoma,melanoma,CHEMBL4594557,1.0,cutaneous melanoma
Melanoma,melanoma,CHEMBL3977543,1.0,melanoma
Melanoma,melanoma,CHEMBL4650387,2.0,metastatic melanoma
Melanoma,melanoma,CHEMBL2107855,2.0,cutaneous melanoma
Melanoma,melanoma,CHEMBL2105717,2.0,cutaneous melanoma
Melanoma,melanoma,CHEMBL2108730,2.0,melanoma
Melanoma,melanoma,CHEMBL20,1.0,metastatic melanoma
Melanoma,melanoma,CHEMBL975,2.0,metastatic melanoma
Melanoma,melanoma,CHEMBL35,1.0,metastatic melanoma
Melanoma,melanoma,CHEMBL263429,2.0,cutaneous melanoma
Melanoma,melanoma,CHEMBL263429,2.0,melanoma
Melanoma,melanoma,CHEMBL263441,2.0,cutaneous melanoma
Melanoma,melanoma,CHEMBL263441,2.0,melanoma
Melanoma,melanoma,CHEMBL1201718,3.0,melanoma
Melanoma,melanoma,CHEMBL1201550,2.0,cutaneous melanoma
Melanoma,melanoma,CHEMBL1201581,2.0,metastatic melanoma
Melanoma,melanoma,CHEMBL5314551,1.0,melanoma
Melanoma,melanoma,CHEMBL1738797,2.0,melanoma
Melanoma,melanoma,CHEMBL4285417,2.0,melanoma
Melanoma,melanoma,CHEMBL4303201,2.0,melanoma
Melanoma,melanoma,CHEMBL1278146,2.0,melanoma
Melanoma,melanoma,CHEMBL3989926,2.0,melanoma
Melanoma,melanoma,CHEMBL3990044,3.0,melanoma
Melanoma,melanoma,CHEMBL3990044,3.0,metastatic melanoma
Melanoma,melanoma,CHEMBL4297437,1.0,metastatic melanoma
Melanoma,melanoma,CHEMBL4297784,1.0,melanoma
Melanoma,melanoma,CHEMBL4297856,2.0,melanoma
Melanoma,melanoma,CHEMBL4297877,2.0,melanoma
Melanoma,melanoma,CHEMBL4298050,2.0,melanoma
Melanoma,melanoma,CHEMBL4298085,3.0,melanoma
Melanoma,melanoma,CHEMBL4298200,4.0,cutaneous melanoma
Melanoma,melanoma,CHEMBL3982723,2.0,melanoma
Melanoma,melanoma,CHEMBL4650392,2.0,melanoma
Melanoma,melanoma,CHEMBL4650435,2.0,melanoma
Melanoma,melanoma,CHEMBL4802184,1.0,melanoma
Melanoma,melanoma,CHEMBL4802221,1.0,metastatic melanoma
Melanoma,melanoma,CHEMBL5095241,3.0,melanoma
Melanoma,melanoma,CHEMBL5095345,3.0,melanoma
Melanoma,melanoma,CHEMBL5095361,2.0,melanoma
Melanoma,melanoma,CHEMBL5095383,2.0,melanoma
Melanoma,melanoma,CHEMBL1098659,2.0,cutaneous melanoma
Melanoma,melanoma,CHEMBL113,1.0,melanoma
Melanoma,melanoma,CHEMBL52440,1.0,melanoma
Melanoma,melanoma,CHEMBL877,3.0,melanoma
Melanoma,melanoma,CHEMBL1503,1.0,melanoma
Melanoma,melanoma,CHEMBL1663,1.0,melanoma
Melanoma,melanoma,CHEMBL1464,1.0,melanoma
Melanoma,melanoma,CHEMBL655,1.0,melanoma
Melanoma,melanoma,CHEMBL1201519,1.0,melanoma
Melanoma,melanoma,CHEMBL2364607,4.0,melanoma
Melanoma,melanoma,CHEMBL3657311,1.0,metastatic melanoma
Melanoma,melanoma,CHEMBL3990044,3.0,cutaneous melanoma
Melanoma,melanoma,CHEMBL4297721,1.0,metastatic melanoma
Melanoma,melanoma,CHEMBL4297838,3.0,metastatic melanoma
Melanoma,melanoma,CHEMBL4297843,3.0,cutaneous melanoma
Melanoma,melanoma,CHEMBL4297946,2.0,cutaneous melanoma
Melanoma,melanoma,CHEMBL4298200,4.0,melanoma
Melanoma,melanoma,CHEMBL4802161,1.0,melanoma
Melanoma,melanoma,CHEMBL4802269,1.0,metastatic melanoma
Melanoma,melanoma,CHEMBL4783351,1.0,melanoma
Melanoma,melanoma,CHEMBL5095345,3.0,cutaneous melanoma
Melanoma,melanoma,CHEMBL5095345,3.0,metastatic melanoma
Melanoma,melanoma,CHEMBL5095439,2.0,melanoma
Melanoma,melanoma,CHEMBL5095453,1.0,metastatic melanoma
Melanoma,melanoma,CHEMBL5314988,1.0,cutaneous melanoma
Melanoma,melanoma,CHEMBL5314998,3.0,metastatic melanoma
Melanoma,melanoma,CHEMBL506871,2.0,melanoma
Melanoma,melanoma,CHEMBL2105741,4.0,melanoma
Melanoma,melanoma,CHEMBL19019,1.0,melanoma
Melanoma,melanoma,CHEMBL6067961,2.0,melanoma
Melanoma,melanoma,CHEMBL1690,2.0,melanoma
Melanoma,melanoma,CHEMBL1201733,2.0,melanoma
Melanoma,melanoma,CHEMBL1201636,2.0,melanoma
Melanoma,melanoma,CHEMBL1201576,2.0,melanoma
Melanoma,melanoma,CHEMBL2109416,1.0,melanoma
Melanoma,melanoma,CHEMBL84,1.0,metastatic melanoma
Melanoma,melanoma,CHEMBL1487,2.0,cutaneous melanoma
Melanoma,melanoma,CHEMBL3137331,1.0,melanoma
Melanoma,melanoma,CHEMBL521686,2.0,melanoma
Melanoma,melanoma,CHEMBL3137320,2.0,melanoma
Melanoma,melanoma,CHEMBL3188551,1.0,melanoma
Melanoma,melanoma,CHEMBL3545069,2.0,melanoma
Melanoma,melanoma,CHEMBL3264002,1.0,melanoma
Melanoma,melanoma,CHEMBL3186534,3.0,melanoma
Melanoma,melanoma,CHEMBL4297437,1.0,melanoma
Melanoma,melanoma,CHEMBL4292264,2.0,melanoma
Melanoma,melanoma,CHEMBL4297858,1.0,melanoma
Melanoma,melanoma,CHEMBL4298007,2.0,melanoma
Melanoma,melanoma,CHEMBL4298122,1.0,melanoma
Melanoma,melanoma,CHEMBL3930624,1.0,melanoma
Melanoma,melanoma,CHEMBL1568,3.0,cutaneous melanoma
Melanoma,melanoma,CHEMBL1568,3.0,melanoma
Melanoma,melanoma,CHEMBL1568,3.0,metastatic melanoma
Melanoma,melanoma,CHEMBL4650271,3.0,melanoma
Melanoma,melanoma,CHEMBL4802193,2.0,melanoma
Melanoma,melanoma,CHEMBL5095361,2.0,cutaneous melanoma
Melanoma,melanoma,CHEMBL5095361,2.0,metastatic melanoma
Melanoma,melanoma,CHEMBL5095142,1.0,metastatic melanoma
Melanoma,melanoma,CHEMBL5314570,1.0,melanoma
Melanoma,melanoma,CHEMBL5314582,1.0,melanoma
Melanoma,melanoma,CHEMBL5314641,2.0,melanoma
Melanoma,melanoma,CHEMBL5315001,1.0,melanoma
Melanoma,melanoma,CHEMBL5315001,1.0,metastatic melanoma
Melanoma,melanoma,CHEMBL5315003,2.0,melanoma
Melanoma,melanoma,CHEMBL5314490,2.0,melanoma
Melanoma,melanoma,CHEMBL5314729,3.0,melanoma
Melanoma,melanoma,CHEMBL5314786,1.0,melanoma
Melanoma,melanoma,CHEMBL6068059,1.0,melanoma
"Carcinoma, Renal Cell",renal_cancer,CHEMBL1289926,4.0,renal cell carcinoma
"Carcinoma, Renal Cell",renal_cancer,CHEMBL1201583,4.0,renal cell carcinoma
"Carcinoma, Renal Cell",renal_cancer,CHEMBL1908360,4.0,renal cell carcinoma
"Carcinoma, Renal Cell",renal_cancer,CHEMBL1567,4.0,renal cell carcinoma
"Carcinoma, Renal Cell",renal_cancer,CHEMBL1201182,4.0,renal cell carcinoma
"Carcinoma, Renal Cell",renal_cancer,CHEMBL1289926,4.0,clear cell renal carcinoma
"Carcinoma, Renal Cell",renal_cancer,CHEMBL1908360,4.0,clear cell renal carcinoma
"Carcinoma, Renal Cell",renal_cancer,CHEMBL1567,4.0,clear cell renal carcinoma
"Carcinoma, Renal Cell",renal_cancer,CHEMBL1773,3.0,renal cell carcinoma
"Carcinoma, Renal Cell",renal_cancer,CHEMBL1201438,3.0,renal cell carcinoma
"Carcinoma, Renal Cell",renal_cancer,CHEMBL3137343,4.0,renal cell carcinoma
"Carcinoma, Renal Cell",renal_cancer,CHEMBL2108508,3.0,renal cell carcinoma
"Carcinoma, Renal Cell",renal_cancer,CHEMBL2103882,2.0,papillary renal cell carcinoma
"Carcinoma, Renal Cell",renal_cancer,CHEMBL1289926,4.0,papillary renal cell carcinoma
"Carcinoma, Renal Cell",renal_cancer,CHEMBL1200485,4.0,clear cell renal carcinoma
"Carcinoma, Renal Cell",renal_cancer,CHEMBL24828,2.0,clear cell renal carcinoma
"Carcinoma, Renal Cell",renal_cancer,CHEMBL2108494,2.0,renal cell carcinoma
"Carcinoma, Renal Cell",renal_cancer,CHEMBL1200796,3.0,renal cell carcinoma
"Carcinoma, Renal Cell",renal_cancer,CHEMBL2105756,4.0,renal cell carcinoma
"Carcinoma, Renal Cell",renal_cancer,CHEMBL223360,2.0,renal cell carcinoma
"Carcinoma, Renal Cell",renal_cancer,CHEMBL1289494,3.0,renal cell carcinoma
"Carcinoma, Renal Cell",renal_cancer,CHEMBL2108738,4.0,renal cell carcinoma
"Carcinoma, Renal Cell",renal_cancer,CHEMBL1743062,2.0,renal cell carcinoma
"Carcinoma, Renal Cell",renal_cancer,CHEMBL276711,2.0,renal cell carcinoma
"Carcinoma, Renal Cell",renal_cancer,CHEMBL1743027,3.0,clear cell renal carcinoma
"Carcinoma, Renal Cell",renal_cancer,CHEMBL1201752,2.0,clear cell renal carcinoma
"Carcinoma, Renal Cell",renal_cancer,CHEMBL522892,3.0,renal cell carcinoma
"Carcinoma, Renal Cell",renal_cancer,CHEMBL1079742,2.0,renal cell carcinoma
"Carcinoma, Renal Cell",renal_cancer,CHEMBL491473,2.0,renal cell carcinoma
"Carcinoma, Renal Cell",renal_cancer,CHEMBL1201438,3.0,clear cell renal carcinoma
"Carcinoma, Renal Cell",renal_cancer,CHEMBL2103798,2.0,renal cell carcinoma
"Carcinoma, Renal Cell",renal_cancer,CHEMBL2108568,2.0,renal cell carcinoma
"Carcinoma, Renal Cell",renal_cancer,CHEMBL2103798,2.0,clear cell renal carcinoma
"Carcinoma, Renal Cell",renal_cancer,CHEMBL1201583,4.0,clear cell renal carcinoma
"Carcinoma, Renal Cell",renal_cancer,CHEMBL1201733,4.0,clear cell renal carcinoma
"Carcinoma, Renal Cell",renal_cancer,CHEMBL3989865,2.0,clear cell renal carcinoma
"Carcinoma, Renal Cell",renal_cancer,CHEMBL522892,3.0,clear cell renal carcinoma
"Carcinoma, Renal Cell",renal_cancer,CHEMBL1646,1.0,renal cell carcinoma
"Carcinoma, Renal Cell",renal_cancer,CHEMBL1743045,2.0,renal cell carcinoma
"Carcinoma, Renal Cell",renal_cancer,CHEMBL372764,2.0,renal cell carcinoma
"Carcinoma, Renal Cell",renal_cancer,CHEMBL1079175,2.0,renal cell carcinoma
"Carcinoma, Renal Cell",renal_cancer,CHEMBL2108738,4.0,clear cell renal carcinoma
"Carcinoma, Renal Cell",renal_cancer,CHEMBL1922094,2.0,renal cell carcinoma
"Carcinoma, Renal Cell",renal_cancer,CHEMBL98,2.0,renal cell carcinoma
"Carcinoma, Renal Cell",renal_cancer,CHEMBL1200796,3.0,clear cell renal carcinoma
"Carcinoma, Renal Cell",renal_cancer,CHEMBL2103868,4.0,clear cell renal carcinoma
"Carcinoma, Renal Cell",renal_cancer,CHEMBL124660,2.0,clear cell renal carcinoma
"Carcinoma, Renal Cell",renal_cancer,CHEMBL535,4.0,renal cell carcinoma
"Carcinoma, Renal Cell",renal_cancer,CHEMBL1336,3.0,renal cell carcinoma
"Carcinoma, Renal Cell",renal_cancer,CHEMBL502835,2.0,renal cell carcinoma
"Carcinoma, Renal Cell",renal_cancer,CHEMBL2105717,3.0,renal cell carcinoma
"Carcinoma, Renal Cell",renal_cancer,CHEMBL2108506,3.0,renal cell carcinoma
"Carcinoma, Renal Cell",renal_cancer,CHEMBL32,1.0,renal cell carcinoma
"Carcinoma, Renal Cell",renal_cancer,CHEMBL1201733,4.0,renal cell carcinoma
"Carcinoma, Renal Cell",renal_cancer,CHEMBL1567,4.0,papillary renal cell carcinoma
"Carcinoma, Renal Cell",renal_cancer,CHEMBL1082407,0.5,clear cell renal carcinoma
"Carcinoma, Renal Cell",renal_cancer,CHEMBL601719,2.0,papillary renal cell carcinoma
"Carcinoma, Renal Cell",renal_cancer,CHEMBL2103868,4.0,papillary renal cell carcinoma
"Carcinoma, Renal Cell",renal_cancer,CHEMBL477772,3.0,renal cell carcinoma
"Carcinoma, Renal Cell",renal_cancer,CHEMBL3545097,2.0,renal cell carcinoma
"Carcinoma, Renal Cell",renal_cancer,CHEMBL4303201,2.0,renal cell carcinoma
"Carcinoma, Renal Cell",renal_cancer,CHEMBL2141296,1.0,renal cell carcinoma
"Carcinoma, Renal Cell",renal_cancer,CHEMBL3334567,3.0,renal cell carcinoma
"Carcinoma, Renal Cell",renal_cancer,CHEMBL1743070,1.0,renal cell carcinoma
"Carcinoma, Renal Cell",renal_cancer,CHEMBL1278146,2.0,renal cell carcinoma
"Carcinoma, Renal Cell",renal_cancer,CHEMBL483254,2.0,renal cell carcinoma
"Carcinoma, Renal Cell",renal_cancer,CHEMBL1289601,3.0,renal cell carcinoma
"Carcinoma, Renal Cell",renal_cancer,CHEMBL535,4.0,clear cell renal carcinoma
"Carcinoma, Renal Cell",renal_cancer,CHEMBL5314357,1.0,renal cell carcinoma
"Carcinoma, Renal Cell",renal_cancer,CHEMBL1200485,4.0,chromophobe renal cell carcinoma
"Carcinoma, Renal Cell",renal_cancer,CHEMBL1200485,4.0,papillary renal cell carcinoma
"Carcinoma, Renal Cell",renal_cancer,CHEMBL1200485,4.0,renal cell carcinoma
"Carcinoma, Renal Cell",renal_cancer,CHEMBL1742982,2.0,renal cell carcinoma
"Carcinoma, Renal Cell",renal_cancer,CHEMBL2107855,2.0,renal cell carcinoma
"Carcinoma, Renal Cell",renal_cancer,CHEMBL27759,2.0,clear cell renal carcinoma
"Carcinoma, Renal Cell",renal_cancer,CHEMBL27759,2.0,renal cell carcinoma
"Carcinoma, Renal Cell",renal_cancer,CHEMBL1743063,2.0,renal cell carcinoma
"Carcinoma, Renal Cell",renal_cancer,CHEMBL1743022,1.0,renal cell carcinoma
"Carcinoma, Renal Cell",renal_cancer,CHEMBL1230609,2.0,renal cell carcinoma
"Carcinoma, Renal Cell",renal_cancer,CHEMBL2105717,3.0,clear cell renal carcinoma
"Carcinoma, Renal Cell",renal_cancer,CHEMBL2109662,2.0,renal cell carcinoma
"Carcinoma, Renal Cell",renal_cancer,CHEMBL1946170,2.0,renal cell carcinoma
"Carcinoma, Renal Cell",renal_cancer,CHEMBL483254,2.0,clear cell renal carcinoma
"Carcinoma, Renal Cell",renal_cancer,CHEMBL1873475,1.0,renal cell carcinoma
"Carcinoma, Renal Cell",renal_cancer,CHEMBL547,1.0,renal cell carcinoma
"Carcinoma, Renal Cell",renal_cancer,CHEMBL11359,2.0,renal cell carcinoma
"Carcinoma, Renal Cell",renal_cancer,CHEMBL413,2.0,renal cell carcinoma
"Carcinoma, Renal Cell",renal_cancer,CHEMBL160,1.0,renal cell carcinoma
"Carcinoma, Renal Cell",renal_cancer,CHEMBL413376,1.0,renal cell carcinoma
"Carcinoma, Renal Cell",renal_cancer,CHEMBL428647,1.0,renal cell carcinoma
"Carcinoma, Renal Cell",renal_cancer,CHEMBL118,2.0,renal cell carcinoma
"Carcinoma, Renal Cell",renal_cancer,CHEMBL196,2.0,clear cell renal carcinoma
"Carcinoma, Renal Cell",renal_cancer,CHEMBL384467,2.0,renal cell carcinoma
"Carcinoma, Renal Cell",renal_cancer,CHEMBL53463,2.0,renal cell carcinoma
"Carcinoma, Renal Cell",renal_cancer,CHEMBL1096882,1.0,renal cell carcinoma
"Carcinoma, Renal Cell",renal_cancer,CHEMBL77517,2.0,renal cell carcinoma
"Carcinoma, Renal Cell",renal_cancer,CHEMBL1201752,2.0,renal cell carcinoma
"Carcinoma, Renal Cell",renal_cancer,CHEMBL185,1.0,renal cell carcinoma
"Carcinoma, Renal Cell",renal_cancer,CHEMBL1637,1.0,renal cell carcinoma
"Carcinoma, Renal Cell",renal_cancer,CHEMBL852,2.0,renal cell carcinoma
"Carcinoma, Renal Cell",renal_cancer,CHEMBL717,4.0,renal cell carcinoma
"Carcinoma, Renal Cell",renal_cancer,CHEMBL113178,1.0,clear cell renal carcinoma
"Carcinoma, Renal Cell",renal_cancer,CHEMBL468,2.0,renal cell carcinoma
"Carcinoma, Renal Cell",renal_cancer,CHEMBL1456,1.0,renal cell carcinoma
"Carcinoma, Renal Cell",renal_cancer,CHEMBL359744,2.0,renal cell carcinoma
"Carcinoma, Renal Cell",renal_cancer,CHEMBL1489,1.0,renal cell carcinoma
"Carcinoma, Renal Cell",renal_cancer,CHEMBL1079742,2.0,papillary renal cell carcinoma
"Carcinoma, Renal Cell",renal_cancer,CHEMBL1201129,2.0,renal cell carcinoma
"Carcinoma, Renal Cell",renal_cancer,CHEMBL939,1.0,renal cell carcinoma
"Carcinoma, Renal Cell",renal_cancer,CHEMBL888,2.0,renal cell carcinoma
"Carcinoma, Renal Cell",renal_cancer,CHEMBL1790041,2.0,renal cell carcinoma
"Carcinoma, Renal Cell",renal_cancer,CHEMBL2107881,2.0,renal cell carcinoma
"Carcinoma, Renal Cell",renal_cancer,CHEMBL2108506,3.0,clear cell renal carcinoma
"Carcinoma, Renal Cell",renal_cancer,CHEMBL2108506,3.0,papillary renal cell carcinoma
"Carcinoma, Renal Cell",renal_cancer,CHEMBL2109229,2.0,renal cell carcinoma
"Carcinoma, Renal Cell",renal_cancer,CHEMBL2107067,2.0,renal cell carcinoma
"Carcinoma, Renal Cell",renal_cancer,CHEMBL270995,2.0,renal cell carcinoma
"Carcinoma, Renal Cell",renal_cancer,CHEMBL2108658,3.0,renal cell carcinoma
"Carcinoma, Renal Cell",renal_cancer,CHEMBL2108060,3.0,renal cell carcinoma
"Carcinoma, Renal Cell",renal_cancer,CHEMBL98,2.0,clear cell renal carcinoma
"Carcinoma, Renal Cell",renal_cancer,CHEMBL848,1.0,renal cell carcinoma
"Carcinoma, Renal Cell",renal_cancer,CHEMBL1201182,4.0,clear cell renal carcinoma
"Carcinoma, Renal Cell",renal_cancer,CHEMBL1201733,4.0,chromophobe renal cell carcinoma
"Carcinoma, Renal Cell",renal_cancer,CHEMBL1201733,4.0,papillary renal cell carcinoma
"Carcinoma, Renal Cell",renal_cancer,CHEMBL1201733,4.0,collecting duct carcinoma
"Carcinoma, Renal Cell",renal_cancer,CHEMBL1201568,2.0,renal cell carcinoma
"Carcinoma, Renal Cell",renal_cancer,CHEMBL1201827,2.0,renal cell carcinoma
"Carcinoma, Renal Cell",renal_cancer,CHEMBL1237023,3.0,renal cell carcinoma
"Carcinoma, Renal Cell",renal_cancer,CHEMBL1789844,4.0,clear cell renal carcinoma
"Carcinoma, Renal Cell",renal_cancer,CHEMBL1789844,4.0,renal cell carcinoma
"Carcinoma, Renal Cell",renal_cancer,CHEMBL1201583,4.0,chromophobe renal cell carcinoma
"Carcinoma, Renal Cell",renal_cancer,CHEMBL1201583,4.0,papillary renal cell carcinoma
"Carcinoma, Renal Cell",renal_cancer,CHEMBL1201583,4.0,collecting duct carcinoma
"Carcinoma, Renal Cell",renal_cancer,CHEMBL1201460,1.0,renal cell carcinoma
"Carcinoma, Renal Cell",renal_cancer,CHEMBL1201567,2.0,renal cell carcinoma
"Carcinoma, Renal Cell",renal_cancer,CHEMBL1201558,2.0,clear cell renal carcinoma
"Carcinoma, Renal Cell",renal_cancer,CHEMBL1201558,2.0,renal cell carcinoma
"Carcinoma, Renal Cell",renal_cancer,CHEMBL1201561,1.0,renal cell carcinoma
"Carcinoma, Renal Cell",renal_cancer,CHEMBL1201670,2.0,renal cell carcinoma
"Carcinoma, Renal Cell",renal_cancer,CHEMBL3707280,1.0,renal cell carcinoma
"Carcinoma, Renal Cell",renal_cancer,CHEMBL3707297,1.0,renal cell carcinoma
"Carcinoma, Renal Cell",renal_cancer,CHEMBL2109321,2.0,clear cell renal carcinoma
"Carcinoma, Renal Cell",renal_cancer,CHEMBL2109321,2.0,papillary renal cell carcinoma
"Carcinoma, Renal Cell",renal_cancer,CHEMBL2109321,2.0,renal cell carcinoma
"Carcinoma, Renal Cell",renal_cancer,CHEMBL2108672,1.0,renal cell carcinoma
"Carcinoma, Renal Cell",renal_cancer,CHEMBL2108680,2.0,renal cell carcinoma
"Carcinoma, Renal Cell",renal_cancer,CHEMBL159,2.0,renal cell carcinoma
"Carcinoma, Renal Cell",renal_cancer,CHEMBL2110587,1.0,renal cell carcinoma
"Carcinoma, Renal Cell",renal_cancer,CHEMBL1535,1.0,clear cell renal carcinoma
"Carcinoma, Renal Cell",renal_cancer,CHEMBL1535,1.0,renal cell carcinoma
"Carcinoma, Renal Cell",renal_cancer,CHEMBL657,2.0,renal cell carcinoma
"Carcinoma, Renal Cell",renal_cancer,CHEMBL7568,2.0,renal cell carcinoma
"Carcinoma, Renal Cell",renal_cancer,CHEMBL554,1.0,renal cell carcinoma
"Carcinoma, Renal Cell",renal_cancer,CHEMBL941,1.0,clear cell renal carcinoma
"Carcinoma, Renal Cell",renal_cancer,CHEMBL584,1.0,renal cell carcinoma
"Carcinoma, Renal Cell",renal_cancer,CHEMBL553,1.0,clear cell renal carcinoma
"Carcinoma, Renal Cell",renal_cancer,CHEMBL553,1.0,renal cell carcinoma
"Carcinoma, Renal Cell",renal_cancer,CHEMBL27,2.0,renal cell carcinoma
"Carcinoma, Renal Cell",renal_cancer,CHEMBL300138,2.0,renal cell carcinoma
"Carcinoma, Renal Cell",renal_cancer,CHEMBL477772,3.0,clear cell renal carcinoma
"Carcinoma, Renal Cell",renal_cancer,CHEMBL3039547,1.0,renal cell carcinoma
"Carcinoma, Renal Cell",renal_cancer,CHEMBL3137343,4.0,clear cell renal carcinoma
"Carcinoma, Renal Cell",renal_cancer,CHEMBL3137347,1.0,renal cell carcinoma
"Carcinoma, Renal Cell",renal_cancer,CHEMBL3301587,3.0,clear cell renal carcinoma
"Carcinoma, Renal Cell",renal_cancer,CHEMBL3301587,3.0,renal cell carcinoma
"Carcinoma, Renal Cell",renal_cancer,CHEMBL3545427,3.0,renal cell carcinoma
"Carcinoma, Renal Cell",renal_cancer,CHEMBL3544916,1.0,clear cell renal carcinoma
"Carcinoma, Renal Cell",renal_cancer,CHEMBL3545369,3.0,renal cell carcinoma
"Carcinoma, Renal Cell",renal_cancer,CHEMBL3545076,1.0,renal cell carcinoma
"Carcinoma, Renal Cell",renal_cancer,CHEMBL3935857,2.0,renal cell carcinoma
"Carcinoma, Renal Cell",renal_cancer,CHEMBL5314391,2.0,renal cell carcinoma
"Carcinoma, Renal Cell",renal_cancer,CHEMBL3707227,3.0,renal cell carcinoma
"Carcinoma, Renal Cell",renal_cancer,CHEMBL3707349,2.0,renal cell carcinoma
"Carcinoma, Renal Cell",renal_cancer,CHEMBL3833373,3.0,renal cell carcinoma
"Carcinoma, Renal Cell",renal_cancer,CHEMBL228814,2.0,renal cell carcinoma
"Carcinoma, Renal Cell",renal_cancer,CHEMBL2103793,1.0,renal cell carcinoma
"Carcinoma, Renal Cell",renal_cancer,CHEMBL1201834,0.5,renal cell carcinoma
"Carcinoma, Renal Cell",renal_cancer,CHEMBL1743027,3.0,renal cell carcinoma
"Carcinoma, Renal Cell",renal_cancer,CHEMBL2103863,3.0,renal cell carcinoma
"Carcinoma, Renal Cell",renal_cancer,CHEMBL2105717,3.0,chromophobe renal cell carcinoma
"Carcinoma, Renal Cell",renal_cancer,CHEMBL2105717,3.0,papillary renal cell carcinoma
"Carcinoma, Renal Cell",renal_cancer,CHEMBL2105717,3.0,collecting duct carcinoma
"Carcinoma, Renal Cell",renal_cancer,CHEMBL2108738,4.0,chromophobe renal cell carcinoma
"Carcinoma, Renal Cell",renal_cancer,CHEMBL2108738,4.0,papillary renal cell carcinoma
"Carcinoma, Renal Cell",renal_cancer,CHEMBL382300,2.0,renal cell carcinoma
"Carcinoma, Renal Cell",renal_cancer,CHEMBL1086218,1.0,renal cell carcinoma
"Carcinoma, Renal Cell",renal_cancer,CHEMBL1200932,0.5,renal cell carcinoma
"Carcinoma, Renal Cell",renal_cancer,CHEMBL2030434,1.0,clear cell renal carcinoma
"Carcinoma, Renal Cell",renal_cancer,CHEMBL1743007,0.5,clear cell renal carcinoma
"Carcinoma, Renal Cell",renal_cancer,CHEMBL2109413,1.0,renal cell carcinoma
"Carcinoma, Renal Cell",renal_cancer,CHEMBL2109570,2.0,renal cell carcinoma
"Carcinoma, Renal Cell",renal_cancer,CHEMBL225072,2.0,renal cell carcinoma
"Carcinoma, Renal Cell",renal_cancer,CHEMBL521686,2.0,renal cell carcinoma
"Carcinoma, Renal Cell",renal_cancer,CHEMBL3137320,2.0,renal cell carcinoma
"Carcinoma, Renal Cell",renal_cancer,CHEMBL3545128,3.0,renal cell carcinoma
"Carcinoma, Renal Cell",renal_cancer,CHEMBL1976040,2.0,clear cell renal carcinoma
"Carcinoma, Renal Cell",renal_cancer,CHEMBL3334567,3.0,papillary renal cell carcinoma
"Carcinoma, Renal Cell",renal_cancer,CHEMBL2336325,2.0,clear cell renal carcinoma
"Carcinoma, Renal Cell",renal_cancer,CHEMBL3989926,2.0,clear cell renal carcinoma
"Carcinoma, Renal Cell",renal_cancer,CHEMBL20684,2.0,renal cell carcinoma
"Carcinoma, Renal Cell",renal_cancer,CHEMBL518924,1.0,clear cell renal carcinoma
"Carcinoma, Renal Cell",renal_cancer,CHEMBL449158,2.0,renal cell carcinoma
"Carcinoma, Renal Cell",renal_cancer,CHEMBL3639788,2.0,clear cell renal carcinoma
"Carcinoma, Renal Cell",renal_cancer,CHEMBL3639788,2.0,renal cell carcinoma
"Carcinoma, Renal Cell",renal_cancer,CHEMBL170630,1.0,renal cell carcinoma
"Carcinoma, Renal Cell",renal_cancer,CHEMBL250450,1.0,renal cell carcinoma
"Carcinoma, Renal Cell",renal_cancer,CHEMBL95431,2.0,renal cell carcinoma
"Carcinoma, Renal Cell",renal_cancer,CHEMBL4243974,2.0,renal cell carcinoma
"Carcinoma, Renal Cell",renal_cancer,CHEMBL4297279,2.0,renal cell carcinoma
"Carcinoma, Renal Cell",renal_cancer,CHEMBL386115,2.0,renal cell carcinoma
"Carcinoma, Renal Cell",renal_cancer,CHEMBL4297420,1.0,renal cell carcinoma
"Carcinoma, Renal Cell",renal_cancer,CHEMBL257662,2.0,renal cell carcinoma
"Carcinoma, Renal Cell",renal_cancer,CHEMBL4297456,2.0,renal cell carcinoma
"Carcinoma, Renal Cell",renal_cancer,CHEMBL4297664,2.0,renal cell carcinoma
"Carcinoma, Renal Cell",renal_cancer,CHEMBL4297715,2.0,clear cell renal carcinoma
"Carcinoma, Renal Cell",renal_cancer,CHEMBL4297719,1.0,papillary renal cell carcinoma
"Carcinoma, Renal Cell",renal_cancer,CHEMBL4297723,1.0,renal cell carcinoma
"Carcinoma, Renal Cell",renal_cancer,CHEMBL4297831,1.0,renal cell carcinoma
"Carcinoma, Renal Cell",renal_cancer,CHEMBL4297883,2.0,clear cell renal carcinoma
"Carcinoma, Renal Cell",renal_cancer,CHEMBL4297916,1.0,renal cell carcinoma
"Carcinoma, Renal Cell",renal_cancer,CHEMBL4297993,2.0,renal cell carcinoma
"Carcinoma, Renal Cell",renal_cancer,CHEMBL4298090,1.0,renal cell carcinoma
"Carcinoma, Renal Cell",renal_cancer,CHEMBL4298094,1.0,renal cell carcinoma
"Carcinoma, Renal Cell",renal_cancer,CHEMBL3545252,1.0,renal cell carcinoma
"Carcinoma, Renal Cell",renal_cancer,CHEMBL3544910,2.0,renal cell carcinoma
"Carcinoma, Renal Cell",renal_cancer,CHEMBL3833373,3.0,renal carcinoma
"Carcinoma, Renal Cell",renal_cancer,CHEMBL4297422,2.0,clear cell renal carcinoma
"Carcinoma, Renal Cell",renal_cancer,CHEMBL4297829,2.0,renal cell carcinoma
"Carcinoma, Renal Cell",renal_cancer,CHEMBL4298058,3.0,renal cell carcinoma
"Carcinoma, Renal Cell",renal_cancer,CHEMBL4594455,2.0,clear cell renal carcinoma
"Carcinoma, Renal Cell",renal_cancer,CHEMBL4594455,2.0,renal cell carcinoma
"Carcinoma, Renal Cell",renal_cancer,CHEMBL4594462,1.0,clear cell renal carcinoma
"Carcinoma, Renal Cell",renal_cancer,CHEMBL4594470,2.0,renal cell carcinoma
"Carcinoma, Renal Cell",renal_cancer,CHEMBL4594557,1.0,renal cell carcinoma
"Carcinoma, Renal Cell",renal_cancer,CHEMBL4594352,2.0,renal cell carcinoma
"Carcinoma, Renal Cell",renal_cancer,CHEMBL414804,2.0,renal cell carcinoma
"Carcinoma, Renal Cell",renal_cancer,CHEMBL1351,1.0,renal cell carcinoma
"Carcinoma, Renal Cell",renal_cancer,CHEMBL1201718,3.0,clear cell renal carcinoma
"Carcinoma, Renal Cell",renal_cancer,CHEMBL1289926,4.0,renal carcinoma
"Carcinoma, Renal Cell",renal_cancer,CHEMBL3301610,1.0,clear cell renal carcinoma
"Carcinoma, Renal Cell",renal_cancer,CHEMBL3989926,2.0,renal cell carcinoma
"Carcinoma, Renal Cell",renal_cancer,CHEMBL4297784,1.0,renal cell carcinoma
"Carcinoma, Renal Cell",renal_cancer,CHEMBL4585668,4.0,clear cell renal carcinoma
"Carcinoma, Renal Cell",renal_cancer,CHEMBL4585668,4.0,renal cell carcinoma
"Carcinoma, Renal Cell",renal_cancer,CHEMBL3930624,2.0,renal cell carcinoma
"Carcinoma, Renal Cell",renal_cancer,CHEMBL4650396,2.0,renal cell carcinoma
"Carcinoma, Renal Cell",renal_cancer,CHEMBL4650400,2.0,renal cell carcinoma
"Carcinoma, Renal Cell",renal_cancer,CHEMBL4650419,3.0,renal cell carcinoma
"Carcinoma, Renal Cell",renal_cancer,CHEMBL4650421,2.0,renal cell carcinoma
"Carcinoma, Renal Cell",renal_cancer,CHEMBL2105704,4.0,renal cell carcinoma
"Carcinoma, Renal Cell",renal_cancer,CHEMBL2103868,4.0,renal cell carcinoma
"Carcinoma, Renal Cell",renal_cancer,CHEMBL717,4.0,renal carcinoma
"Carcinoma, Renal Cell",renal_cancer,CHEMBL4297829,2.0,clear cell renal carcinoma
"Carcinoma, Renal Cell",renal_cancer,CHEMBL4802201,2.0,renal cell carcinoma
"Carcinoma, Renal Cell",renal_cancer,CHEMBL1289601,3.0,clear cell renal carcinoma
"Carcinoma, Renal Cell",renal_cancer,CHEMBL2108658,3.0,clear cell renal carcinoma
"Carcinoma, Renal Cell",renal_cancer,CHEMBL535,4.0,papillary renal cell carcinoma
"Carcinoma, Renal Cell",renal_cancer,CHEMBL189963,2.0,clear cell renal carcinoma
"Carcinoma, Renal Cell",renal_cancer,CHEMBL189963,2.0,renal cell carcinoma
"Carcinoma, Renal Cell",renal_cancer,CHEMBL3137343,4.0,papillary renal cell carcinoma
"Carcinoma, Renal Cell",renal_cancer,CHEMBL3301587,3.0,papillary renal cell carcinoma
"Carcinoma, Renal Cell",renal_cancer,CHEMBL3707227,3.0,papillary renal cell carcinoma
"Carcinoma, Renal Cell",renal_cancer,CHEMBL3833373,3.0,clear cell renal carcinoma
"Carcinoma, Renal Cell",renal_cancer,CHEMBL3990044,2.0,renal cell carcinoma
"Carcinoma, Renal Cell",renal_cancer,CHEMBL4297785,1.0,renal cell carcinoma
"Carcinoma, Renal Cell",renal_cancer,CHEMBL4594544,1.0,renal cell carcinoma
"Carcinoma, Renal Cell",renal_cancer,CHEMBL2152646,1.0,renal cell carcinoma
"Carcinoma, Renal Cell",renal_cancer,CHEMBL5095362,1.0,renal cell carcinoma
"Carcinoma, Renal Cell",renal_cancer,CHEMBL4303214,2.0,renal cell carcinoma
"Carcinoma, Renal Cell",renal_cancer,CHEMBL4297840,2.0,renal cell carcinoma
"Carcinoma, Renal Cell",renal_cancer,CHEMBL4297843,2.0,renal cell carcinoma
"Carcinoma, Renal Cell",renal_cancer,CHEMBL4594456,2.0,renal cell carcinoma
"Carcinoma, Renal Cell",renal_cancer,CHEMBL4594550,2.0,renal cell carcinoma
"Carcinoma, Renal Cell",renal_cancer,CHEMBL5314428,3.0,renal cell carcinoma
"Carcinoma, Renal Cell",renal_cancer,CHEMBL5314940,1.0,clear cell renal carcinoma
"Carcinoma, Renal Cell",renal_cancer,CHEMBL5314999,1.0,renal cell carcinoma
"Carcinoma, Renal Cell",renal_cancer,CHEMBL1289494,3.0,renal cell adenocarcinoma
"Carcinoma, Renal Cell",renal_cancer,CHEMBL1289601,3.0,renal carcinoma
"Carcinoma, Renal Cell",renal_cancer,CHEMBL1289601,3.0,renal cell adenocarcinoma
"Carcinoma, Renal Cell",renal_cancer,CHEMBL2105717,3.0,renal carcinoma
"Carcinoma, Renal Cell",renal_cancer,CHEMBL2105717,3.0,renal cell adenocarcinoma
"Carcinoma, Renal Cell",renal_cancer,CHEMBL2108738,4.0,renal carcinoma
"Carcinoma, Renal Cell",renal_cancer,CHEMBL2108738,4.0,renal cell adenocarcinoma
"Carcinoma, Renal Cell",renal_cancer,CHEMBL1908360,4.0,renal cell adenocarcinoma
"Carcinoma, Renal Cell",renal_cancer,CHEMBL1796998,2.0,renal cell carcinoma
"Carcinoma, Renal Cell",renal_cancer,CHEMBL2109059,1.0,renal cell carcinoma
"Carcinoma, Renal Cell",renal_cancer,CHEMBL124660,2.0,renal cell carcinoma
"Carcinoma, Renal Cell",renal_cancer,CHEMBL535,4.0,renal cell adenocarcinoma
"Carcinoma, Renal Cell",renal_cancer,CHEMBL1289926,4.0,collecting duct carcinoma
"Carcinoma, Renal Cell",renal_cancer,CHEMBL1289926,4.0,renal cell adenocarcinoma
"Carcinoma, Renal Cell",renal_cancer,CHEMBL1789844,4.0,renal carcinoma
"Carcinoma, Renal Cell",renal_cancer,CHEMBL1789844,4.0,renal cell adenocarcinoma
"Carcinoma, Renal Cell",renal_cancer,CHEMBL1201585,1.0,renal cell carcinoma
"Carcinoma, Renal Cell",renal_cancer,CHEMBL84,1.0,renal cell carcinoma
"Carcinoma, Renal Cell",renal_cancer,CHEMBL1487,2.0,renal cell carcinoma
"Carcinoma, Renal Cell",renal_cancer,CHEMBL2364655,2.0,renal cell adenocarcinoma
"Carcinoma, Renal Cell",renal_cancer,CHEMBL3137343,4.0,renal carcinoma
"Carcinoma, Renal Cell",renal_cancer,CHEMBL3137343,4.0,collecting duct carcinoma
"Carcinoma, Renal Cell",renal_cancer,CHEMBL3137343,4.0,renal cell adenocarcinoma
"Carcinoma, Renal Cell",renal_cancer,CHEMBL3301610,1.0,renal cell adenocarcinoma
"Carcinoma, Renal Cell",renal_cancer,CHEMBL4303201,2.0,clear cell renal carcinoma
"Carcinoma, Renal Cell",renal_cancer,CHEMBL3545097,2.0,renal cell adenocarcinoma
"Carcinoma, Renal Cell",renal_cancer,CHEMBL4297184,1.0,renal cell adenocarcinoma
"Carcinoma, Renal Cell",renal_cancer,CHEMBL3186534,2.0,renal cell carcinoma
"Carcinoma, Renal Cell",renal_cancer,CHEMBL3833373,3.0,renal cell adenocarcinoma
"Carcinoma, Renal Cell",renal_cancer,CHEMBL1248,1.0,clear cell renal carcinoma
"Carcinoma, Renal Cell",renal_cancer,CHEMBL4297422,2.0,renal cell carcinoma
"Carcinoma, Renal Cell",renal_cancer,CHEMBL4297690,0.5,renal cell adenocarcinoma
"Carcinoma, Renal Cell",renal_cancer,CHEMBL4297715,2.0,renal cell carcinoma
"Carcinoma, Renal Cell",renal_cancer,CHEMBL4297715,2.0,renal cell adenocarcinoma
"Carcinoma, Renal Cell",renal_cancer,CHEMBL4297840,2.0,clear cell renal carcinoma
"Carcinoma, Renal Cell",renal_cancer,CHEMBL4297877,2.0,renal cell carcinoma
"Carcinoma, Renal Cell",renal_cancer,CHEMBL4297883,2.0,renal cell carcinoma
"Carcinoma, Renal Cell",renal_cancer,CHEMBL4298050,2.0,renal cell adenocarcinoma
"Carcinoma, Renal Cell",renal_cancer,CHEMBL4585668,4.0,renal cell adenocarcinoma
"Carcinoma, Renal Cell",renal_cancer,CHEMBL1568,2.0,clear cell renal carcinoma
"Carcinoma, Renal Cell",renal_cancer,CHEMBL1568,2.0,renal cell carcinoma
"Carcinoma, Renal Cell",renal_cancer,CHEMBL4650435,2.0,renal cell carcinoma
"Carcinoma, Renal Cell",renal_cancer,CHEMBL5314428,3.0,clear cell renal carcinoma
"Carcinoma, Renal Cell",renal_cancer,CHEMBL5314428,3.0,renal cell adenocarcinoma
"Carcinoma, Renal Cell",renal_cancer,CHEMBL5314570,2.0,renal cell carcinoma
"Carcinoma, Renal Cell",renal_cancer,CHEMBL5314936,1.0,clear cell renal carcinoma
"Carcinoma, Renal Cell",renal_cancer,CHEMBL5315001,2.0,renal cell adenocarcinoma
"Carcinoma, Renal Cell",renal_cancer,CHEMBL924,2.0,renal cell carcinoma
"Carcinoma, Renal Cell",renal_cancer,CHEMBL6068290,2.0,clear cell renal carcinoma
"Carcinoma, Renal Cell",renal_cancer,CHEMBL6068595,2.0,renal cell adenocarcinoma
Pancreatic Neoplasms,pancreatic_cancer,CHEMBL1201583,3.0,pancreatic carcinoma
Pancreatic Neoplasms,pancreatic_cancer,CHEMBL1773,3.0,pancreatic carcinoma
Pancreatic Neoplasms,pancreatic_cancer,CHEMBL1421,2.0,pancreatic carcinoma
Pancreatic Neoplasms,pancreatic_cancer,CHEMBL1637,4.0,pancreatic carcinoma
Pancreatic Neoplasms,pancreatic_cancer,CHEMBL109,2.0,pancreatic carcinoma
Pancreatic Neoplasms,pancreatic_cancer,CHEMBL3545252,2.0,pancreatic carcinoma
Pancreatic Neoplasms,pancreatic_cancer,CHEMBL1079742,4.0,pancreatic carcinoma
Pancreatic Neoplasms,pancreatic_cancer,CHEMBL1789844,2.0,pancreatic carcinoma
Pancreatic Neoplasms,pancreatic_cancer,CHEMBL1946170,2.0,pancreatic carcinoma
Pancreatic Neoplasms,pancreatic_cancer,CHEMBL1200485,3.0,pancreatic carcinoma
Pancreatic Neoplasms,pancreatic_cancer,CHEMBL24828,2.0,pancreatic carcinoma
Pancreatic Neoplasms,pancreatic_cancer,CHEMBL1908360,4.0,pancreatic carcinoma
Pancreatic Neoplasms,pancreatic_cancer,CHEMBL185,3.0,pancreatic carcinoma
Pancreatic Neoplasms,pancreatic_cancer,CHEMBL1456,1.0,pancreatic carcinoma
Pancreatic Neoplasms,pancreatic_cancer,CHEMBL3137343,2.0,pancreatic carcinoma
Pancreatic Neoplasms,pancreatic_cancer,CHEMBL5483015,2.0,pancreatic carcinoma
Pancreatic Neoplasms,pancreatic_cancer,CHEMBL98,1.0,pancreatic carcinoma
Pancreatic Neoplasms,pancreatic_cancer,CHEMBL428647,4.0,pancreatic carcinoma
Pancreatic Neoplasms,pancreatic_cancer,CHEMBL1201550,2.0,pancreatic carcinoma
Pancreatic Neoplasms,pancreatic_cancer,CHEMBL1489,2.0,pancreatic carcinoma
Pancreatic Neoplasms,pancreatic_cancer,CHEMBL1703,1.0,pancreatic carcinoma
Pancreatic Neoplasms,pancreatic_cancer,CHEMBL1201827,2.0,pancreatic carcinoma
Pancreatic Neoplasms,pancreatic_cancer,CHEMBL3039556,2.0,pancreatic carcinoma
Pancreatic Neoplasms,pancreatic_cancer,CHEMBL1743081,1.0,pancreatic carcinoma
Pancreatic Neoplasms,pancreatic_cancer,CHEMBL1742989,2.0,pancreatic carcinoma
Pancreatic Neoplasms,pancreatic_cancer,CHEMBL118218,3.0,pancreatic carcinoma
Pancreatic Neoplasms,pancreatic_cancer,CHEMBL2108359,3.0,pancreatic carcinoma
Pancreatic Neoplasms,pancreatic_cancer,CHEMBL848,2.0,pancreatic carcinoma
Pancreatic Neoplasms,pancreatic_cancer,CHEMBL1201577,3.0,pancreatic carcinoma
Pancreatic Neoplasms,pancreatic_cancer,CHEMBL1614701,2.0,pancreatic carcinoma
Pancreatic Neoplasms,pancreatic_cancer,CHEMBL1200796,2.0,pancreatic carcinoma
Pancreatic Neoplasms,pancreatic_cancer,CHEMBL2109377,3.0,pancreatic carcinoma
Pancreatic Neoplasms,pancreatic_cancer,CHEMBL11298,2.0,pancreatic carcinoma
Pancreatic Neoplasms,pancreatic_cancer,CHEMBL1201476,2.0,pancreatic carcinoma
Pancreatic Neoplasms,pancreatic_cancer,CHEMBL2108658,2.0,pancreatic carcinoma
Pancreatic Neoplasms,pancreatic_cancer,CHEMBL196,2.0,pancreatic carcinoma
Pancreatic Neoplasms,pancreatic_cancer,CHEMBL3301586,1.0,pancreatic carcinoma
Pancreatic Neoplasms,pancreatic_cancer,CHEMBL1908391,3.0,pancreatic carcinoma
Pancreatic Neoplasms,pancreatic_cancer,CHEMBL414804,3.0,pancreatic carcinoma
Pancreatic Neoplasms,pancreatic_cancer,CHEMBL1434,2.0,pancreatic carcinoma
Pancreatic Neoplasms,pancreatic_cancer,CHEMBL888,3.0,pancreatic carcinoma
Pancreatic Neoplasms,pancreatic_cancer,CHEMBL55,1.0,pancreatic carcinoma
Pancreatic Neoplasms,pancreatic_cancer,CHEMBL888,3.0,pancreatic neoplasm
Pancreatic Neoplasms,pancreatic_cancer,CHEMBL1336,2.0,pancreatic carcinoma
Pancreatic Neoplasms,pancreatic_cancer,CHEMBL535,2.0,pancreatic carcinoma
Pancreatic Neoplasms,pancreatic_cancer,CHEMBL289228,2.0,pancreatic carcinoma
Pancreatic Neoplasms,pancreatic_cancer,CHEMBL1835207,2.0,pancreatic carcinoma
Pancreatic Neoplasms,pancreatic_cancer,CHEMBL521686,4.0,pancreatic carcinoma
Pancreatic Neoplasms,pancreatic_cancer,CHEMBL1200699,2.0,pancreatic carcinoma
Pancreatic Neoplasms,pancreatic_cancer,CHEMBL1908361,2.0,pancreatic carcinoma
Pancreatic Neoplasms,pancreatic_cancer,CHEMBL1149,3.0,pancreatic carcinoma
Pancreatic Neoplasms,pancreatic_cancer,CHEMBL413,2.0,pancreatic carcinoma
Pancreatic Neoplasms,pancreatic_cancer,CHEMBL185,3.0,pancreatic neoplasm
Pancreatic Neoplasms,pancreatic_cancer,CHEMBL428647,4.0,pancreatic neoplasm
Pancreatic Neoplasms,pancreatic_cancer,CHEMBL2108738,2.0,pancreatic carcinoma
Pancreatic Neoplasms,pancreatic_cancer,CHEMBL553,3.0,pancreatic carcinoma
Pancreatic Neoplasms,pancreatic_cancer,CHEMBL2103882,2.0,pancreatic neoplasm
Pancreatic Neoplasms,pancreatic_cancer,CHEMBL1743062,2.0,pancreatic carcinoma
Pancreatic Neoplasms,pancreatic_cancer,CHEMBL1680,3.0,pancreatic carcinoma
Pancreatic Neoplasms,pancreatic_cancer,CHEMBL502835,1.0,pancreatic carcinoma
Pancreatic Neoplasms,pancreatic_cancer,CHEMBL3301587,2.0,pancreatic carcinoma
Pancreatic Neoplasms,pancreatic_cancer,CHEMBL3545072,2.0,pancreatic carcinoma
Pancreatic Neoplasms,pancreatic_cancer,CHEMBL2108727,1.0,pancreatic carcinoma
Pancreatic Neoplasms,pancreatic_cancer,CHEMBL5314381,3.0,pancreatic carcinoma
Pancreatic Neoplasms,pancreatic_cancer,CHEMBL3349607,3.0,pancreatic carcinoma
Pancreatic Neoplasms,pancreatic_cancer,CHEMBL1743003,1.0,pancreatic carcinoma
Pancreatic Neoplasms,pancreatic_cancer,CHEMBL1336,2.0,pancreatic neoplasm
Pancreatic Neoplasms,pancreatic_cancer,CHEMBL1762621,1.0,pancreatic carcinoma
Pancreatic Neoplasms,pancreatic_cancer,CHEMBL1743001,1.0,pancreatic carcinoma
Pancreatic Neoplasms,pancreatic_cancer,CHEMBL2105666,1.0,pancreatic neoplasm
Pancreatic Neoplasms,pancreatic_cancer,CHEMBL2103842,1.0,pancreatic carcinoma
Pancreatic Neoplasms,pancreatic_cancer,CHEMBL506871,2.0,pancreatic carcinoma
Pancreatic Neoplasms,pancreatic_cancer,CHEMBL2108708,3.0,pancreatic carcinoma
Pancreatic Neoplasms,pancreatic_cancer,CHEMBL217092,1.0,pancreatic carcinoma
Pancreatic Neoplasms,pancreatic_cancer,CHEMBL2103847,1.0,pancreatic carcinoma
Pancreatic Neoplasms,pancreatic_cancer,CHEMBL2105684,2.0,pancreatic carcinoma
Pancreatic Neoplasms,pancreatic_cancer,CHEMBL1173655,1.0,pancreatic carcinoma
Pancreatic Neoplasms,pancreatic_cancer,CHEMBL2105717,2.0,pancreatic carcinoma
Pancreatic Neoplasms,pancreatic_cancer,CHEMBL1173055,2.0,pancreatic carcinoma
Pancreatic Neoplasms,pancreatic_cancer,CHEMBL1743013,1.0,pancreatic carcinoma
Pancreatic Neoplasms,pancreatic_cancer,CHEMBL1743024,1.0,pancreatic carcinoma
Pancreatic Neoplasms,pancreatic_cancer,CHEMBL1742984,2.0,pancreatic carcinoma
Pancreatic Neoplasms,pancreatic_cancer,CHEMBL2108717,3.0,pancreatic carcinoma
Pancreatic Neoplasms,pancreatic_cancer,CHEMBL2103875,2.0,pancreatic carcinoma
Pancreatic Neoplasms,pancreatic_cancer,CHEMBL1743018,1.0,pancreatic carcinoma
Pancreatic Neoplasms,pancreatic_cancer,CHEMBL1098,3.0,pancreatic carcinoma
Pancreatic Neoplasms,pancreatic_cancer,CHEMBL483254,2.0,pancreatic carcinoma
Pancreatic Neoplasms,pancreatic_cancer,CHEMBL1908360,4.0,pancreatic neoplasm
Pancreatic Neoplasms,pancreatic_cancer,CHEMBL77305,3.0,pancreatic carcinoma
Pancreatic Neoplasms,pancreatic_cancer,CHEMBL1200711,1.0,pancreatic carcinoma
Pancreatic Neoplasms,pancreatic_cancer,CHEMBL1200981,2.0,pancreatic carcinoma
Pancreatic Neoplasms,pancreatic_cancer,CHEMBL5314346,2.0,pancreatic carcinoma
Pancreatic Neoplasms,pancreatic_cancer,CHEMBL1201179,2.0,pancreatic carcinoma
Pancreatic Neoplasms,pancreatic_cancer,CHEMBL1977579,2.0,pancreatic carcinoma
Pancreatic Neoplasms,pancreatic_cancer,CHEMBL11359,3.0,pancreatic carcinoma
Pancreatic Neoplasms,pancreatic_cancer,CHEMBL1642,2.0,pancreatic carcinoma
Pancreatic Neoplasms,pancreatic_cancer,CHEMBL146428,2.0,pancreatic neoplasm
Pancreatic Neoplasms,pancreatic_cancer,CHEMBL3545252,2.0,pancreatic neoplasm
Pancreatic Neoplasms,pancreatic_cancer,CHEMBL44657,2.0,pancreatic carcinoma
Pancreatic Neoplasms,pancreatic_cancer,CHEMBL1431,2.0,pancreatic carcinoma
Pancreatic Neoplasms,pancreatic_cancer,CHEMBL1353,1.0,pancreatic carcinoma
Pancreatic Neoplasms,pancreatic_cancer,CHEMBL118,3.0,pancreatic carcinoma
Pancreatic Neoplasms,pancreatic_cancer,CHEMBL196,2.0,pancreatic neoplasm
Pancreatic Neoplasms,pancreatic_cancer,CHEMBL384467,2.0,pancreatic carcinoma
Pancreatic Neoplasms,pancreatic_cancer,CHEMBL223228,2.0,pancreatic carcinoma
Pancreatic Neoplasms,pancreatic_cancer,CHEMBL53463,2.0,pancreatic carcinoma
Pancreatic Neoplasms,pancreatic_cancer,CHEMBL1024,2.0,pancreatic carcinoma
Pancreatic Neoplasms,pancreatic_cancer,CHEMBL1201138,3.0,pancreatic carcinoma
Pancreatic Neoplasms,pancreatic_cancer,CHEMBL1201138,3.0,pancreatic neoplasm
Pancreatic Neoplasms,pancreatic_cancer,CHEMBL1201752,2.0,pancreatic carcinoma
Pancreatic Neoplasms,pancreatic_cancer,CHEMBL1543,2.0,pancreatic carcinoma
Pancreatic Neoplasms,pancreatic_cancer,CHEMBL105,3.0,pancreatic carcinoma
Pancreatic Neoplasms,pancreatic_cancer,CHEMBL526,3.0,pancreatic carcinoma
Pancreatic Neoplasms,pancreatic_cancer,CHEMBL181932,3.0,pancreatic carcinoma
Pancreatic Neoplasms,pancreatic_cancer,CHEMBL46,2.0,pancreatic carcinoma
Pancreatic Neoplasms,pancreatic_cancer,CHEMBL372764,2.0,pancreatic carcinoma
Pancreatic Neoplasms,pancreatic_cancer,CHEMBL1200622,2.0,pancreatic carcinoma
Pancreatic Neoplasms,pancreatic_cancer,CHEMBL20883,3.0,pancreatic carcinoma
Pancreatic Neoplasms,pancreatic_cancer,CHEMBL810,2.0,pancreatic carcinoma
Pancreatic Neoplasms,pancreatic_cancer,CHEMBL414804,3.0,pancreatic neoplasm
Pancreatic Neoplasms,pancreatic_cancer,CHEMBL932,2.0,pancreatic carcinoma
Pancreatic Neoplasms,pancreatic_cancer,CHEMBL101253,1.0,pancreatic carcinoma
Pancreatic Neoplasms,pancreatic_cancer,CHEMBL235191,2.0,pancreatic carcinoma
Pancreatic Neoplasms,pancreatic_cancer,CHEMBL1351,2.0,pancreatic carcinoma
Pancreatic Neoplasms,pancreatic_cancer,CHEMBL121626,1.0,pancreatic carcinoma
Pancreatic Neoplasms,pancreatic_cancer,CHEMBL76,1.0,pancreatic carcinoma
Pancreatic Neoplasms,pancreatic_cancer,CHEMBL846,2.0,pancreatic carcinoma
Pancreatic Neoplasms,pancreatic_cancer,CHEMBL1730601,3.0,pancreatic carcinoma
Pancreatic Neoplasms,pancreatic_cancer,CHEMBL1773,3.0,pancreatic neoplasm
Pancreatic Neoplasms,pancreatic_cancer,CHEMBL939,1.0,pancreatic carcinoma
Pancreatic Neoplasms,pancreatic_cancer,CHEMBL1715,0.5,pancreatic carcinoma
Pancreatic Neoplasms,pancreatic_cancer,CHEMBL2218878,2.0,pancreatic carcinoma
Pancreatic Neoplasms,pancreatic_cancer,CHEMBL3989857,2.0,pancreatic carcinoma
Pancreatic Neoplasms,pancreatic_cancer,CHEMBL1064,2.0,pancreatic carcinoma
Pancreatic Neoplasms,pancreatic_cancer,CHEMBL2007641,2.0,pancreatic carcinoma
Pancreatic Neoplasms,pancreatic_cancer,CHEMBL2108074,2.0,pancreatic carcinoma
Pancreatic Neoplasms,pancreatic_cancer,CHEMBL2108501,1.0,pancreatic neoplasm
Pancreatic Neoplasms,pancreatic_cancer,CHEMBL2108506,2.0,pancreatic carcinoma
Pancreatic Neoplasms,pancreatic_cancer,CHEMBL3989759,3.0,pancreatic carcinoma
Pancreatic Neoplasms,pancreatic_cancer,CHEMBL3544907,1.0,pancreatic carcinoma
Pancreatic Neoplasms,pancreatic_cancer,CHEMBL2107143,3.0,pancreatic carcinoma
Pancreatic Neoplasms,pancreatic_cancer,CHEMBL2107143,3.0,pancreatic neoplasm
Pancreatic Neoplasms,pancreatic_cancer,CHEMBL2107357,1.0,pancreatic carcinoma
Pancreatic Neoplasms,pancreatic_cancer,CHEMBL2108060,1.0,pancreatic carcinoma
Pancreatic Neoplasms,pancreatic_cancer,CHEMBL2108061,2.0,pancreatic carcinoma
Pancreatic Neoplasms,pancreatic_cancer,CHEMBL596,3.0,pancreatic carcinoma
Pancreatic Neoplasms,pancreatic_cancer,CHEMBL18442,2.0,pancreatic carcinoma
Pancreatic Neoplasms,pancreatic_cancer,CHEMBL288441,1.0,pancreatic carcinoma
Pancreatic Neoplasms,pancreatic_cancer,CHEMBL43452,1.0,pancreatic carcinoma
Pancreatic Neoplasms,pancreatic_cancer,CHEMBL473417,2.0,pancreatic carcinoma
Pancreatic Neoplasms,pancreatic_cancer,CHEMBL1289926,2.0,pancreatic neoplasm
Pancreatic Neoplasms,pancreatic_cancer,CHEMBL1789941,3.0,pancreatic carcinoma
Pancreatic Neoplasms,pancreatic_cancer,CHEMBL1237022,2.0,pancreatic carcinoma
Pancreatic Neoplasms,pancreatic_cancer,CHEMBL1743049,1.0,pancreatic carcinoma
Pancreatic Neoplasms,pancreatic_cancer,CHEMBL6067493,1.0,pancreatic carcinoma
Pancreatic Neoplasms,pancreatic_cancer,CHEMBL1201570,1.0,pancreatic carcinoma
Pancreatic Neoplasms,pancreatic_cancer,CHEMBL1201583,3.0,pancreatic neoplasm
Pancreatic Neoplasms,pancreatic_cancer,CHEMBL1201565,2.0,pancreatic carcinoma
Pancreatic Neoplasms,pancreatic_cancer,CHEMBL1201567,2.0,pancreatic carcinoma
Pancreatic Neoplasms,pancreatic_cancer,CHEMBL1201558,2.0,pancreatic carcinoma
Pancreatic Neoplasms,pancreatic_cancer,CHEMBL1201576,2.0,pancreatic neoplasm
Pancreatic Neoplasms,pancreatic_cancer,CHEMBL1201670,3.0,pancreatic carcinoma
Pancreatic Neoplasms,pancreatic_cancer,CHEMBL1201585,2.0,pancreatic carcinoma
Pancreatic Neoplasms,pancreatic_cancer,CHEMBL2109608,1.0,pancreatic carcinoma
Pancreatic Neoplasms,pancreatic_cancer,CHEMBL1743080,2.0,pancreatic carcinoma
Pancreatic Neoplasms,pancreatic_cancer,CHEMBL2109323,0.5,pancreatic carcinoma
Pancreatic Neoplasms,pancreatic_cancer,CHEMBL2108680,2.0,pancreatic carcinoma
Pancreatic Neoplasms,pancreatic_cancer,CHEMBL2107827,2.0,pancreatic carcinoma
Pancreatic Neoplasms,pancreatic_cancer,CHEMBL1679,3.0,pancreatic carcinoma
Pancreatic Neoplasms,pancreatic_cancer,CHEMBL1679,3.0,pancreatic neoplasm
Pancreatic Neoplasms,pancreatic_cancer,CHEMBL191,2.0,pancreatic carcinoma
Pancreatic Neoplasms,pancreatic_cancer,CHEMBL1535,2.0,pancreatic carcinoma
Pancreatic Neoplasms,pancreatic_cancer,CHEMBL417,2.0,pancreatic carcinoma
Pancreatic Neoplasms,pancreatic_cancer,CHEMBL554,2.0,pancreatic carcinoma
Pancreatic Neoplasms,pancreatic_cancer,CHEMBL481,3.0,pancreatic carcinoma
Pancreatic Neoplasms,pancreatic_cancer,CHEMBL481,3.0,pancreatic neoplasm
Pancreatic Neoplasms,pancreatic_cancer,CHEMBL584,1.0,pancreatic neoplasm
Pancreatic Neoplasms,pancreatic_cancer,CHEMBL1201244,3.0,pancreatic carcinoma
Pancreatic Neoplasms,pancreatic_cancer,CHEMBL553,3.0,pancreatic neoplasm
Pancreatic Neoplasms,pancreatic_cancer,CHEMBL595,2.0,pancreatic carcinoma
Pancreatic Neoplasms,pancreatic_cancer,CHEMBL300138,2.0,pancreatic neoplasm
Pancreatic Neoplasms,pancreatic_cancer,CHEMBL477772,2.0,pancreatic carcinoma
Pancreatic Neoplasms,pancreatic_cancer,CHEMBL1200496,2.0,pancreatic carcinoma
Pancreatic Neoplasms,pancreatic_cancer,CHEMBL1082407,1.0,pancreatic carcinoma
Pancreatic Neoplasms,pancreatic_cancer,CHEMBL2364611,1.0,pancreatic carcinoma
Pancreatic Neoplasms,pancreatic_cancer,CHEMBL2364611,1.0,pancreatic neoplasm
Pancreatic Neoplasms,pancreatic_cancer,CHEMBL2364652,1.0,pancreatic carcinoma
Pancreatic Neoplasms,pancreatic_cancer,CHEMBL3039517,1.0,pancreatic neoplasm
Pancreatic Neoplasms,pancreatic_cancer,CHEMBL2109384,2.0,pancreatic carcinoma
Pancreatic Neoplasms,pancreatic_cancer,CHEMBL2109667,2.0,pancreatic carcinoma
Pancreatic Neoplasms,pancreatic_cancer,CHEMBL3137331,2.0,pancreatic carcinoma
Pancreatic Neoplasms,pancreatic_cancer,CHEMBL521686,4.0,pancreatic neoplasm
Pancreatic Neoplasms,pancreatic_cancer,CHEMBL3301570,1.0,pancreatic carcinoma
Pancreatic Neoplasms,pancreatic_cancer,CHEMBL3301588,1.0,pancreatic carcinoma
Pancreatic Neoplasms,pancreatic_cancer,CHEMBL2105737,1.0,pancreatic carcinoma
Pancreatic Neoplasms,pancreatic_cancer,CHEMBL260046,1.0,pancreatic carcinoma
Pancreatic Neoplasms,pancreatic_cancer,CHEMBL259084,1.0,pancreatic neoplasm
Pancreatic Neoplasms,pancreatic_cancer,CHEMBL3989869,1.0,pancreatic carcinoma
Pancreatic Neoplasms,pancreatic_cancer,CHEMBL3040440,1.0,pancreatic carcinoma
Pancreatic Neoplasms,pancreatic_cancer,CHEMBL513909,2.0,pancreatic neoplasm
Pancreatic Neoplasms,pancreatic_cancer,CHEMBL3590106,1.0,pancreatic carcinoma
Pancreatic Neoplasms,pancreatic_cancer,CHEMBL2396661,1.0,pancreatic carcinoma
Pancreatic Neoplasms,pancreatic_cancer,CHEMBL105442,2.0,pancreatic carcinoma
Pancreatic Neoplasms,pancreatic_cancer,CHEMBL105442,2.0,pancreatic neoplasm
Pancreatic Neoplasms,pancreatic_cancer,CHEMBL52885,2.0,pancreatic carcinoma
Pancreatic Neoplasms,pancreatic_cancer,CHEMBL362558,1.0,pancreatic carcinoma
Pancreatic Neoplasms,pancreatic_cancer,CHEMBL574737,2.0,pancreatic carcinoma
Pancreatic Neoplasms,pancreatic_cancer,CHEMBL3545401,1.0,pancreatic neoplasm
Pancreatic Neoplasms,pancreatic_cancer,CHEMBL274654,1.0,pancreatic carcinoma
Pancreatic Neoplasms,pancreatic_cancer,CHEMBL3622820,1.0,pancreatic carcinoma
Pancreatic Neoplasms,pancreatic_cancer,CHEMBL1770916,2.0,pancreatic carcinoma
Pancreatic Neoplasms,pancreatic_cancer,CHEMBL3707348,2.0,pancreatic carcinoma
Pancreatic Neoplasms,pancreatic_cancer,CHEMBL3833373,2.0,pancreatic carcinoma
Pancreatic Neoplasms,pancreatic_cancer,CHEMBL2109629,2.0,pancreatic carcinoma
Pancreatic Neoplasms,pancreatic_cancer,CHEMBL27759,1.0,pancreatic carcinoma
Pancreatic Neoplasms,pancreatic_cancer,CHEMBL1743085,2.0,pancreatic carcinoma
Pancreatic Neoplasms,pancreatic_cancer,CHEMBL1742998,1.0,pancreatic carcinoma
Pancreatic Neoplasms,pancreatic_cancer,CHEMBL1094636,2.0,pancreatic carcinoma
Pancreatic Neoplasms,pancreatic_cancer,CHEMBL450449,2.0,pancreatic carcinoma
Pancreatic Neoplasms,pancreatic_cancer,CHEMBL3989514,4.0,pancreatic carcinoma
Pancreatic Neoplasms,pancreatic_cancer,CHEMBL2030434,2.0,pancreatic carcinoma
Pancreatic Neoplasms,pancreatic_cancer,CHEMBL1200409,0.5,pancreatic carcinoma
Pancreatic Neoplasms,pancreatic_cancer,CHEMBL2360464,3.0,pancreatic carcinoma
Pancreatic Neoplasms,pancreatic_cancer,CHEMBL2360464,3.0,pancreatic neoplasm
Pancreatic Neoplasms,pancreatic_cancer,CHEMBL3989727,1.0,pancreatic carcinoma
Pancreatic Neoplasms,pancreatic_cancer,CHEMBL3989727,1.0,pancreatic neoplasm
Pancreatic Neoplasms,pancreatic_cancer,CHEMBL31634,2.0,pancreatic carcinoma
Pancreatic Neoplasms,pancreatic_cancer,CHEMBL622,2.0,pancreatic neoplasm
Pancreatic Neoplasms,pancreatic_cancer,CHEMBL1614707,1.0,pancreatic neoplasm
Pancreatic Neoplasms,pancreatic_cancer,CHEMBL1200574,0.5,pancreatic carcinoma
Pancreatic Neoplasms,pancreatic_cancer,CHEMBL2109059,1.0,pancreatic carcinoma
Pancreatic Neoplasms,pancreatic_cancer,CHEMBL2108796,1.0,pancreatic carcinoma
Pancreatic Neoplasms,pancreatic_cancer,CHEMBL4297208,2.0,pancreatic carcinoma
Pancreatic Neoplasms,pancreatic_cancer,CHEMBL329123,2.0,pancreatic carcinoma
Pancreatic Neoplasms,pancreatic_cancer,CHEMBL2107381,3.0,pancreatic carcinoma
Pancreatic Neoplasms,pancreatic_cancer,CHEMBL1201770,3.0,pancreatic carcinoma
Pancreatic Neoplasms,pancreatic_cancer,CHEMBL343448,1.0,pancreatic carcinoma
Pancreatic Neoplasms,pancreatic_cancer,CHEMBL2109503,1.0,pancreatic carcinoma
Pancreatic Neoplasms,pancreatic_cancer,CHEMBL2108308,3.0,pancreatic carcinoma
Pancreatic Neoplasms,pancreatic_cancer,CHEMBL2109477,1.0,pancreatic neoplasm
Pancreatic Neoplasms,pancreatic_cancer,CHEMBL2109322,1.0,pancreatic carcinoma
Pancreatic Neoplasms,pancreatic_cancer,CHEMBL2109516,1.0,pancreatic carcinoma
Pancreatic Neoplasms,pancreatic_cancer,CHEMBL1464,0.5,pancreatic carcinoma
Pancreatic Neoplasms,pancreatic_cancer,CHEMBL225072,2.0,pancreatic carcinoma
Pancreatic Neoplasms,pancreatic_cancer,CHEMBL1482,2.0,pancreatic carcinoma
Pancreatic Neoplasms,pancreatic_cancer,CHEMBL27,2.0,pancreatic neoplasm
Pancreatic Neoplasms,pancreatic_cancer,CHEMBL189963,1.0,pancreatic carcinoma
Pancreatic Neoplasms,pancreatic_cancer,CHEMBL3137343,2.0,pancreatic neoplasm
Pancreatic Neoplasms,pancreatic_cancer,CHEMBL538867,1.0,pancreatic carcinoma
Pancreatic Neoplasms,pancreatic_cancer,CHEMBL3545372,1.0,pancreatic carcinoma
Pancreatic Neoplasms,pancreatic_cancer,CHEMBL3809489,1.0,pancreatic carcinoma
Pancreatic Neoplasms,pancreatic_cancer,CHEMBL67279,0.5,pancreatic carcinoma
Pancreatic Neoplasms,pancreatic_cancer,CHEMBL3707227,2.0,pancreatic carcinoma
Pancreatic Neoplasms,pancreatic_cancer,CHEMBL3989976,2.0,pancreatic carcinoma
Pancreatic Neoplasms,pancreatic_cancer,CHEMBL3989990,2.0,pancreatic carcinoma
Pancreatic Neoplasms,pancreatic_cancer,CHEMBL2087361,1.0,pancreatic carcinoma
Pancreatic Neoplasms,pancreatic_cancer,CHEMBL140,3.0,pancreatic carcinoma
Pancreatic Neoplasms,pancreatic_cancer,CHEMBL2158685,1.0,pancreatic carcinoma
Pancreatic Neoplasms,pancreatic_cancer,CHEMBL3235620,1.0,pancreatic neoplasm
Pancreatic Neoplasms,pancreatic_cancer,CHEMBL1386,2.0,pancreatic carcinoma
Pancreatic Neoplasms,pancreatic_cancer,CHEMBL3186849,3.0,pancreatic carcinoma
Pancreatic Neoplasms,pancreatic_cancer,CHEMBL44,2.0,pancreatic carcinoma
Pancreatic Neoplasms,pancreatic_cancer,CHEMBL39541,2.0,pancreatic carcinoma
Pancreatic Neoplasms,pancreatic_cancer,CHEMBL2312181,1.0,pancreatic carcinoma
Pancreatic Neoplasms,pancreatic_cancer,CHEMBL236687,2.0,pancreatic carcinoma
Pancreatic Neoplasms,pancreatic_cancer,CHEMBL406050,2.0,pancreatic neoplasm
Pancreatic Neoplasms,pancreatic_cancer,CHEMBL424278,2.0,pancreatic neoplasm
Pancreatic Neoplasms,pancreatic_cancer,CHEMBL23832,1.0,pancreatic carcinoma
Pancreatic Neoplasms,pancreatic_cancer,CHEMBL231616,2.0,pancreatic carcinoma
Pancreatic Neoplasms,pancreatic_cancer,CHEMBL2431768,1.0,pancreatic carcinoma
Pancreatic Neoplasms,pancreatic_cancer,CHEMBL4297315,2.0,pancreatic carcinoma
Pancreatic Neoplasms,pancreatic_cancer,CHEMBL3126004,2.0,pancreatic carcinoma
Pancreatic Neoplasms,pancreatic_cancer,CHEMBL3349001,2.0,pancreatic carcinoma
Pancreatic Neoplasms,pancreatic_cancer,CHEMBL2064455,1.0,pancreatic carcinoma
Pancreatic Neoplasms,pancreatic_cancer,CHEMBL3260567,1.0,pancreatic carcinoma
Pancreatic Neoplasms,pancreatic_cancer,CHEMBL4297690,2.0,pancreatic carcinoma
Pancreatic Neoplasms,pancreatic_cancer,CHEMBL4297713,2.0,pancreatic carcinoma
Pancreatic Neoplasms,pancreatic_cancer,CHEMBL4297777,1.0,pancreatic neoplasm
Pancreatic Neoplasms,pancreatic_cancer,CHEMBL3740500,2.0,pancreatic carcinoma
Pancreatic Neoplasms,pancreatic_cancer,CHEMBL4297790,1.0,pancreatic carcinoma
Pancreatic Neoplasms,pancreatic_cancer,CHEMBL4297791,1.0,pancreatic carcinoma
Pancreatic Neoplasms,pancreatic_cancer,CHEMBL4298008,1.0,pancreatic neoplasm
Pancreatic Neoplasms,pancreatic_cancer,CHEMBL4298052,3.0,pancreatic neoplasm
Pancreatic Neoplasms,pancreatic_cancer,CHEMBL4298135,1.0,pancreatic carcinoma
Pancreatic Neoplasms,pancreatic_cancer,CHEMBL957,1.0,pancreatic carcinoma
Pancreatic Neoplasms,pancreatic_cancer,CHEMBL416,2.0,pancreatic carcinoma
Pancreatic Neoplasms,pancreatic_cancer,CHEMBL16,2.0,pancreatic carcinoma
Pancreatic Neoplasms,pancreatic_cancer,CHEMBL38,2.0,pancreatic carcinoma
Pancreatic Neoplasms,pancreatic_cancer,CHEMBL1330596,3.0,pancreatic carcinoma
Pancreatic Neoplasms,pancreatic_cancer,CHEMBL3544910,1.0,pancreatic carcinoma
Pancreatic Neoplasms,pancreatic_cancer,CHEMBL1201460,3.0,pancreatic carcinoma
Pancreatic Neoplasms,pancreatic_cancer,CHEMBL3137320,1.0,pancreatic carcinoma
Pancreatic Neoplasms,pancreatic_cancer,CHEMBL3187723,2.0,pancreatic carcinoma
Pancreatic Neoplasms,pancreatic_cancer,CHEMBL3989992,3.0,pancreatic carcinoma
Pancreatic Neoplasms,pancreatic_cancer,CHEMBL1980825,2.0,pancreatic carcinoma
Pancreatic Neoplasms,pancreatic_cancer,CHEMBL4297263,1.0,pancreatic neoplasm
Pancreatic Neoplasms,pancreatic_cancer,CHEMBL4297366,1.0,pancreatic neoplasm
Pancreatic Neoplasms,pancreatic_cancer,CHEMBL4279455,3.0,pancreatic neoplasm
Pancreatic Neoplasms,pancreatic_cancer,CHEMBL4297723,2.0,pancreatic carcinoma
Pancreatic Neoplasms,pancreatic_cancer,CHEMBL4297559,1.0,pancreatic carcinoma
Pancreatic Neoplasms,pancreatic_cancer,CHEMBL4298024,1.0,pancreatic carcinoma
Pancreatic Neoplasms,pancreatic_cancer,CHEMBL4298056,1.0,pancreatic carcinoma
Pancreatic Neoplasms,pancreatic_cancer,CHEMBL4297226,1.0,pancreatic carcinoma
Pancreatic Neoplasms,pancreatic_cancer,CHEMBL3930624,3.0,pancreatic carcinoma
Pancreatic Neoplasms,pancreatic_cancer,CHEMBL4594480,1.0,pancreatic carcinoma
Pancreatic Neoplasms,pancreatic_cancer,CHEMBL4594562,2.0,pancreatic carcinoma
Pancreatic Neoplasms,pancreatic_cancer,CHEMBL225071,2.0,pancreatic carcinoma
Pancreatic Neoplasms,pancreatic_cancer,CHEMBL113051,2.0,pancreatic carcinoma
Pancreatic Neoplasms,pancreatic_cancer,CHEMBL5314371,1.0,pancreatic carcinoma
Pancreatic Neoplasms,pancreatic_cancer,CHEMBL181932,3.0,pancreatic neoplasm
Pancreatic Neoplasms,pancreatic_cancer,CHEMBL20883,3.0,pancreatic neoplasm
Pancreatic Neoplasms,pancreatic_cancer,CHEMBL1730601,3.0,pancreatic neoplasm
Pancreatic Neoplasms,pancreatic_cancer,CHEMBL429910,1.0,pancreatic carcinoma
Pancreatic Neoplasms,pancreatic_cancer,CHEMBL1201451,3.0,pancreatic carcinoma
Pancreatic Neoplasms,pancreatic_cancer,CHEMBL3301612,2.0,pancreatic carcinoma
Pancreatic Neoplasms,pancreatic_cancer,CHEMBL3545071,2.0,pancreatic carcinoma
Pancreatic Neoplasms,pancreatic_cancer,CHEMBL4303201,2.0,pancreatic carcinoma
Pancreatic Neoplasms,pancreatic_cancer,CHEMBL1278146,2.0,pancreatic carcinoma
Pancreatic Neoplasms,pancreatic_cancer,CHEMBL4297715,3.0,pancreatic carcinoma
Pancreatic Neoplasms,pancreatic_cancer,CHEMBL4297721,2.0,pancreatic carcinoma
Pancreatic Neoplasms,pancreatic_cancer,CHEMBL4298124,2.0,pancreatic carcinoma
Pancreatic Neoplasms,pancreatic_cancer,CHEMBL4594517,1.0,pancreatic carcinoma
Pancreatic Neoplasms,pancreatic_cancer,CHEMBL4650328,1.0,pancreatic carcinoma
Pancreatic Neoplasms,pancreatic_cancer,CHEMBL4650376,2.0,pancreatic carcinoma
Pancreatic Neoplasms,pancreatic_cancer,CHEMBL4650387,2.0,pancreatic carcinoma
Pancreatic Neoplasms,pancreatic_cancer,CHEMBL4650400,2.0,pancreatic carcinoma
Pancreatic Neoplasms,pancreatic_cancer,CHEMBL4650428,1.0,pancreatic carcinoma
Pancreatic Neoplasms,pancreatic_cancer,CHEMBL2029422,1.0,pancreatic neoplasm
Pancreatic Neoplasms,pancreatic_cancer,CHEMBL2103794,2.0,pancreatic carcinoma
Pancreatic Neoplasms,pancreatic_cancer,CHEMBL1201574,2.0,pancreatic carcinoma
Pancreatic Neoplasms,pancreatic_cancer,CHEMBL454801,2.0,pancreatic carcinoma
Pancreatic Neoplasms,pancreatic_cancer,CHEMBL1690,2.0,pancreatic carcinoma
Pancreatic Neoplasms,pancreatic_cancer,CHEMBL1503,0.5,pancreatic carcinoma
Pancreatic Neoplasms,pancreatic_cancer,CHEMBL1567,3.0,pancreatic carcinoma
Pancreatic Neoplasms,pancreatic_cancer,CHEMBL4297362,2.0,pancreatic carcinoma
Pancreatic Neoplasms,pancreatic_cancer,CHEMBL4297840,2.0,pancreatic carcinoma
Pancreatic Neoplasms,pancreatic_cancer,CHEMBL4298037,2.0,pancreatic carcinoma
Pancreatic Neoplasms,pancreatic_cancer,CHEMBL4650307,2.0,pancreatic carcinoma
Pancreatic Neoplasms,pancreatic_cancer,CHEMBL4650285,2.0,pancreatic carcinoma
Pancreatic Neoplasms,pancreatic_cancer,CHEMBL2107862,2.0,pancreatic carcinoma
Pancreatic Neoplasms,pancreatic_cancer,CHEMBL1229517,2.0,pancreatic carcinoma
Pancreatic Neoplasms,pancreatic_cancer,CHEMBL11359,3.0,pancreatic neoplasm
Pancreatic Neoplasms,pancreatic_cancer,CHEMBL1358,1.0,pancreatic carcinoma
Pancreatic Neoplasms,pancreatic_cancer,CHEMBL964,2.0,pancreatic carcinoma
Pancreatic Neoplasms,pancreatic_cancer,CHEMBL607710,1.0,pancreatic carcinoma
Pancreatic Neoplasms,pancreatic_cancer,CHEMBL137,2.0,pancreatic carcinoma
Pancreatic Neoplasms,pancreatic_cancer,CHEMBL779,2.0,pancreatic carcinoma
Pancreatic Neoplasms,pancreatic_cancer,CHEMBL8,2.0,pancreatic carcinoma
Pancreatic Neoplasms,pancreatic_cancer,CHEMBL25202,1.0,pancreatic carcinoma
Pancreatic Neoplasms,pancreatic_cancer,CHEMBL2109042,2.0,pancreatic carcinoma
Pancreatic Neoplasms,pancreatic_cancer,CHEMBL5314551,2.0,pancreatic carcinoma
Pancreatic Neoplasms,pancreatic_cancer,CHEMBL2108291,2.0,pancreatic carcinoma
Pancreatic Neoplasms,pancreatic_cancer,CHEMBL2108295,1.0,pancreatic carcinoma
Pancreatic Neoplasms,pancreatic_cancer,CHEMBL1738797,2.0,pancreatic neoplasm
Pancreatic Neoplasms,pancreatic_cancer,CHEMBL4297190,2.0,pancreatic carcinoma
Pancreatic Neoplasms,pancreatic_cancer,CHEMBL4297190,2.0,pancreatic neoplasm
Pancreatic Neoplasms,pancreatic_cancer,CHEMBL3989870,1.0,pancreatic carcinoma
Pancreatic Neoplasms,pancreatic_cancer,CHEMBL4303201,2.0,pancreatic neoplasm
Pancreatic Neoplasms,pancreatic_cancer,CHEMBL1976040,2.0,pancreatic carcinoma
Pancreatic Neoplasms,pancreatic_cancer,CHEMBL4303214,2.0,pancreatic carcinoma
Pancreatic Neoplasms,pancreatic_cancer,CHEMBL3990006,2.0,pancreatic carcinoma
Pancreatic Neoplasms,pancreatic_cancer,CHEMBL4297490,2.0,pancreatic carcinoma
Pancreatic Neoplasms,pancreatic_cancer,CHEMBL4297522,2.0,pancreatic carcinoma
Pancreatic Neoplasms,pancreatic_cancer,CHEMBL4297571,2.0,pancreatic neoplasm
Pancreatic Neoplasms,pancreatic_cancer,CHEMBL4297728,2.0,pancreatic carcinoma
Pancreatic Neoplasms,pancreatic_cancer,CHEMBL4297829,2.0,pancreatic carcinoma
Pancreatic Neoplasms,pancreatic_cancer,CHEMBL4297829,2.0,pancreatic neoplasm
Pancreatic Neoplasms,pancreatic_cancer,CHEMBL4297973,1.0,pancreatic carcinoma
Pancreatic Neoplasms,pancreatic_cancer,CHEMBL4594363,1.0,pancreatic carcinoma
Pancreatic Neoplasms,pancreatic_cancer,CHEMBL4535757,1.0,pancreatic carcinoma
Pancreatic Neoplasms,pancreatic_cancer,CHEMBL4650309,1.0,pancreatic carcinoma
Pancreatic Neoplasms,pancreatic_cancer,CHEMBL5090754,1.0,pancreatic carcinoma
Pancreatic Neoplasms,pancreatic_cancer,CHEMBL80386,1.0,pancreatic carcinoma
Pancreatic Neoplasms,pancreatic_cancer,CHEMBL5095277,3.0,pancreatic carcinoma
Pancreatic Neoplasms,pancreatic_cancer,CHEMBL5314425,1.0,pancreatic carcinoma
Pancreatic Neoplasms,pancreatic_cancer,CHEMBL5095383,1.0,pancreatic carcinoma
Pancreatic Neoplasms,pancreatic_cancer,CHEMBL1336,2.0,Malignant Pancreatic Neoplasm
Pancreatic Neoplasms,pancreatic_cancer,CHEMBL2105738,2.0,Malignant Pancreatic Neoplasm
Pancreatic Neoplasms,pancreatic_cancer,CHEMBL2108738,2.0,Malignant Pancreatic Neoplasm
Pancreatic Neoplasms,pancreatic_cancer,CHEMBL11359,3.0,Malignant Pancreatic Neoplasm
Pancreatic Neoplasms,pancreatic_cancer,CHEMBL3989514,4.0,pancreatic neoplasm
Pancreatic Neoplasms,pancreatic_cancer,CHEMBL3989514,4.0,Malignant Pancreatic Neoplasm
Pancreatic Neoplasms,pancreatic_cancer,CHEMBL1751,2.0,Malignant Pancreatic Neoplasm
Pancreatic Neoplasms,pancreatic_cancer,CHEMBL1431,2.0,Malignant Pancreatic Neoplasm
Pancreatic Neoplasms,pancreatic_cancer,CHEMBL428647,4.0,Malignant Pancreatic Neoplasm
Pancreatic Neoplasms,pancreatic_cancer,CHEMBL25,2.0,pancreatic carcinoma
Pancreatic Neoplasms,pancreatic_cancer,CHEMBL1201138,3.0,Malignant Pancreatic Neoplasm
Pancreatic Neoplasms,pancreatic_cancer,CHEMBL185,3.0,Malignant Pancreatic Neoplasm
Pancreatic Neoplasms,pancreatic_cancer,CHEMBL1637,4.0,Malignant Pancreatic Neoplasm
Pancreatic Neoplasms,pancreatic_cancer,CHEMBL181932,3.0,Malignant Pancreatic Neoplasm
Pancreatic Neoplasms,pancreatic_cancer,CHEMBL316561,1.0,pancreatic carcinoma
Pancreatic Neoplasms,pancreatic_cancer,CHEMBL1200622,2.0,Malignant Pancreatic Neoplasm
Pancreatic Neoplasms,pancreatic_cancer,CHEMBL20883,3.0,Malignant Pancreatic Neoplasm
Pancreatic Neoplasms,pancreatic_cancer,CHEMBL414804,3.0,Malignant Pancreatic Neoplasm
Pancreatic Neoplasms,pancreatic_cancer,CHEMBL1730601,3.0,Malignant Pancreatic Neoplasm
Pancreatic Neoplasms,pancreatic_cancer,CHEMBL888,3.0,Malignant Pancreatic Neoplasm
Pancreatic Neoplasms,pancreatic_cancer,CHEMBL1064,2.0,Malignant Pancreatic Neoplasm
Pancreatic Neoplasms,pancreatic_cancer,CHEMBL1201568,2.0,pancreatic carcinoma
Pancreatic Neoplasms,pancreatic_cancer,CHEMBL1789844,2.0,Malignant Pancreatic Neoplasm
Pancreatic Neoplasms,pancreatic_cancer,CHEMBL1201451,3.0,Malignant Pancreatic Neoplasm
Pancreatic Neoplasms,pancreatic_cancer,CHEMBL2107832,1.0,pancreatic carcinoma
Pancreatic Neoplasms,pancreatic_cancer,CHEMBL941,1.0,Malignant Pancreatic Neoplasm
Pancreatic Neoplasms,pancreatic_cancer,CHEMBL553,3.0,Malignant Pancreatic Neoplasm
Pancreatic Neoplasms,pancreatic_cancer,CHEMBL3137346,1.0,Malignant Pancreatic Neoplasm
Pancreatic Neoplasms,pancreatic_cancer,CHEMBL3657311,1.0,pancreatic carcinoma
Pancreatic Neoplasms,pancreatic_cancer,CHEMBL3348923,1.0,pancreatic carcinoma
Pancreatic Neoplasms,pancreatic_cancer,CHEMBL3264002,1.0,pancreatic carcinoma
Pancreatic Neoplasms,pancreatic_cancer,CHEMBL4303201,2.0,Malignant Pancreatic Neoplasm
Pancreatic Neoplasms,pancreatic_cancer,CHEMBL4297480,2.0,pancreatic carcinoma
Pancreatic Neoplasms,pancreatic_cancer,CHEMBL4297571,2.0,Malignant Pancreatic Neoplasm
Pancreatic Neoplasms,pancreatic_cancer,CHEMBL4297690,2.0,Malignant Pancreatic Neoplasm
Pancreatic Neoplasms,pancreatic_cancer,CHEMBL4297713,2.0,Malignant Pancreatic Neoplasm
Pancreatic Neoplasms,pancreatic_cancer,CHEMBL4297817,2.0,pancreatic carcinoma
Pancreatic Neoplasms,pancreatic_cancer,CHEMBL4297829,2.0,Malignant Pancreatic Neoplasm
Pancreatic Neoplasms,pancreatic_cancer,CHEMBL4297840,2.0,pancreatic neoplasm
Pancreatic Neoplasms,pancreatic_cancer,CHEMBL4297843,2.0,Malignant Pancreatic Neoplasm
Pancreatic Neoplasms,pancreatic_cancer,CHEMBL4297856,2.0,Malignant Pancreatic Neoplasm
Pancreatic Neoplasms,pancreatic_cancer,CHEMBL4297870,1.0,pancreatic carcinoma
Pancreatic Neoplasms,pancreatic_cancer,CHEMBL4297877,2.0,pancreatic carcinoma
Pancreatic Neoplasms,pancreatic_cancer,CHEMBL4297946,2.0,Malignant Pancreatic Neoplasm
Pancreatic Neoplasms,pancreatic_cancer,CHEMBL4298006,2.0,Malignant Pancreatic Neoplasm
Pancreatic Neoplasms,pancreatic_cancer,CHEMBL3930624,3.0,Malignant Pancreatic Neoplasm
Pancreatic Neoplasms,pancreatic_cancer,CHEMBL4594456,2.0,pancreatic carcinoma
Pancreatic Neoplasms,pancreatic_cancer,CHEMBL4594459,1.0,Malignant Pancreatic Neoplasm
Pancreatic Neoplasms,pancreatic_cancer,CHEMBL3899477,1.0,Malignant Pancreatic Neoplasm
Pancreatic Neoplasms,pancreatic_cancer,CHEMBL4471306,1.0,Malignant Pancreatic Neoplasm
Pancreatic Neoplasms,pancreatic_cancer,CHEMBL4650483,1.0,pancreatic carcinoma
Pancreatic Neoplasms,pancreatic_cancer,CHEMBL4802161,2.0,pancreatic carcinoma
Pancreatic Neoplasms,pancreatic_cancer,CHEMBL80386,1.0,pancreatic neoplasm
Pancreatic Neoplasms,pancreatic_cancer,CHEMBL5095388,1.0,pancreatic carcinoma
Pancreatic Neoplasms,pancreatic_cancer,CHEMBL5095422,1.0,pancreatic neoplasm
Pancreatic Neoplasms,pancreatic_cancer,CHEMBL5095464,1.0,pancreatic carcinoma
Pancreatic Neoplasms,pancreatic_cancer,CHEMBL1201834,3.0,pancreatic carcinoma
Pancreatic Neoplasms,pancreatic_cancer,CHEMBL2103840,1.0,pancreatic carcinoma
Pancreatic Neoplasms,pancreatic_cancer,CHEMBL2105695,2.0,pancreatic carcinoma
Pancreatic Neoplasms,pancreatic_cancer,CHEMBL428690,2.0,pancreatic carcinoma
Pancreatic Neoplasms,pancreatic_cancer,CHEMBL2105717,2.0,Malignant Pancreatic Neoplasm
Pancreatic Neoplasms,pancreatic_cancer,CHEMBL2103879,2.0,pancreatic carcinoma
Pancreatic Neoplasms,pancreatic_cancer,CHEMBL1098,3.0,pancreatic neoplasm
Pancreatic Neoplasms,pancreatic_cancer,CHEMBL5314346,2.0,pancreatic neoplasm
Pancreatic Neoplasms,pancreatic_cancer,CHEMBL1751,2.0,pancreatic carcinoma
Pancreatic Neoplasms,pancreatic_cancer,CHEMBL1205,1.0,pancreatic carcinoma
Pancreatic Neoplasms,pancreatic_cancer,CHEMBL53463,2.0,pancreatic neoplasm
Pancreatic Neoplasms,pancreatic_cancer,CHEMBL1073,2.0,pancreatic carcinoma
Pancreatic Neoplasms,pancreatic_cancer,CHEMBL514,2.0,pancreatic neoplasm
Pancreatic Neoplasms,pancreatic_cancer,CHEMBL1417019,2.0,Malignant Pancreatic Neoplasm
Pancreatic Neoplasms,pancreatic_cancer,CHEMBL4303669,2.0,pancreatic carcinoma
Pancreatic Neoplasms,pancreatic_cancer,CHEMBL1351,2.0,pancreatic neoplasm
Pancreatic Neoplasms,pancreatic_cancer,CHEMBL1079742,4.0,pancreatic neoplasm
Pancreatic Neoplasms,pancreatic_cancer,CHEMBL1201438,1.0,pancreatic carcinoma
Pancreatic Neoplasms,pancreatic_cancer,CHEMBL2095208,1.0,pancreatic carcinoma
Pancreatic Neoplasms,pancreatic_cancer,CHEMBL2095208,1.0,pancreatic neoplasm
Pancreatic Neoplasms,pancreatic_cancer,CHEMBL2108658,2.0,pancreatic neoplasm
Pancreatic Neoplasms,pancreatic_cancer,CHEMBL1201182,2.0,pancreatic carcinoma
Pancreatic Neoplasms,pancreatic_cancer,CHEMBL1683544,2.0,pancreatic carcinoma
Pancreatic Neoplasms,pancreatic_cancer,CHEMBL1201827,2.0,Malignant Pancreatic Neoplasm
Pancreatic Neoplasms,pancreatic_cancer,CHEMBL1201585,2.0,pancreatic neoplasm
Pancreatic Neoplasms,pancreatic_cancer,CHEMBL2108359,3.0,Malignant Pancreatic Neoplasm
Pancreatic Neoplasms,pancreatic_cancer,CHEMBL1349,1.0,pancreatic carcinoma
Pancreatic Neoplasms,pancreatic_cancer,CHEMBL27,2.0,pancreatic carcinoma
Pancreatic Neoplasms,pancreatic_cancer,CHEMBL1771,3.0,pancreatic carcinoma
Pancreatic Neoplasms,pancreatic_cancer,CHEMBL1771,3.0,Malignant Pancreatic Neoplasm
Pancreatic Neoplasms,pancreatic_cancer,CHEMBL2146883,0.5,pancreatic carcinoma
Pancreatic Neoplasms,pancreatic_cancer,CHEMBL571209,1.0,pancreatic carcinoma
Pancreatic Neoplasms,pancreatic_cancer,CHEMBL235668,2.0,Malignant Pancreatic Neoplasm
Pancreatic Neoplasms,pancreatic_cancer,CHEMBL65375,2.0,pancreatic carcinoma
Pancreatic Neoplasms,pancreatic_cancer,CHEMBL65375,2.0,pancreatic neoplasm
Pancreatic Neoplasms,pancreatic_cancer,CHEMBL3137343,2.0,Malignant Pancreatic Neoplasm
Pancreatic Neoplasms,pancreatic_cancer,CHEMBL3301587,2.0,pancreatic neoplasm
Pancreatic Neoplasms,pancreatic_cancer,CHEMBL3301589,2.0,pancreatic carcinoma
Pancreatic Neoplasms,pancreatic_cancer,CHEMBL4297190,2.0,Malignant Pancreatic Neoplasm
Pancreatic Neoplasms,pancreatic_cancer,CHEMBL3544993,1.0,pancreatic carcinoma
Pancreatic Neoplasms,pancreatic_cancer,CHEMBL1738758,0.5,pancreatic carcinoma
Pancreatic Neoplasms,pancreatic_cancer,CHEMBL1079175,1.0,pancreatic carcinoma
Pancreatic Neoplasms,pancreatic_cancer,CHEMBL3186534,2.0,pancreatic carcinoma
Pancreatic Neoplasms,pancreatic_cancer,CHEMBL3186534,2.0,pancreatic neoplasm
Pancreatic Neoplasms,pancreatic_cancer,CHEMBL3186534,2.0,Malignant Pancreatic Neoplasm
Pancreatic Neoplasms,pancreatic_cancer,CHEMBL3707227,2.0,Malignant Pancreatic Neoplasm
Pancreatic Neoplasms,pancreatic_cancer,CHEMBL3894860,2.0,pancreatic carcinoma
Pancreatic Neoplasms,pancreatic_cancer,CHEMBL3990016,2.0,pancreatic carcinoma
Pancreatic Neoplasms,pancreatic_cancer,CHEMBL483465,2.0,pancreatic neoplasm
Pancreatic Neoplasms,pancreatic_cancer,CHEMBL4297422,1.0,pancreatic carcinoma
Pancreatic Neoplasms,pancreatic_cancer,CHEMBL4292264,2.0,pancreatic carcinoma
Pancreatic Neoplasms,pancreatic_cancer,CHEMBL4297800,2.0,pancreatic carcinoma
Pancreatic Neoplasms,pancreatic_cancer,CHEMBL4297813,1.0,pancreatic carcinoma
Pancreatic Neoplasms,pancreatic_cancer,CHEMBL4297813,1.0,Malignant Pancreatic Neoplasm
Pancreatic Neoplasms,pancreatic_cancer,CHEMBL4297828,2.0,pancreatic carcinoma
Pancreatic Neoplasms,pancreatic_cancer,CHEMBL4297831,3.0,pancreatic carcinoma
Pancreatic Neoplasms,pancreatic_cancer,CHEMBL4297843,2.0,pancreatic carcinoma
Pancreatic Neoplasms,pancreatic_cancer,CHEMBL4297856,2.0,pancreatic carcinoma
Pancreatic Neoplasms,pancreatic_cancer,CHEMBL4297888,1.0,pancreatic carcinoma
Pancreatic Neoplasms,pancreatic_cancer,CHEMBL4298024,1.0,pancreatic neoplasm
Pancreatic Neoplasms,pancreatic_cancer,CHEMBL4298025,4.0,pancreatic neoplasm
Pancreatic Neoplasms,pancreatic_cancer,CHEMBL4298056,1.0,pancreatic neoplasm
Pancreatic Neoplasms,pancreatic_cancer,CHEMBL3392776,1.0,pancreatic carcinoma
Pancreatic Neoplasms,pancreatic_cancer,CHEMBL4594485,2.0,Malignant Pancreatic Neoplasm
Pancreatic Neoplasms,pancreatic_cancer,CHEMBL4594550,2.0,Malignant Pancreatic Neoplasm
Pancreatic Neoplasms,pancreatic_cancer,CHEMBL4594350,1.0,Malignant Pancreatic Neoplasm
Pancreatic Neoplasms,pancreatic_cancer,CHEMBL4650392,1.0,pancreatic carcinoma
Pancreatic Neoplasms,pancreatic_cancer,CHEMBL5095036,0.5,pancreatic carcinoma
Pancreatic Neoplasms,pancreatic_cancer,CHEMBL5095273,2.0,pancreatic carcinoma
Pancreatic Neoplasms,pancreatic_cancer,CHEMBL5314425,1.0,pancreatic neoplasm
Pancreatic Neoplasms,pancreatic_cancer,CHEMBL5095352,1.0,pancreatic carcinoma
Pancreatic Neoplasms,pancreatic_cancer,CHEMBL3689071,1.0,pancreatic carcinoma
Pancreatic Neoplasms,pancreatic_cancer,CHEMBL5314535,2.0,Malignant Pancreatic Neoplasm
Pancreatic Neoplasms,pancreatic_cancer,CHEMBL5314708,1.0,pancreatic neoplasm
Pancreatic Neoplasms,pancreatic_cancer,CHEMBL6068016,1.0,pancreatic carcinoma
Urinary Bladder Neoplasms,bladder_cancer,CHEMBL848,2.0,bladder tumor
Urinary Bladder Neoplasms,bladder_cancer,CHEMBL11359,3.0,bladder tumor
Urinary Bladder Neoplasms,bladder_cancer,CHEMBL105,3.0,bladder tumor
Urinary Bladder Neoplasms,bladder_cancer,CHEMBL535,2.0,bladder tumor
Urinary Bladder Neoplasms,bladder_cancer,CHEMBL888,3.0,bladder tumor
Urinary Bladder Neoplasms,bladder_cancer,CHEMBL428647,3.0,bladder tumor
Urinary Bladder Neoplasms,bladder_cancer,CHEMBL1743052,3.0,bladder tumor
Urinary Bladder Neoplasms,bladder_cancer,CHEMBL3301587,3.0,bladder tumor
Urinary Bladder Neoplasms,bladder_cancer,CHEMBL272980,2.0,urothelial carcinoma
Urinary Bladder Neoplasms,bladder_cancer,CHEMBL1743062,3.0,urothelial carcinoma
Urinary Bladder Neoplasms,bladder_cancer,CHEMBL1201748,2.0,urothelial carcinoma
Urinary Bladder Neoplasms,bladder_cancer,CHEMBL1289601,3.0,urothelial carcinoma
Urinary Bladder Neoplasms,bladder_cancer,CHEMBL2105717,2.0,urothelial carcinoma
Urinary Bladder Neoplasms,bladder_cancer,CHEMBL2108568,2.0,urothelial carcinoma
Urinary Bladder Neoplasms,bladder_cancer,CHEMBL1094636,2.0,urothelial carcinoma
Urinary Bladder Neoplasms,bladder_cancer,CHEMBL2108738,3.0,urothelial carcinoma
Urinary Bladder Neoplasms,bladder_cancer,CHEMBL1096885,3.0,urothelial carcinoma
Urinary Bladder Neoplasms,bladder_cancer,CHEMBL1200711,1.0,urothelial carcinoma
Urinary Bladder Neoplasms,bladder_cancer,CHEMBL2110725,3.0,urothelial carcinoma
Urinary Bladder Neoplasms,bladder_cancer,CHEMBL11359,3.0,urothelial carcinoma
Urinary Bladder Neoplasms,bladder_cancer,CHEMBL3545252,3.0,urothelial carcinoma
Urinary Bladder Neoplasms,bladder_cancer,CHEMBL1358,1.0,urothelial carcinoma
Urinary Bladder Neoplasms,bladder_cancer,CHEMBL428647,3.0,urothelial carcinoma
Urinary Bladder Neoplasms,bladder_cancer,CHEMBL384467,2.0,urothelial carcinoma
Urinary Bladder Neoplasms,bladder_cancer,CHEMBL1200932,0.5,urothelial carcinoma
Urinary Bladder Neoplasms,bladder_cancer,CHEMBL1201138,1.0,urothelial carcinoma
Urinary Bladder Neoplasms,bladder_cancer,CHEMBL185,3.0,urothelial carcinoma
Urinary Bladder Neoplasms,bladder_cancer,CHEMBL105,3.0,urothelial carcinoma
Urinary Bladder Neoplasms,bladder_cancer,CHEMBL414804,2.0,urothelial carcinoma
Urinary Bladder Neoplasms,bladder_cancer,CHEMBL289228,2.0,urothelial carcinoma
Urinary Bladder Neoplasms,bladder_cancer,CHEMBL1351,3.0,urothelial carcinoma
Urinary Bladder Neoplasms,bladder_cancer,CHEMBL2360464,3.0,urothelial carcinoma
Urinary Bladder Neoplasms,bladder_cancer,CHEMBL1200796,1.0,urothelial carcinoma
Urinary Bladder Neoplasms,bladder_cancer,CHEMBL1773,1.0,urothelial carcinoma
Urinary Bladder Neoplasms,bladder_cancer,CHEMBL888,3.0,urothelial carcinoma
Urinary Bladder Neoplasms,bladder_cancer,CHEMBL1200574,2.0,urothelial carcinoma
Urinary Bladder Neoplasms,bladder_cancer,CHEMBL2108658,3.0,urothelial carcinoma
Urinary Bladder Neoplasms,bladder_cancer,CHEMBL535,2.0,urothelial carcinoma
Urinary Bladder Neoplasms,bladder_cancer,CHEMBL1683544,1.0,urothelial carcinoma
Urinary Bladder Neoplasms,bladder_cancer,CHEMBL1201568,2.0,urothelial carcinoma
Urinary Bladder Neoplasms,bladder_cancer,CHEMBL1237022,1.0,urothelial carcinoma
Urinary Bladder Neoplasms,bladder_cancer,CHEMBL1789844,2.0,urothelial carcinoma
Urinary Bladder Neoplasms,bladder_cancer,CHEMBL1201583,2.0,urothelial carcinoma
Urinary Bladder Neoplasms,bladder_cancer,CHEMBL225072,2.0,urothelial carcinoma
Urinary Bladder Neoplasms,bladder_cancer,CHEMBL189963,2.0,urothelial carcinoma
Urinary Bladder Neoplasms,bladder_cancer,CHEMBL502835,2.0,urothelial carcinoma
Urinary Bladder Neoplasms,bladder_cancer,CHEMBL521686,2.0,bladder tumor
Urinary Bladder Neoplasms,bladder_cancer,CHEMBL3137343,3.0,urothelial carcinoma
Urinary Bladder Neoplasms,bladder_cancer,CHEMBL3301587,3.0,urothelial carcinoma
Urinary Bladder Neoplasms,bladder_cancer,CHEMBL3301589,3.0,urothelial carcinoma
Urinary Bladder Neoplasms,bladder_cancer,CHEMBL4297187,1.0,urothelial carcinoma
Urinary Bladder Neoplasms,bladder_cancer,CHEMBL3963485,2.0,urothelial carcinoma
Urinary Bladder Neoplasms,bladder_cancer,CHEMBL3545262,2.0,urothelial carcinoma
Urinary Bladder Neoplasms,bladder_cancer,CHEMBL3544916,2.0,urothelial carcinoma
Urinary Bladder Neoplasms,bladder_cancer,CHEMBL3544954,1.0,urothelial carcinoma
Urinary Bladder Neoplasms,bladder_cancer,CHEMBL3707227,3.0,urothelial carcinoma
Urinary Bladder Neoplasms,bladder_cancer,CHEMBL3707349,2.0,urothelial carcinoma
Urinary Bladder Neoplasms,bladder_cancer,CHEMBL3545376,4.0,urothelial carcinoma
Urinary Bladder Neoplasms,bladder_cancer,CHEMBL3833373,2.0,urothelial carcinoma
Urinary Bladder Neoplasms,bladder_cancer,CHEMBL3990022,2.0,urothelial carcinoma
Urinary Bladder Neoplasms,bladder_cancer,CHEMBL71263,2.0,urothelial carcinoma
Urinary Bladder Neoplasms,bladder_cancer,CHEMBL4297420,0.5,urothelial carcinoma
Urinary Bladder Neoplasms,bladder_cancer,CHEMBL4297522,2.0,urothelial carcinoma
Urinary Bladder Neoplasms,bladder_cancer,CHEMBL4297690,2.0,urothelial carcinoma
Urinary Bladder Neoplasms,bladder_cancer,CHEMBL4297985,1.0,urothelial carcinoma
Urinary Bladder Neoplasms,bladder_cancer,CHEMBL1336,2.0,urinary bladder cancer
Urinary Bladder Neoplasms,bladder_cancer,CHEMBL1200485,2.0,urinary bladder cancer
Urinary Bladder Neoplasms,bladder_cancer,CHEMBL27759,2.0,urinary bladder cancer
Urinary Bladder Neoplasms,bladder_cancer,CHEMBL2108705,1.0,urinary bladder cancer
Urinary Bladder Neoplasms,bladder_cancer,CHEMBL1614701,1.0,urinary bladder cancer
Urinary Bladder Neoplasms,bladder_cancer,CHEMBL2105717,2.0,urinary bladder cancer
Urinary Bladder Neoplasms,bladder_cancer,CHEMBL2108738,3.0,urinary bladder cancer
Urinary Bladder Neoplasms,bladder_cancer,CHEMBL2108627,1.0,urinary bladder cancer
Urinary Bladder Neoplasms,bladder_cancer,CHEMBL1908360,2.0,urinary bladder cancer
Urinary Bladder Neoplasms,bladder_cancer,CHEMBL77305,2.0,urinary bladder cancer
Urinary Bladder Neoplasms,bladder_cancer,CHEMBL378544,3.0,urinary bladder cancer
Urinary Bladder Neoplasms,bladder_cancer,CHEMBL1096885,3.0,urinary bladder cancer
Urinary Bladder Neoplasms,bladder_cancer,CHEMBL1200981,3.0,urinary bladder cancer
Urinary Bladder Neoplasms,bladder_cancer,CHEMBL1201179,2.0,urinary bladder cancer
Urinary Bladder Neoplasms,bladder_cancer,CHEMBL2110725,3.0,urinary bladder cancer
Urinary Bladder Neoplasms,bladder_cancer,CHEMBL11359,3.0,urinary bladder cancer
Urinary Bladder Neoplasms,bladder_cancer,CHEMBL1006,2.0,urinary bladder cancer
Urinary Bladder Neoplasms,bladder_cancer,CHEMBL3989514,2.0,urinary bladder cancer
Urinary Bladder Neoplasms,bladder_cancer,CHEMBL3545252,3.0,urinary bladder cancer
Urinary Bladder Neoplasms,bladder_cancer,CHEMBL413,3.0,urinary bladder cancer
Urinary Bladder Neoplasms,bladder_cancer,CHEMBL566,3.0,urinary bladder cancer
Urinary Bladder Neoplasms,bladder_cancer,CHEMBL538943,1.0,urinary bladder cancer
Urinary Bladder Neoplasms,bladder_cancer,CHEMBL1431,2.0,urinary bladder cancer
Urinary Bladder Neoplasms,bladder_cancer,CHEMBL413376,1.0,urinary bladder cancer
Urinary Bladder Neoplasms,bladder_cancer,CHEMBL428647,3.0,urinary bladder cancer
Urinary Bladder Neoplasms,bladder_cancer,CHEMBL118,2.0,urinary bladder cancer
Urinary Bladder Neoplasms,bladder_cancer,CHEMBL73822,3.0,urinary bladder cancer
Urinary Bladder Neoplasms,bladder_cancer,CHEMBL196,1.0,urinary bladder cancer
Urinary Bladder Neoplasms,bladder_cancer,CHEMBL1370561,0.5,urinary bladder cancer
Urinary Bladder Neoplasms,bladder_cancer,CHEMBL270190,3.0,urinary bladder cancer
Urinary Bladder Neoplasms,bladder_cancer,CHEMBL456,1.0,urinary bladder cancer
Urinary Bladder Neoplasms,bladder_cancer,CHEMBL384467,2.0,urinary bladder cancer
Urinary Bladder Neoplasms,bladder_cancer,CHEMBL1034,3.0,urinary bladder cancer
Urinary Bladder Neoplasms,bladder_cancer,CHEMBL53463,3.0,urinary bladder cancer
Urinary Bladder Neoplasms,bladder_cancer,CHEMBL2030434,2.0,urinary bladder cancer
Urinary Bladder Neoplasms,bladder_cancer,CHEMBL1024,2.0,urinary bladder cancer
Urinary Bladder Neoplasms,bladder_cancer,CHEMBL185,3.0,bladder tumor
Urinary Bladder Neoplasms,bladder_cancer,CHEMBL185,3.0,urinary bladder cancer
Urinary Bladder Neoplasms,bladder_cancer,CHEMBL1201785,3.0,urinary bladder cancer
Urinary Bladder Neoplasms,bladder_cancer,CHEMBL1637,3.0,urothelial carcinoma
Urinary Bladder Neoplasms,bladder_cancer,CHEMBL1637,3.0,urinary bladder cancer
Urinary Bladder Neoplasms,bladder_cancer,CHEMBL34259,3.0,urinary bladder cancer
Urinary Bladder Neoplasms,bladder_cancer,CHEMBL105,3.0,urinary bladder cancer
Urinary Bladder Neoplasms,bladder_cancer,CHEMBL20883,3.0,urinary bladder cancer
Urinary Bladder Neoplasms,bladder_cancer,CHEMBL414804,2.0,urinary bladder cancer
Urinary Bladder Neoplasms,bladder_cancer,CHEMBL877,2.0,urinary bladder cancer
Urinary Bladder Neoplasms,bladder_cancer,CHEMBL289228,2.0,urinary bladder cancer
Urinary Bladder Neoplasms,bladder_cancer,CHEMBL1351,3.0,urinary bladder cancer
Urinary Bladder Neoplasms,bladder_cancer,CHEMBL8,3.0,urinary bladder cancer
Urinary Bladder Neoplasms,bladder_cancer,CHEMBL2360464,3.0,urinary bladder cancer
Urinary Bladder Neoplasms,bladder_cancer,CHEMBL109,0.5,urinary bladder cancer
Urinary Bladder Neoplasms,bladder_cancer,CHEMBL1200544,3.0,urinary bladder cancer
Urinary Bladder Neoplasms,bladder_cancer,CHEMBL3989727,3.0,urinary bladder cancer
Urinary Bladder Neoplasms,bladder_cancer,CHEMBL1200796,1.0,urinary bladder cancer
Urinary Bladder Neoplasms,bladder_cancer,CHEMBL359744,3.0,urinary bladder cancer
Urinary Bladder Neoplasms,bladder_cancer,CHEMBL1079742,2.0,urinary bladder cancer
Urinary Bladder Neoplasms,bladder_cancer,CHEMBL298734,2.0,urinary bladder cancer
Urinary Bladder Neoplasms,bladder_cancer,CHEMBL939,3.0,urinary bladder cancer
Urinary Bladder Neoplasms,bladder_cancer,CHEMBL888,3.0,urinary bladder cancer
Urinary Bladder Neoplasms,bladder_cancer,CHEMBL1140,3.0,urinary bladder cancer
Urinary Bladder Neoplasms,bladder_cancer,CHEMBL786,2.0,urinary bladder cancer
Urinary Bladder Neoplasms,bladder_cancer,CHEMBL7301,3.0,urinary bladder cancer
Urinary Bladder Neoplasms,bladder_cancer,CHEMBL1064,2.0,urinary bladder cancer
Urinary Bladder Neoplasms,bladder_cancer,CHEMBL1201438,2.0,urinary bladder cancer
Urinary Bladder Neoplasms,bladder_cancer,CHEMBL2108905,3.0,urinary bladder cancer
Urinary Bladder Neoplasms,bladder_cancer,CHEMBL2109059,1.0,urinary bladder cancer
Urinary Bladder Neoplasms,bladder_cancer,CHEMBL2108506,3.0,urinary bladder cancer
Urinary Bladder Neoplasms,bladder_cancer,CHEMBL2109229,1.0,urinary bladder cancer
Urinary Bladder Neoplasms,bladder_cancer,CHEMBL3544907,1.0,urinary bladder cancer
Urinary Bladder Neoplasms,bladder_cancer,CHEMBL1201718,1.0,urinary bladder cancer
Urinary Bladder Neoplasms,bladder_cancer,CHEMBL2108609,2.0,urinary bladder cancer
Urinary Bladder Neoplasms,bladder_cancer,CHEMBL2108615,2.0,urothelial carcinoma
Urinary Bladder Neoplasms,bladder_cancer,CHEMBL2108658,3.0,urinary bladder cancer
Urinary Bladder Neoplasms,bladder_cancer,CHEMBL535,2.0,urinary bladder cancer
Urinary Bladder Neoplasms,bladder_cancer,CHEMBL24828,2.0,urinary bladder cancer
Urinary Bladder Neoplasms,bladder_cancer,CHEMBL288441,1.0,urinary bladder cancer
Urinary Bladder Neoplasms,bladder_cancer,CHEMBL848,2.0,urinary bladder cancer
Urinary Bladder Neoplasms,bladder_cancer,CHEMBL109480,1.0,urinary bladder cancer
Urinary Bladder Neoplasms,bladder_cancer,CHEMBL1201182,2.0,urinary bladder cancer
Urinary Bladder Neoplasms,bladder_cancer,CHEMBL1201733,2.0,urinary bladder cancer
Urinary Bladder Neoplasms,bladder_cancer,CHEMBL343448,2.0,urinary bladder cancer
Urinary Bladder Neoplasms,bladder_cancer,CHEMBL1201568,2.0,urinary bladder cancer
Urinary Bladder Neoplasms,bladder_cancer,CHEMBL1201827,2.0,urinary bladder cancer
Urinary Bladder Neoplasms,bladder_cancer,CHEMBL1789844,2.0,urinary bladder cancer
Urinary Bladder Neoplasms,bladder_cancer,CHEMBL1201583,2.0,urinary bladder cancer
Urinary Bladder Neoplasms,bladder_cancer,CHEMBL1201577,2.0,urinary bladder cancer
Urinary Bladder Neoplasms,bladder_cancer,CHEMBL1201567,3.0,urinary bladder cancer
Urinary Bladder Neoplasms,bladder_cancer,CHEMBL1201481,1.0,urinary bladder cancer
Urinary Bladder Neoplasms,bladder_cancer,CHEMBL1201670,3.0,urinary bladder cancer
Urinary Bladder Neoplasms,bladder_cancer,CHEMBL1201585,2.0,urinary bladder cancer
Urinary Bladder Neoplasms,bladder_cancer,CHEMBL2109503,1.0,urinary bladder cancer
Urinary Bladder Neoplasms,bladder_cancer,CHEMBL1743052,3.0,urinary bladder cancer
Urinary Bladder Neoplasms,bladder_cancer,CHEMBL159,3.0,urinary bladder cancer
Urinary Bladder Neoplasms,bladder_cancer,CHEMBL522892,2.0,urinary bladder cancer
Urinary Bladder Neoplasms,bladder_cancer,CHEMBL225072,2.0,urinary bladder cancer
Urinary Bladder Neoplasms,bladder_cancer,CHEMBL830,3.0,urinary bladder cancer
Urinary Bladder Neoplasms,bladder_cancer,CHEMBL7492,2.0,urinary bladder cancer
Urinary Bladder Neoplasms,bladder_cancer,CHEMBL553,2.0,urinary bladder cancer
Urinary Bladder Neoplasms,bladder_cancer,CHEMBL1186894,2.0,urinary bladder cancer
Urinary Bladder Neoplasms,bladder_cancer,CHEMBL477772,2.0,urinary bladder cancer
Urinary Bladder Neoplasms,bladder_cancer,CHEMBL1082407,2.0,urinary bladder cancer
Urinary Bladder Neoplasms,bladder_cancer,CHEMBL1567,2.0,urinary bladder cancer
Urinary Bladder Neoplasms,bladder_cancer,CHEMBL2109500,1.0,urinary bladder cancer
Urinary Bladder Neoplasms,bladder_cancer,CHEMBL3039556,1.0,urinary bladder cancer
Urinary Bladder Neoplasms,bladder_cancer,CHEMBL521686,2.0,urinary bladder cancer
Urinary Bladder Neoplasms,bladder_cancer,CHEMBL3137343,3.0,bladder tumor
Urinary Bladder Neoplasms,bladder_cancer,CHEMBL3137343,3.0,urinary bladder cancer
Urinary Bladder Neoplasms,bladder_cancer,CHEMBL3301610,0.5,urinary bladder cancer
Urinary Bladder Neoplasms,bladder_cancer,CHEMBL3301571,1.0,urinary bladder cancer
Urinary Bladder Neoplasms,bladder_cancer,CHEMBL3301587,3.0,urinary bladder cancer
Urinary Bladder Neoplasms,bladder_cancer,CHEMBL3301589,3.0,urinary bladder cancer
Urinary Bladder Neoplasms,bladder_cancer,CHEMBL3963485,2.0,urinary bladder cancer
Urinary Bladder Neoplasms,bladder_cancer,CHEMBL3545369,2.0,urinary bladder cancer
Urinary Bladder Neoplasms,bladder_cancer,CHEMBL1976040,1.0,urinary bladder cancer
Urinary Bladder Neoplasms,bladder_cancer,CHEMBL1852688,3.0,urinary bladder cancer
Urinary Bladder Neoplasms,bladder_cancer,CHEMBL3707227,3.0,urinary bladder cancer
Urinary Bladder Neoplasms,bladder_cancer,CHEMBL3545376,4.0,bladder tumor
Urinary Bladder Neoplasms,bladder_cancer,CHEMBL3833373,2.0,urinary bladder cancer
Urinary Bladder Neoplasms,bladder_cancer,CHEMBL2336325,1.0,urinary bladder cancer
Urinary Bladder Neoplasms,bladder_cancer,CHEMBL3990016,1.0,urinary bladder cancer
Urinary Bladder Neoplasms,bladder_cancer,CHEMBL3990041,3.0,urinary bladder cancer
Urinary Bladder Neoplasms,bladder_cancer,CHEMBL297453,2.0,urinary bladder cancer
Urinary Bladder Neoplasms,bladder_cancer,CHEMBL44,2.0,urinary bladder cancer
Urinary Bladder Neoplasms,bladder_cancer,CHEMBL1980825,2.0,urinary bladder cancer
Urinary Bladder Neoplasms,bladder_cancer,CHEMBL2064455,1.0,urinary bladder cancer
Urinary Bladder Neoplasms,bladder_cancer,CHEMBL4279455,3.0,bladder tumor
Urinary Bladder Neoplasms,bladder_cancer,CHEMBL3414621,1.0,urothelial carcinoma
Urinary Bladder Neoplasms,bladder_cancer,CHEMBL3260567,2.0,urothelial carcinoma
Urinary Bladder Neoplasms,bladder_cancer,CHEMBL4297690,2.0,urinary bladder cancer
Urinary Bladder Neoplasms,bladder_cancer,CHEMBL4297716,3.0,urinary bladder cancer
Urinary Bladder Neoplasms,bladder_cancer,CHEMBL4297739,1.0,urinary bladder cancer
Urinary Bladder Neoplasms,bladder_cancer,CHEMBL4297840,3.0,urothelial carcinoma
Urinary Bladder Neoplasms,bladder_cancer,CHEMBL4297840,3.0,urinary bladder cancer
Urinary Bladder Neoplasms,bladder_cancer,CHEMBL4297843,3.0,urothelial carcinoma
Urinary Bladder Neoplasms,bladder_cancer,CHEMBL4297843,3.0,urinary bladder cancer
Urinary Bladder Neoplasms,bladder_cancer,CHEMBL4297848,1.0,urinary bladder cancer
Urinary Bladder Neoplasms,bladder_cancer,CHEMBL4298001,3.0,urothelial carcinoma
Urinary Bladder Neoplasms,bladder_cancer,CHEMBL4298050,1.0,urothelial carcinoma
Urinary Bladder Neoplasms,bladder_cancer,CHEMBL4298191,3.0,urinary bladder cancer
Urinary Bladder Neoplasms,bladder_cancer,CHEMBL4594462,1.0,urothelial carcinoma
Urinary Bladder Neoplasms,bladder_cancer,CHEMBL4594478,2.0,urinary bladder cancer
Urinary Bladder Neoplasms,bladder_cancer,CHEMBL4594560,1.0,urothelial carcinoma
Urinary Bladder Neoplasms,bladder_cancer,CHEMBL73822,3.0,bladder tumor
Urinary Bladder Neoplasms,bladder_cancer,CHEMBL53463,3.0,urothelial carcinoma
Urinary Bladder Neoplasms,bladder_cancer,CHEMBL34259,3.0,urothelial carcinoma
Urinary Bladder Neoplasms,bladder_cancer,CHEMBL1671,2.0,urinary bladder cancer
Urinary Bladder Neoplasms,bladder_cancer,CHEMBL1201438,2.0,urothelial carcinoma
Urinary Bladder Neoplasms,bladder_cancer,CHEMBL2108581,1.0,urinary bladder cancer
Urinary Bladder Neoplasms,bladder_cancer,CHEMBL159,3.0,urothelial carcinoma
Urinary Bladder Neoplasms,bladder_cancer,CHEMBL417,3.0,urinary bladder cancer
Urinary Bladder Neoplasms,bladder_cancer,CHEMBL3137320,2.0,urothelial carcinoma
Urinary Bladder Neoplasms,bladder_cancer,CHEMBL3545262,2.0,urinary bladder cancer
Urinary Bladder Neoplasms,bladder_cancer,CHEMBL3545369,2.0,urothelial carcinoma
Urinary Bladder Neoplasms,bladder_cancer,CHEMBL3621988,2.0,urinary bladder cancer
Urinary Bladder Neoplasms,bladder_cancer,CHEMBL4297715,2.0,bladder tumor
Urinary Bladder Neoplasms,bladder_cancer,CHEMBL4297876,2.0,bladder tumor
Urinary Bladder Neoplasms,bladder_cancer,CHEMBL4297877,2.0,bladder tumor
Urinary Bladder Neoplasms,bladder_cancer,CHEMBL4298001,3.0,bladder tumor
Urinary Bladder Neoplasms,bladder_cancer,CHEMBL4298037,2.0,urothelial carcinoma
Urinary Bladder Neoplasms,bladder_cancer,CHEMBL4298079,2.0,urothelial carcinoma
Urinary Bladder Neoplasms,bladder_cancer,CHEMBL4650472,2.0,urinary bladder cancer
Urinary Bladder Neoplasms,bladder_cancer,CHEMBL2108581,1.0,bladder tumor
Urinary Bladder Neoplasms,bladder_cancer,CHEMBL3545185,1.0,urothelial carcinoma
Urinary Bladder Neoplasms,bladder_cancer,CHEMBL3545376,4.0,urinary bladder cancer
Urinary Bladder Neoplasms,bladder_cancer,CHEMBL4594284,1.0,urothelial carcinoma
Urinary Bladder Neoplasms,bladder_cancer,CHEMBL4068509,1.0,urothelial carcinoma
Urinary Bladder Neoplasms,bladder_cancer,CHEMBL1200485,2.0,urinary bladder carcinoma
Urinary Bladder Neoplasms,bladder_cancer,CHEMBL1742982,2.0,urinary bladder carcinoma
Urinary Bladder Neoplasms,bladder_cancer,CHEMBL1201748,2.0,urinary bladder carcinoma
Urinary Bladder Neoplasms,bladder_cancer,CHEMBL2105717,2.0,urinary bladder carcinoma
Urinary Bladder Neoplasms,bladder_cancer,CHEMBL2108738,3.0,bladder tumor
Urinary Bladder Neoplasms,bladder_cancer,CHEMBL2108738,3.0,urinary bladder carcinoma
Urinary Bladder Neoplasms,bladder_cancer,CHEMBL378544,3.0,urinary bladder carcinoma
Urinary Bladder Neoplasms,bladder_cancer,CHEMBL1201179,2.0,urinary bladder carcinoma
Urinary Bladder Neoplasms,bladder_cancer,CHEMBL2110725,3.0,urinary bladder carcinoma
Urinary Bladder Neoplasms,bladder_cancer,CHEMBL11359,3.0,urinary bladder carcinoma
Urinary Bladder Neoplasms,bladder_cancer,CHEMBL3545252,3.0,urinary bladder carcinoma
Urinary Bladder Neoplasms,bladder_cancer,CHEMBL413,3.0,urinary bladder carcinoma
Urinary Bladder Neoplasms,bladder_cancer,CHEMBL777,3.0,urinary bladder cancer
Urinary Bladder Neoplasms,bladder_cancer,CHEMBL428647,3.0,urinary bladder carcinoma
Urinary Bladder Neoplasms,bladder_cancer,CHEMBL1082,3.0,urinary bladder cancer
Urinary Bladder Neoplasms,bladder_cancer,CHEMBL5483015,2.0,urinary bladder carcinoma
Urinary Bladder Neoplasms,bladder_cancer,CHEMBL409,2.0,urinary bladder cancer
Urinary Bladder Neoplasms,bladder_cancer,CHEMBL53463,3.0,urinary bladder carcinoma
Urinary Bladder Neoplasms,bladder_cancer,CHEMBL1201752,2.0,urinary bladder carcinoma
Urinary Bladder Neoplasms,bladder_cancer,CHEMBL185,3.0,urinary bladder carcinoma
Urinary Bladder Neoplasms,bladder_cancer,CHEMBL127,3.0,urinary bladder cancer
Urinary Bladder Neoplasms,bladder_cancer,CHEMBL1637,3.0,urinary bladder carcinoma
Urinary Bladder Neoplasms,bladder_cancer,CHEMBL34259,3.0,urinary bladder carcinoma
Urinary Bladder Neoplasms,bladder_cancer,CHEMBL105,3.0,urinary bladder carcinoma
Urinary Bladder Neoplasms,bladder_cancer,CHEMBL940,2.0,urinary bladder carcinoma
Urinary Bladder Neoplasms,bladder_cancer,CHEMBL1351,3.0,urinary bladder carcinoma
Urinary Bladder Neoplasms,bladder_cancer,CHEMBL359744,3.0,urinary bladder carcinoma
Urinary Bladder Neoplasms,bladder_cancer,CHEMBL1079742,2.0,urinary bladder carcinoma
Urinary Bladder Neoplasms,bladder_cancer,CHEMBL888,3.0,urinary bladder carcinoma
Urinary Bladder Neoplasms,bladder_cancer,CHEMBL2108905,3.0,urinary bladder carcinoma
Urinary Bladder Neoplasms,bladder_cancer,CHEMBL2108506,3.0,urinary bladder carcinoma
Urinary Bladder Neoplasms,bladder_cancer,CHEMBL2108585,1.0,urinary bladder carcinoma
Urinary Bladder Neoplasms,bladder_cancer,CHEMBL98,2.0,urinary bladder carcinoma
Urinary Bladder Neoplasms,bladder_cancer,CHEMBL408513,1.0,urothelial carcinoma
Urinary Bladder Neoplasms,bladder_cancer,CHEMBL1201733,2.0,urinary bladder carcinoma
Urinary Bladder Neoplasms,bladder_cancer,CHEMBL1683544,1.0,urinary bladder cancer
Urinary Bladder Neoplasms,bladder_cancer,CHEMBL1201568,2.0,urinary bladder carcinoma
Urinary Bladder Neoplasms,bladder_cancer,CHEMBL1201567,3.0,urinary bladder carcinoma
Urinary Bladder Neoplasms,bladder_cancer,CHEMBL1201585,2.0,urinary bladder carcinoma
Urinary Bladder Neoplasms,bladder_cancer,CHEMBL159,3.0,urinary bladder carcinoma
Urinary Bladder Neoplasms,bladder_cancer,CHEMBL5314376,3.0,urinary bladder carcinoma
Urinary Bladder Neoplasms,bladder_cancer,CHEMBL554,0.5,urinary bladder carcinoma
Urinary Bladder Neoplasms,bladder_cancer,CHEMBL477772,2.0,urinary bladder carcinoma
Urinary Bladder Neoplasms,bladder_cancer,CHEMBL1567,2.0,urinary bladder carcinoma
Urinary Bladder Neoplasms,bladder_cancer,CHEMBL521686,2.0,urinary bladder carcinoma
Urinary Bladder Neoplasms,bladder_cancer,CHEMBL235668,2.0,urinary bladder cancer
Urinary Bladder Neoplasms,bladder_cancer,CHEMBL3137343,3.0,urinary bladder carcinoma
Urinary Bladder Neoplasms,bladder_cancer,CHEMBL3301587,3.0,urinary bladder carcinoma
Urinary Bladder Neoplasms,bladder_cancer,CHEMBL3833373,2.0,urinary bladder carcinoma
Urinary Bladder Neoplasms,bladder_cancer,CHEMBL48802,2.0,urothelial carcinoma
Urinary Bladder Neoplasms,bladder_cancer,CHEMBL48802,2.0,urinary bladder cancer
Urinary Bladder Neoplasms,bladder_cancer,CHEMBL44,2.0,urinary bladder carcinoma
Urinary Bladder Neoplasms,bladder_cancer,CHEMBL4297598,2.0,bladder tumor
Urinary Bladder Neoplasms,bladder_cancer,CHEMBL4297559,1.0,urinary bladder cancer
Urinary Bladder Neoplasms,bladder_cancer,CHEMBL4297840,3.0,bladder tumor
Urinary Bladder Neoplasms,bladder_cancer,CHEMBL4297840,3.0,urinary bladder carcinoma
Urinary Bladder Neoplasms,bladder_cancer,CHEMBL4297843,3.0,urinary bladder carcinoma
Urinary Bladder Neoplasms,bladder_cancer,CHEMBL4298058,3.0,urinary bladder cancer
Urinary Bladder Neoplasms,bladder_cancer,CHEMBL4298079,2.0,urinary bladder carcinoma
Urinary Bladder Neoplasms,bladder_cancer,CHEMBL4298178,1.0,urinary bladder cancer
Urinary Bladder Neoplasms,bladder_cancer,CHEMBL4298191,3.0,urothelial carcinoma
Urinary Bladder Neoplasms,bladder_cancer,CHEMBL4594559,2.0,urothelial carcinoma
Urinary Bladder Neoplasms,bladder_cancer,CHEMBL4802221,1.0,urothelial carcinoma
Urinary Bladder Neoplasms,bladder_cancer,CHEMBL5095233,1.0,bladder tumor
Urinary Bladder Neoplasms,bladder_cancer,CHEMBL5095273,3.0,urothelial carcinoma
Urinary Bladder Neoplasms,bladder_cancer,CHEMBL1743048,1.0,urothelial carcinoma
Urinary Bladder Neoplasms,bladder_cancer,CHEMBL1743045,1.0,urothelial carcinoma
Urinary Bladder Neoplasms,bladder_cancer,CHEMBL3545262,2.0,urinary bladder carcinoma
Urinary Bladder Neoplasms,bladder_cancer,CHEMBL3218576,1.0,urothelial carcinoma
Urinary Bladder Neoplasms,bladder_cancer,CHEMBL4297715,2.0,urinary bladder cancer
Urinary Bladder Neoplasms,bladder_cancer,CHEMBL4297723,1.0,urinary bladder cancer
Urinary Bladder Neoplasms,bladder_cancer,CHEMBL4297728,1.0,urothelial carcinoma
Urinary Bladder Neoplasms,bladder_cancer,CHEMBL4297784,2.0,urothelial carcinoma
Urinary Bladder Neoplasms,bladder_cancer,CHEMBL4297784,2.0,urinary bladder cancer
Urinary Bladder Neoplasms,bladder_cancer,CHEMBL4297785,2.0,urothelial carcinoma
Urinary Bladder Neoplasms,bladder_cancer,CHEMBL4297785,2.0,urinary bladder cancer
Urinary Bladder Neoplasms,bladder_cancer,CHEMBL4298001,3.0,urinary bladder cancer
Urinary Bladder Neoplasms,bladder_cancer,CHEMBL5095439,1.0,urinary bladder cancer
Urinary Bladder Neoplasms,bladder_cancer,CHEMBL5095454,2.0,urinary bladder cancer
Urinary Bladder Neoplasms,bladder_cancer,CHEMBL5095454,2.0,urinary bladder carcinoma
Urinary Bladder Neoplasms,bladder_cancer,CHEMBL5095481,1.0,bladder tumor
Urinary Bladder Neoplasms,bladder_cancer,CHEMBL5314988,3.0,urinary bladder cancer
Urinary Bladder Neoplasms,bladder_cancer,CHEMBL5315030,3.0,urothelial carcinoma
Urinary Bladder Neoplasms,bladder_cancer,CHEMBL1743027,1.0,urothelial carcinoma
Urinary Bladder Neoplasms,bladder_cancer,CHEMBL2103868,1.0,urothelial carcinoma
Urinary Bladder Neoplasms,bladder_cancer,CHEMBL483158,2.0,urinary bladder cancer
Urinary Bladder Neoplasms,bladder_cancer,CHEMBL1908360,2.0,urinary bladder carcinoma
Urinary Bladder Neoplasms,bladder_cancer,CHEMBL2218860,0.5,bladder tumor
Urinary Bladder Neoplasms,bladder_cancer,CHEMBL2110725,3.0,bladder tumor
Urinary Bladder Neoplasms,bladder_cancer,CHEMBL112,1.0,bladder tumor
Urinary Bladder Neoplasms,bladder_cancer,CHEMBL409,2.0,urothelial carcinoma
Urinary Bladder Neoplasms,bladder_cancer,CHEMBL17157,1.0,bladder tumor
Urinary Bladder Neoplasms,bladder_cancer,CHEMBL79,3.0,urinary bladder cancer
Urinary Bladder Neoplasms,bladder_cancer,CHEMBL1200574,2.0,urinary bladder cancer
Urinary Bladder Neoplasms,bladder_cancer,CHEMBL1201867,0.5,bladder tumor
Urinary Bladder Neoplasms,bladder_cancer,CHEMBL2107832,1.0,urinary bladder cancer
Urinary Bladder Neoplasms,bladder_cancer,CHEMBL83,2.0,bladder tumor
Urinary Bladder Neoplasms,bladder_cancer,CHEMBL189963,2.0,urinary bladder cancer
Urinary Bladder Neoplasms,bladder_cancer,CHEMBL3301589,3.0,urinary bladder carcinoma
Urinary Bladder Neoplasms,bladder_cancer,CHEMBL2109295,2.0,urinary bladder carcinoma
Urinary Bladder Neoplasms,bladder_cancer,CHEMBL3348923,1.0,urinary bladder cancer
Urinary Bladder Neoplasms,bladder_cancer,CHEMBL3545097,2.0,urothelial carcinoma
Urinary Bladder Neoplasms,bladder_cancer,CHEMBL3545097,2.0,urinary bladder carcinoma
Urinary Bladder Neoplasms,bladder_cancer,CHEMBL3894860,3.0,urinary bladder cancer
Urinary Bladder Neoplasms,bladder_cancer,CHEMBL48802,2.0,bladder tumor
Urinary Bladder Neoplasms,bladder_cancer,CHEMBL4297856,2.0,urinary bladder carcinoma
Urinary Bladder Neoplasms,bladder_cancer,CHEMBL4298070,1.0,urinary bladder cancer
Urinary Bladder Neoplasms,bladder_cancer,CHEMBL3701238,2.0,urinary bladder carcinoma
Urinary Bladder Neoplasms,bladder_cancer,CHEMBL4594456,2.0,urothelial carcinoma
Urinary Bladder Neoplasms,bladder_cancer,CHEMBL4594456,2.0,urinary bladder cancer
Urinary Bladder Neoplasms,bladder_cancer,CHEMBL4594456,2.0,urinary bladder carcinoma
Urinary Bladder Neoplasms,bladder_cancer,CHEMBL4650392,2.0,urinary bladder carcinoma
Urinary Bladder Neoplasms,bladder_cancer,CHEMBL4802193,1.0,urinary bladder carcinoma
Urinary Bladder Neoplasms,bladder_cancer,CHEMBL4783351,1.0,urothelial carcinoma
Urinary Bladder Neoplasms,bladder_cancer,CHEMBL5095273,3.0,urinary bladder cancer
Urinary Bladder Neoplasms,bladder_cancer,CHEMBL5095326,2.0,urinary bladder cancer
Urinary Bladder Neoplasms,bladder_cancer,CHEMBL5095142,1.0,urinary bladder cancer
Urinary Bladder Neoplasms,bladder_cancer,CHEMBL5314933,2.0,urothelial carcinoma
Urinary Bladder Neoplasms,bladder_cancer,CHEMBL3348846,2.0,urothelial carcinoma
Urinary Bladder Neoplasms,bladder_cancer,CHEMBL3348846,2.0,urinary bladder cancer
Urinary Bladder Neoplasms,bladder_cancer,CHEMBL5314786,2.0,urothelial carcinoma
Urinary Bladder Neoplasms,bladder_cancer,CHEMBL5314875,1.0,urothelial carcinoma
Urinary Bladder Neoplasms,bladder_cancer,CHEMBL6068503,3.0,urinary bladder cancer
Urinary Bladder Neoplasms,bladder_cancer,CHEMBL6068512,1.0,urothelial carcinoma
Prostatic Neoplasms,prostate_cancer,CHEMBL271227,4.0,prostate carcinoma
Prostatic Neoplasms,prostate_cancer,CHEMBL409,3.0,prostate adenocarcinoma
Prostatic Neoplasms,prostate_cancer,CHEMBL1201748,4.0,prostate carcinoma
Prostatic Neoplasms,prostate_cancer,CHEMBL384467,3.0,prostate carcinoma
Prostatic Neoplasms,prostate_cancer,CHEMBL3545252,4.0,prostate adenocarcinoma
Prostatic Neoplasms,prostate_cancer,CHEMBL3545252,4.0,prostate carcinoma
Prostatic Neoplasms,prostate_cancer,CHEMBL1200969,4.0,prostate carcinoma
Prostatic Neoplasms,prostate_cancer,CHEMBL1082407,4.0,prostate adenocarcinoma
Prostatic Neoplasms,prostate_cancer,CHEMBL1201649,2.0,prostate carcinoma
Prostatic Neoplasms,prostate_cancer,CHEMBL710,4.0,prostate carcinoma
Prostatic Neoplasms,prostate_cancer,CHEMBL1200501,3.0,prostate carcinoma
Prostatic Neoplasms,prostate_cancer,CHEMBL1789844,2.0,prostate carcinoma
Prostatic Neoplasms,prostate_cancer,CHEMBL1200775,4.0,prostate carcinoma
Prostatic Neoplasms,prostate_cancer,CHEMBL386630,2.0,prostate carcinoma
Prostatic Neoplasms,prostate_cancer,CHEMBL1200554,4.0,prostate carcinoma
Prostatic Neoplasms,prostate_cancer,CHEMBL4303669,4.0,prostate carcinoma
Prostatic Neoplasms,prostate_cancer,CHEMBL1201748,4.0,prostate adenocarcinoma
Prostatic Neoplasms,prostate_cancer,CHEMBL1082407,4.0,prostate carcinoma
Prostatic Neoplasms,prostate_cancer,CHEMBL521686,3.0,prostate adenocarcinoma
Prostatic Neoplasms,prostate_cancer,CHEMBL635,3.0,prostate carcinoma
Prostatic Neoplasms,prostate_cancer,CHEMBL1201670,2.0,prostate carcinoma
Prostatic Neoplasms,prostate_cancer,CHEMBL409,3.0,metastatic prostate cancer
Prostatic Neoplasms,prostate_cancer,CHEMBL409,3.0,prostate carcinoma
Prostatic Neoplasms,prostate_cancer,CHEMBL1200775,4.0,prostate adenocarcinoma
Prostatic Neoplasms,prostate_cancer,CHEMBL24828,2.0,prostate carcinoma
Prostatic Neoplasms,prostate_cancer,CHEMBL806,4.0,prostate carcinoma
Prostatic Neoplasms,prostate_cancer,CHEMBL796,2.0,prostate carcinoma
Prostatic Neoplasms,prostate_cancer,CHEMBL2028987,4.0,prostate adenocarcinoma
Prostatic Neoplasms,prostate_cancer,CHEMBL1200969,4.0,prostate adenocarcinoma
Prostatic Neoplasms,prostate_cancer,CHEMBL1082407,4.0,metastatic prostate cancer
Prostatic Neoplasms,prostate_cancer,CHEMBL1703,2.0,prostate adenocarcinoma
Prostatic Neoplasms,prostate_cancer,CHEMBL1703,2.0,prostate carcinoma
Prostatic Neoplasms,prostate_cancer,CHEMBL1201733,2.0,prostate carcinoma
Prostatic Neoplasms,prostate_cancer,CHEMBL271227,4.0,prostate adenocarcinoma
Prostatic Neoplasms,prostate_cancer,CHEMBL135,2.0,prostate carcinoma
Prostatic Neoplasms,prostate_cancer,CHEMBL710,4.0,prostate adenocarcinoma
Prostatic Neoplasms,prostate_cancer,CHEMBL112302,1.0,prostate adenocarcinoma
Prostatic Neoplasms,prostate_cancer,CHEMBL483158,2.0,prostate adenocarcinoma
Prostatic Neoplasms,prostate_cancer,CHEMBL1200485,2.0,prostate adenocarcinoma
Prostatic Neoplasms,prostate_cancer,CHEMBL1743001,2.0,prostate adenocarcinoma
Prostatic Neoplasms,prostate_cancer,CHEMBL460026,2.0,prostate adenocarcinoma
Prostatic Neoplasms,prostate_cancer,CHEMBL1201247,3.0,prostate carcinoma
Prostatic Neoplasms,prostate_cancer,CHEMBL25,2.0,prostate carcinoma
Prostatic Neoplasms,prostate_cancer,CHEMBL1431,2.0,metastatic prostate cancer
Prostatic Neoplasms,prostate_cancer,CHEMBL1431,2.0,prostate adenocarcinoma
Prostatic Neoplasms,prostate_cancer,CHEMBL1200776,2.0,prostate adenocarcinoma
Prostatic Neoplasms,prostate_cancer,CHEMBL64391,2.0,prostate adenocarcinoma
Prostatic Neoplasms,prostate_cancer,CHEMBL1201752,2.0,prostate adenocarcinoma
Prostatic Neoplasms,prostate_cancer,CHEMBL1431,2.0,prostate carcinoma
Prostatic Neoplasms,prostate_cancer,CHEMBL635,3.0,prostate adenocarcinoma
Prostatic Neoplasms,prostate_cancer,CHEMBL1683544,2.0,prostate adenocarcinoma
Prostatic Neoplasms,prostate_cancer,CHEMBL4303669,4.0,prostate adenocarcinoma
Prostatic Neoplasms,prostate_cancer,CHEMBL1201583,3.0,prostate adenocarcinoma
Prostatic Neoplasms,prostate_cancer,CHEMBL2107816,4.0,prostate adenocarcinoma
Prostatic Neoplasms,prostate_cancer,CHEMBL1200509,4.0,prostate adenocarcinoma
Prostatic Neoplasms,prostate_cancer,CHEMBL1421,3.0,prostate adenocarcinoma
Prostatic Neoplasms,prostate_cancer,CHEMBL7301,2.0,prostate adenocarcinoma
Prostatic Neoplasms,prostate_cancer,CHEMBL1200895,2.0,prostate adenocarcinoma
Prostatic Neoplasms,prostate_cancer,CHEMBL1042,3.0,prostate adenocarcinoma
Prostatic Neoplasms,prostate_cancer,CHEMBL1789844,2.0,prostate adenocarcinoma
Prostatic Neoplasms,prostate_cancer,CHEMBL3989865,2.0,prostate adenocarcinoma
Prostatic Neoplasms,prostate_cancer,CHEMBL521686,3.0,prostate carcinoma
Prostatic Neoplasms,prostate_cancer,CHEMBL816,2.0,metastatic prostate cancer
Prostatic Neoplasms,prostate_cancer,CHEMBL1823872,1.0,prostate adenocarcinoma
Prostatic Neoplasms,prostate_cancer,CHEMBL196,2.0,prostate adenocarcinoma
Prostatic Neoplasms,prostate_cancer,CHEMBL372764,2.0,prostate adenocarcinoma
Prostatic Neoplasms,prostate_cancer,CHEMBL2107816,4.0,prostate carcinoma
Prostatic Neoplasms,prostate_cancer,CHEMBL1237024,3.0,metastatic prostate cancer
Prostatic Neoplasms,prostate_cancer,CHEMBL923,3.0,metastatic prostate cancer
Prostatic Neoplasms,prostate_cancer,CHEMBL1091644,2.0,prostate adenocarcinoma
Prostatic Neoplasms,prostate_cancer,CHEMBL1351,2.0,prostate adenocarcinoma
Prostatic Neoplasms,prostate_cancer,CHEMBL1006,2.0,prostate adenocarcinoma
Prostatic Neoplasms,prostate_cancer,CHEMBL1237024,3.0,prostate adenocarcinoma
Prostatic Neoplasms,prostate_cancer,CHEMBL2103882,2.0,prostate adenocarcinoma
Prostatic Neoplasms,prostate_cancer,CHEMBL1358,2.0,prostate adenocarcinoma
Prostatic Neoplasms,prostate_cancer,CHEMBL1201255,3.0,prostate adenocarcinoma
Prostatic Neoplasms,prostate_cancer,CHEMBL2104414,1.0,prostate adenocarcinoma
Prostatic Neoplasms,prostate_cancer,CHEMBL2109574,1.0,prostate carcinoma
Prostatic Neoplasms,prostate_cancer,CHEMBL535,3.0,metastatic prostate cancer
Prostatic Neoplasms,prostate_cancer,CHEMBL1921976,2.0,prostate adenocarcinoma
Prostatic Neoplasms,prostate_cancer,CHEMBL415606,3.0,prostate adenocarcinoma
Prostatic Neoplasms,prostate_cancer,CHEMBL2105717,2.0,prostate adenocarcinoma
Prostatic Neoplasms,prostate_cancer,CHEMBL254328,3.0,prostate carcinoma
Prostatic Neoplasms,prostate_cancer,CHEMBL2028987,4.0,prostate carcinoma
Prostatic Neoplasms,prostate_cancer,CHEMBL521686,3.0,metastatic prostate cancer
Prostatic Neoplasms,prostate_cancer,CHEMBL1351,2.0,prostate carcinoma
Prostatic Neoplasms,prostate_cancer,CHEMBL1536,2.0,prostate adenocarcinoma
Prostatic Neoplasms,prostate_cancer,CHEMBL3545252,4.0,metastatic prostate cancer
Prostatic Neoplasms,prostate_cancer,CHEMBL1200796,2.0,metastatic prostate cancer
Prostatic Neoplasms,prostate_cancer,CHEMBL118,2.0,prostate adenocarcinoma
Prostatic Neoplasms,prostate_cancer,CHEMBL1743070,2.0,prostate carcinoma
Prostatic Neoplasms,prostate_cancer,CHEMBL3183409,4.0,prostate adenocarcinoma
Prostatic Neoplasms,prostate_cancer,CHEMBL3183409,4.0,prostate carcinoma
Prostatic Neoplasms,prostate_cancer,CHEMBL477772,2.0,prostate adenocarcinoma
Prostatic Neoplasms,prostate_cancer,CHEMBL2103875,2.0,metastatic prostate cancer
Prostatic Neoplasms,prostate_cancer,CHEMBL1094636,2.0,prostate adenocarcinoma
Prostatic Neoplasms,prostate_cancer,CHEMBL121,3.0,prostate adenocarcinoma
Prostatic Neoplasms,prostate_cancer,CHEMBL4297185,4.0,prostate carcinoma
Prostatic Neoplasms,prostate_cancer,CHEMBL1908373,1.0,metastatic prostate cancer
Prostatic Neoplasms,prostate_cancer,CHEMBL502835,2.0,prostate adenocarcinoma
Prostatic Neoplasms,prostate_cancer,CHEMBL109480,2.0,prostate adenocarcinoma
Prostatic Neoplasms,prostate_cancer,CHEMBL1173655,2.0,prostate adenocarcinoma
Prostatic Neoplasms,prostate_cancer,CHEMBL535,3.0,prostate adenocarcinoma
Prostatic Neoplasms,prostate_cancer,CHEMBL1201334,3.0,prostate adenocarcinoma
Prostatic Neoplasms,prostate_cancer,CHEMBL254328,3.0,prostate adenocarcinoma
Prostatic Neoplasms,prostate_cancer,CHEMBL377559,2.0,prostate adenocarcinoma
Prostatic Neoplasms,prostate_cancer,CHEMBL491473,2.0,prostate adenocarcinoma
Prostatic Neoplasms,prostate_cancer,CHEMBL2103798,2.0,prostate adenocarcinoma
Prostatic Neoplasms,prostate_cancer,CHEMBL1336,2.0,metastatic prostate cancer
Prostatic Neoplasms,prostate_cancer,CHEMBL1336,2.0,prostate adenocarcinoma
Prostatic Neoplasms,prostate_cancer,CHEMBL539697,1.0,prostate adenocarcinoma
Prostatic Neoplasms,prostate_cancer,CHEMBL1743019,2.0,prostate adenocarcinoma
Prostatic Neoplasms,prostate_cancer,CHEMBL1743032,2.0,prostate adenocarcinoma
Prostatic Neoplasms,prostate_cancer,CHEMBL1628688,2.0,prostate adenocarcinoma
Prostatic Neoplasms,prostate_cancer,CHEMBL271227,4.0,metastatic prostate cancer
Prostatic Neoplasms,prostate_cancer,CHEMBL506871,2.0,prostate carcinoma
Prostatic Neoplasms,prostate_cancer,CHEMBL1743070,2.0,prostate adenocarcinoma
Prostatic Neoplasms,prostate_cancer,CHEMBL1201748,4.0,metastatic prostate cancer
Prostatic Neoplasms,prostate_cancer,CHEMBL2108568,2.0,prostate adenocarcinoma
Prostatic Neoplasms,prostate_cancer,CHEMBL2103879,2.0,prostate adenocarcinoma
Prostatic Neoplasms,prostate_cancer,CHEMBL1094636,2.0,metastatic prostate cancer
Prostatic Neoplasms,prostate_cancer,CHEMBL3349607,1.0,prostate adenocarcinoma
Prostatic Neoplasms,prostate_cancer,CHEMBL483254,1.0,prostate adenocarcinoma
Prostatic Neoplasms,prostate_cancer,CHEMBL2108738,2.0,prostate adenocarcinoma
Prostatic Neoplasms,prostate_cancer,CHEMBL254328,3.0,metastatic prostate cancer
Prostatic Neoplasms,prostate_cancer,CHEMBL1642,1.0,prostate adenocarcinoma
Prostatic Neoplasms,prostate_cancer,CHEMBL1352,2.0,prostate adenocarcinoma
Prostatic Neoplasms,prostate_cancer,CHEMBL1200554,4.0,prostate adenocarcinoma
Prostatic Neoplasms,prostate_cancer,CHEMBL413376,2.0,prostate adenocarcinoma
Prostatic Neoplasms,prostate_cancer,CHEMBL428647,2.0,prostate adenocarcinoma
Prostatic Neoplasms,prostate_cancer,CHEMBL196,2.0,metastatic prostate cancer
Prostatic Neoplasms,prostate_cancer,CHEMBL139835,3.0,prostate adenocarcinoma
Prostatic Neoplasms,prostate_cancer,CHEMBL1575,3.0,metastatic prostate cancer
Prostatic Neoplasms,prostate_cancer,CHEMBL1575,3.0,prostate adenocarcinoma
Prostatic Neoplasms,prostate_cancer,CHEMBL384467,3.0,prostate adenocarcinoma
Prostatic Neoplasms,prostate_cancer,CHEMBL389621,3.0,prostate adenocarcinoma
Prostatic Neoplasms,prostate_cancer,CHEMBL53463,2.0,prostate adenocarcinoma
Prostatic Neoplasms,prostate_cancer,CHEMBL1200660,2.0,prostate adenocarcinoma
Prostatic Neoplasms,prostate_cancer,CHEMBL1282,1.0,prostate adenocarcinoma
Prostatic Neoplasms,prostate_cancer,CHEMBL806,4.0,prostate adenocarcinoma
Prostatic Neoplasms,prostate_cancer,CHEMBL1200511,3.0,prostate adenocarcinoma
Prostatic Neoplasms,prostate_cancer,CHEMBL1200511,3.0,prostate carcinoma
Prostatic Neoplasms,prostate_cancer,CHEMBL1201247,3.0,prostate adenocarcinoma
Prostatic Neoplasms,prostate_cancer,CHEMBL1448,2.0,metastatic prostate cancer
Prostatic Neoplasms,prostate_cancer,CHEMBL650,2.0,metastatic prostate cancer
Prostatic Neoplasms,prostate_cancer,CHEMBL1417019,4.0,prostate adenocarcinoma
Prostatic Neoplasms,prostate_cancer,CHEMBL1276308,2.0,prostate adenocarcinoma
Prostatic Neoplasms,prostate_cancer,CHEMBL717,3.0,prostate adenocarcinoma
Prostatic Neoplasms,prostate_cancer,CHEMBL76222,2.0,prostate adenocarcinoma
Prostatic Neoplasms,prostate_cancer,CHEMBL635,3.0,metastatic prostate cancer
Prostatic Neoplasms,prostate_cancer,CHEMBL468,2.0,prostate adenocarcinoma
Prostatic Neoplasms,prostate_cancer,CHEMBL1201101,2.0,metastatic prostate cancer
Prostatic Neoplasms,prostate_cancer,CHEMBL1200335,2.0,metastatic prostate cancer
Prostatic Neoplasms,prostate_cancer,CHEMBL4303669,4.0,metastatic prostate cancer
Prostatic Neoplasms,prostate_cancer,CHEMBL1201066,3.0,prostate adenocarcinoma
Prostatic Neoplasms,prostate_cancer,CHEMBL6,2.0,metastatic prostate cancer
Prostatic Neoplasms,prostate_cancer,CHEMBL1200907,2.0,prostate adenocarcinoma
Prostatic Neoplasms,prostate_cancer,CHEMBL1351,2.0,metastatic prostate cancer
Prostatic Neoplasms,prostate_cancer,CHEMBL599,3.0,prostate adenocarcinoma
Prostatic Neoplasms,prostate_cancer,CHEMBL846,2.0,prostate adenocarcinoma
Prostatic Neoplasms,prostate_cancer,CHEMBL1200796,2.0,prostate adenocarcinoma
Prostatic Neoplasms,prostate_cancer,CHEMBL870,3.0,prostate adenocarcinoma
Prostatic Neoplasms,prostate_cancer,CHEMBL1256818,1.0,prostate carcinoma
Prostatic Neoplasms,prostate_cancer,CHEMBL154,2.0,prostate adenocarcinoma
Prostatic Neoplasms,prostate_cancer,CHEMBL488025,2.0,prostate adenocarcinoma
Prostatic Neoplasms,prostate_cancer,CHEMBL1200721,2.0,prostate adenocarcinoma
Prostatic Neoplasms,prostate_cancer,CHEMBL1355736,1.0,prostate carcinoma
Prostatic Neoplasms,prostate_cancer,CHEMBL939,1.0,metastatic prostate cancer
Prostatic Neoplasms,prostate_cancer,CHEMBL1274,4.0,prostate adenocarcinoma
Prostatic Neoplasms,prostate_cancer,CHEMBL1671,2.0,prostate carcinoma
Prostatic Neoplasms,prostate_cancer,CHEMBL131,3.0,prostate adenocarcinoma
Prostatic Neoplasms,prostate_cancer,CHEMBL131,3.0,prostate carcinoma
Prostatic Neoplasms,prostate_cancer,CHEMBL1116,2.0,prostate adenocarcinoma
Prostatic Neoplasms,prostate_cancer,CHEMBL1064,2.0,prostate carcinoma
Prostatic Neoplasms,prostate_cancer,CHEMBL2106198,1.0,metastatic prostate cancer
Prostatic Neoplasms,prostate_cancer,CHEMBL2107760,2.0,prostate adenocarcinoma
Prostatic Neoplasms,prostate_cancer,CHEMBL94657,2.0,prostate adenocarcinoma
Prostatic Neoplasms,prostate_cancer,CHEMBL2107784,3.0,metastatic prostate cancer
Prostatic Neoplasms,prostate_cancer,CHEMBL2108628,2.0,prostate adenocarcinoma
Prostatic Neoplasms,prostate_cancer,CHEMBL2108658,2.0,prostate adenocarcinoma
Prostatic Neoplasms,prostate_cancer,CHEMBL98,2.0,prostate adenocarcinoma
Prostatic Neoplasms,prostate_cancer,CHEMBL848,2.0,metastatic prostate cancer
Prostatic Neoplasms,prostate_cancer,CHEMBL848,2.0,prostate adenocarcinoma
Prostatic Neoplasms,prostate_cancer,CHEMBL1421,3.0,metastatic prostate cancer
Prostatic Neoplasms,prostate_cancer,CHEMBL473417,1.0,prostate adenocarcinoma
Prostatic Neoplasms,prostate_cancer,CHEMBL1201182,1.0,prostate adenocarcinoma
Prostatic Neoplasms,prostate_cancer,CHEMBL1742989,1.0,prostate adenocarcinoma
Prostatic Neoplasms,prostate_cancer,CHEMBL1201583,3.0,metastatic prostate cancer
Prostatic Neoplasms,prostate_cancer,CHEMBL1201577,2.0,prostate adenocarcinoma
Prostatic Neoplasms,prostate_cancer,CHEMBL1201565,3.0,prostate carcinoma
Prostatic Neoplasms,prostate_cancer,CHEMBL1201567,2.0,metastatic prostate cancer
Prostatic Neoplasms,prostate_cancer,CHEMBL1201515,1.0,prostate adenocarcinoma
Prostatic Neoplasms,prostate_cancer,CHEMBL1201670,2.0,prostate adenocarcinoma
Prostatic Neoplasms,prostate_cancer,CHEMBL2109549,2.0,prostate adenocarcinoma
Prostatic Neoplasms,prostate_cancer,CHEMBL2107816,4.0,metastatic prostate cancer
Prostatic Neoplasms,prostate_cancer,CHEMBL2108680,2.0,prostate adenocarcinoma
Prostatic Neoplasms,prostate_cancer,CHEMBL1349,1.0,prostate adenocarcinoma
Prostatic Neoplasms,prostate_cancer,CHEMBL911,1.0,prostate adenocarcinoma
Prostatic Neoplasms,prostate_cancer,CHEMBL1535,0.5,prostate carcinoma
Prostatic Neoplasms,prostate_cancer,CHEMBL1496,1.0,prostate adenocarcinoma
Prostatic Neoplasms,prostate_cancer,CHEMBL1201199,3.0,metastatic prostate cancer
Prostatic Neoplasms,prostate_cancer,CHEMBL1201199,3.0,prostate adenocarcinoma
Prostatic Neoplasms,prostate_cancer,CHEMBL1201199,3.0,prostate carcinoma
Prostatic Neoplasms,prostate_cancer,CHEMBL595,1.0,prostate adenocarcinoma
Prostatic Neoplasms,prostate_cancer,CHEMBL655,1.0,prostate adenocarcinoma
Prostatic Neoplasms,prostate_cancer,CHEMBL81,0.5,prostate adenocarcinoma
Prostatic Neoplasms,prostate_cancer,CHEMBL9194,3.0,prostate adenocarcinoma
Prostatic Neoplasms,prostate_cancer,CHEMBL1200501,3.0,prostate adenocarcinoma
Prostatic Neoplasms,prostate_cancer,CHEMBL1567,1.0,prostate adenocarcinoma
Prostatic Neoplasms,prostate_cancer,CHEMBL3039550,2.0,prostate adenocarcinoma
Prostatic Neoplasms,prostate_cancer,CHEMBL2177390,3.0,metastatic prostate cancer
Prostatic Neoplasms,prostate_cancer,CHEMBL571209,2.0,metastatic prostate cancer
Prostatic Neoplasms,prostate_cancer,CHEMBL3137343,3.0,metastatic prostate cancer
Prostatic Neoplasms,prostate_cancer,CHEMBL3137343,3.0,prostate adenocarcinoma
Prostatic Neoplasms,prostate_cancer,CHEMBL513909,2.0,prostate adenocarcinoma
Prostatic Neoplasms,prostate_cancer,CHEMBL1079175,2.0,prostate carcinoma
Prostatic Neoplasms,prostate_cancer,CHEMBL3813873,1.0,prostate adenocarcinoma
Prostatic Neoplasms,prostate_cancer,CHEMBL574737,1.0,prostate adenocarcinoma
Prostatic Neoplasms,prostate_cancer,CHEMBL4297185,4.0,prostate adenocarcinoma
Prostatic Neoplasms,prostate_cancer,CHEMBL3183409,4.0,metastatic prostate cancer
Prostatic Neoplasms,prostate_cancer,CHEMBL3545110,1.0,metastatic prostate cancer
Prostatic Neoplasms,prostate_cancer,CHEMBL3707227,3.0,prostate adenocarcinoma
Prostatic Neoplasms,prostate_cancer,CHEMBL228814,2.0,prostate adenocarcinoma
Prostatic Neoplasms,prostate_cancer,CHEMBL582,4.0,prostate carcinoma
Prostatic Neoplasms,prostate_cancer,CHEMBL1200409,4.0,prostate carcinoma
Prostatic Neoplasms,prostate_cancer,CHEMBL1200914,4.0,prostate carcinoma
Prostatic Neoplasms,prostate_cancer,CHEMBL27759,1.0,prostate adenocarcinoma
Prostatic Neoplasms,prostate_cancer,CHEMBL2107862,2.0,prostate adenocarcinoma
Prostatic Neoplasms,prostate_cancer,CHEMBL2105734,2.0,prostate carcinoma
Prostatic Neoplasms,prostate_cancer,CHEMBL2108738,2.0,metastatic prostate cancer
Prostatic Neoplasms,prostate_cancer,CHEMBL413,1.0,metastatic prostate cancer
Prostatic Neoplasms,prostate_cancer,CHEMBL25,2.0,prostate adenocarcinoma
Prostatic Neoplasms,prostate_cancer,CHEMBL1096882,1.0,metastatic prostate cancer
Prostatic Neoplasms,prostate_cancer,CHEMBL810,1.0,prostate adenocarcinoma
Prostatic Neoplasms,prostate_cancer,CHEMBL1528,2.0,prostate adenocarcinoma
Prostatic Neoplasms,prostate_cancer,CHEMBL1201101,2.0,prostate adenocarcinoma
Prostatic Neoplasms,prostate_cancer,CHEMBL1200335,2.0,prostate adenocarcinoma
Prostatic Neoplasms,prostate_cancer,CHEMBL38,2.0,prostate adenocarcinoma
Prostatic Neoplasms,prostate_cancer,CHEMBL6,2.0,prostate adenocarcinoma
Prostatic Neoplasms,prostate_cancer,CHEMBL1489,2.0,prostate adenocarcinoma
Prostatic Neoplasms,prostate_cancer,CHEMBL1201129,1.0,metastatic prostate cancer
Prostatic Neoplasms,prostate_cancer,CHEMBL157101,2.0,prostate adenocarcinoma
Prostatic Neoplasms,prostate_cancer,CHEMBL157101,2.0,prostate carcinoma
Prostatic Neoplasms,prostate_cancer,CHEMBL4297205,2.0,prostate carcinoma
Prostatic Neoplasms,prostate_cancer,CHEMBL1289926,2.0,prostate adenocarcinoma
Prostatic Neoplasms,prostate_cancer,CHEMBL1789844,2.0,metastatic prostate cancer
Prostatic Neoplasms,prostate_cancer,CHEMBL1201558,2.0,prostate adenocarcinoma
Prostatic Neoplasms,prostate_cancer,CHEMBL2109502,2.0,prostate adenocarcinoma
Prostatic Neoplasms,prostate_cancer,CHEMBL1743007,1.0,prostate adenocarcinoma
Prostatic Neoplasms,prostate_cancer,CHEMBL2109556,1.0,prostate adenocarcinoma
Prostatic Neoplasms,prostate_cancer,CHEMBL2109553,1.0,metastatic prostate cancer
Prostatic Neoplasms,prostate_cancer,CHEMBL2095207,4.0,prostate adenocarcinoma
Prostatic Neoplasms,prostate_cancer,CHEMBL3137320,2.0,prostate adenocarcinoma
Prostatic Neoplasms,prostate_cancer,CHEMBL3137309,1.0,metastatic prostate cancer
Prostatic Neoplasms,prostate_cancer,CHEMBL3301587,2.0,prostate adenocarcinoma
Prostatic Neoplasms,prostate_cancer,CHEMBL3408248,1.0,metastatic prostate cancer
Prostatic Neoplasms,prostate_cancer,CHEMBL3545369,1.0,metastatic prostate cancer
Prostatic Neoplasms,prostate_cancer,CHEMBL3674570,1.0,prostate adenocarcinoma
Prostatic Neoplasms,prostate_cancer,CHEMBL3989870,2.0,metastatic prostate cancer
Prostatic Neoplasms,prostate_cancer,CHEMBL4297185,4.0,metastatic prostate cancer
Prostatic Neoplasms,prostate_cancer,CHEMBL254468,4.0,prostate adenocarcinoma
Prostatic Neoplasms,prostate_cancer,CHEMBL3707324,1.0,metastatic prostate cancer
Prostatic Neoplasms,prostate_cancer,CHEMBL3833373,1.0,metastatic prostate cancer
Prostatic Neoplasms,prostate_cancer,CHEMBL2109531,1.0,metastatic prostate cancer
Prostatic Neoplasms,prostate_cancer,CHEMBL297453,1.0,prostate adenocarcinoma
Prostatic Neoplasms,prostate_cancer,CHEMBL501174,2.0,prostate adenocarcinoma
Prostatic Neoplasms,prostate_cancer,CHEMBL1162144,1.0,prostate adenocarcinoma
Prostatic Neoplasms,prostate_cancer,CHEMBL48802,2.0,prostate adenocarcinoma
Prostatic Neoplasms,prostate_cancer,CHEMBL44,2.0,prostate adenocarcinoma
Prostatic Neoplasms,prostate_cancer,CHEMBL446452,1.0,prostate adenocarcinoma
Prostatic Neoplasms,prostate_cancer,CHEMBL50,1.0,prostate adenocarcinoma
Prostatic Neoplasms,prostate_cancer,CHEMBL270271,1.0,prostate adenocarcinoma
Prostatic Neoplasms,prostate_cancer,CHEMBL62382,1.0,prostate carcinoma
Prostatic Neoplasms,prostate_cancer,CHEMBL1980825,2.0,prostate adenocarcinoma
Prostatic Neoplasms,prostate_cancer,CHEMBL3924151,1.0,prostate adenocarcinoma
Prostatic Neoplasms,prostate_cancer,CHEMBL4297485,1.0,prostate adenocarcinoma
Prostatic Neoplasms,prostate_cancer,CHEMBL2325741,2.0,prostate adenocarcinoma
Prostatic Neoplasms,prostate_cancer,CHEMBL4297690,1.0,metastatic prostate cancer
Prostatic Neoplasms,prostate_cancer,CHEMBL4297883,1.0,metastatic prostate cancer
Prostatic Neoplasms,prostate_cancer,CHEMBL4298024,1.0,metastatic prostate cancer
Prostatic Neoplasms,prostate_cancer,CHEMBL415606,3.0,prostate neoplasm
Prostatic Neoplasms,prostate_cancer,CHEMBL1200775,4.0,metastatic prostate cancer
Prostatic Neoplasms,prostate_cancer,CHEMBL1237022,2.0,prostate adenocarcinoma
Prostatic Neoplasms,prostate_cancer,CHEMBL5314551,1.0,prostate adenocarcinoma
Prostatic Neoplasms,prostate_cancer,CHEMBL3137320,2.0,metastatic prostate cancer
Prostatic Neoplasms,prostate_cancer,CHEMBL2010872,2.0,metastatic prostate cancer
Prostatic Neoplasms,prostate_cancer,CHEMBL3707227,3.0,metastatic prostate cancer
Prostatic Neoplasms,prostate_cancer,CHEMBL3545376,2.0,metastatic prostate cancer
Prostatic Neoplasms,prostate_cancer,CHEMBL3545376,2.0,prostate adenocarcinoma
Prostatic Neoplasms,prostate_cancer,CHEMBL1980825,2.0,metastatic prostate cancer
Prostatic Neoplasms,prostate_cancer,CHEMBL4297334,4.0,metastatic prostate cancer
Prostatic Neoplasms,prostate_cancer,CHEMBL4297334,4.0,prostate adenocarcinoma
Prostatic Neoplasms,prostate_cancer,CHEMBL4297422,2.0,prostate adenocarcinoma
Prostatic Neoplasms,prostate_cancer,CHEMBL3414621,1.0,metastatic prostate cancer
Prostatic Neoplasms,prostate_cancer,CHEMBL4297629,1.0,metastatic prostate cancer
Prostatic Neoplasms,prostate_cancer,CHEMBL4297772,2.0,metastatic prostate cancer
Prostatic Neoplasms,prostate_cancer,CHEMBL4297817,2.0,prostate carcinoma
Prostatic Neoplasms,prostate_cancer,CHEMBL4297850,1.0,prostate adenocarcinoma
Prostatic Neoplasms,prostate_cancer,CHEMBL4298001,1.0,prostate adenocarcinoma
Prostatic Neoplasms,prostate_cancer,CHEMBL4300244,2.0,metastatic prostate cancer
Prostatic Neoplasms,prostate_cancer,CHEMBL4298191,1.0,prostate adenocarcinoma
Prostatic Neoplasms,prostate_cancer,CHEMBL415606,3.0,metastatic prostate cancer
Prostatic Neoplasms,prostate_cancer,CHEMBL1201334,3.0,metastatic prostate cancer
Prostatic Neoplasms,prostate_cancer,CHEMBL1201334,3.0,prostate carcinoma
Prostatic Neoplasms,prostate_cancer,CHEMBL1201255,3.0,metastatic prostate cancer
Prostatic Neoplasms,prostate_cancer,CHEMBL231068,2.0,prostate adenocarcinoma
Prostatic Neoplasms,prostate_cancer,CHEMBL806,4.0,metastatic prostate cancer
Prostatic Neoplasms,prostate_cancer,CHEMBL1201247,3.0,metastatic prostate cancer
Prostatic Neoplasms,prostate_cancer,CHEMBL1133,2.0,prostate carcinoma
Prostatic Neoplasms,prostate_cancer,CHEMBL1274,4.0,metastatic prostate cancer
Prostatic Neoplasms,prostate_cancer,CHEMBL972,2.0,prostate adenocarcinoma
Prostatic Neoplasms,prostate_cancer,CHEMBL180022,2.0,prostate adenocarcinoma
Prostatic Neoplasms,prostate_cancer,CHEMBL1201723,2.0,prostate carcinoma
Prostatic Neoplasms,prostate_cancer,CHEMBL1800159,4.0,prostate cancer
Prostatic Neoplasms,prostate_cancer,CHEMBL190461,1.0,prostate adenocarcinoma
Prostatic Neoplasms,prostate_cancer,CHEMBL3833368,3.0,prostate adenocarcinoma
Prostatic Neoplasms,prostate_cancer,CHEMBL398891,2.0,prostate adenocarcinoma
Prostatic Neoplasms,prostate_cancer,CHEMBL4297420,3.0,prostate adenocarcinoma
Prostatic Neoplasms,prostate_cancer,CHEMBL4298024,1.0,prostate carcinoma
Prostatic Neoplasms,prostate_cancer,CHEMBL4298056,2.0,prostate carcinoma
Prostatic Neoplasms,prostate_cancer,CHEMBL4594406,3.0,prostate adenocarcinoma
Prostatic Neoplasms,prostate_cancer,CHEMBL4471306,2.0,prostate adenocarcinoma
Prostatic Neoplasms,prostate_cancer,CHEMBL4650360,1.0,prostate adenocarcinoma
Prostatic Neoplasms,prostate_cancer,CHEMBL4650400,2.0,prostate adenocarcinoma
Prostatic Neoplasms,prostate_cancer,CHEMBL4650276,2.0,metastatic prostate cancer
Prostatic Neoplasms,prostate_cancer,CHEMBL271227,4.0,prostate cancer
Prostatic Neoplasms,prostate_cancer,CHEMBL1201748,4.0,prostate cancer
Prostatic Neoplasms,prostate_cancer,CHEMBL1094636,2.0,prostate carcinoma
Prostatic Neoplasms,prostate_cancer,CHEMBL1200775,4.0,prostate cancer
Prostatic Neoplasms,prostate_cancer,CHEMBL1417019,4.0,prostate cancer
Prostatic Neoplasms,prostate_cancer,CHEMBL4303669,4.0,prostate cancer
Prostatic Neoplasms,prostate_cancer,CHEMBL1274,4.0,prostate cancer
Prostatic Neoplasms,prostate_cancer,CHEMBL131,3.0,metastatic prostate cancer
Prostatic Neoplasms,prostate_cancer,CHEMBL2107784,3.0,prostate adenocarcinoma
Prostatic Neoplasms,prostate_cancer,CHEMBL429910,1.0,prostate carcinoma
Prostatic Neoplasms,prostate_cancer,CHEMBL2028987,4.0,prostate cancer
Prostatic Neoplasms,prostate_cancer,CHEMBL2107816,4.0,prostate cancer
Prostatic Neoplasms,prostate_cancer,CHEMBL2095207,4.0,prostate cancer
Prostatic Neoplasms,prostate_cancer,CHEMBL1082407,4.0,prostate cancer
Prostatic Neoplasms,prostate_cancer,CHEMBL1200509,4.0,prostate cancer
Prostatic Neoplasms,prostate_cancer,CHEMBL1800159,4.0,prostate adenocarcinoma
Prostatic Neoplasms,prostate_cancer,CHEMBL4297185,4.0,prostate cancer
Prostatic Neoplasms,prostate_cancer,CHEMBL3183409,4.0,prostate cancer
Prostatic Neoplasms,prostate_cancer,CHEMBL4297856,2.0,prostate adenocarcinoma
Prostatic Neoplasms,prostate_cancer,CHEMBL4740383,2.0,prostate adenocarcinoma
Prostatic Neoplasms,prostate_cancer,CHEMBL4594280,1.0,prostate neoplasm
Prostatic Neoplasms,prostate_cancer,CHEMBL4802177,1.0,prostate adenocarcinoma
Prostatic Neoplasms,prostate_cancer,CHEMBL4802201,2.0,prostate carcinoma
Prostatic Neoplasms,prostate_cancer,CHEMBL4802223,4.0,prostate cancer
Prostatic Neoplasms,prostate_cancer,CHEMBL491473,2.0,metastatic prostate cancer
Prostatic Neoplasms,prostate_cancer,CHEMBL2103868,2.0,prostate adenocarcinoma
Prostatic Neoplasms,prostate_cancer,CHEMBL1200511,3.0,metastatic prostate cancer
Prostatic Neoplasms,prostate_cancer,CHEMBL1201129,1.0,prostate carcinoma
Prostatic Neoplasms,prostate_cancer,CHEMBL386630,2.0,metastatic prostate cancer
Prostatic Neoplasms,prostate_cancer,CHEMBL2110824,3.0,prostate adenocarcinoma
Prostatic Neoplasms,prostate_cancer,CHEMBL3301610,1.0,prostate adenocarcinoma
Prostatic Neoplasms,prostate_cancer,CHEMBL1800159,4.0,metastatic prostate cancer
Prostatic Neoplasms,prostate_cancer,CHEMBL269259,1.0,metastatic prostate cancer
Prostatic Neoplasms,prostate_cancer,CHEMBL4297437,1.0,metastatic prostate cancer
Prostatic Neoplasms,prostate_cancer,CHEMBL4297242,1.0,prostate adenocarcinoma
Prostatic Neoplasms,prostate_cancer,CHEMBL3237547,1.0,prostate carcinoma
Prostatic Neoplasms,prostate_cancer,CHEMBL4594280,1.0,prostate adenocarcinoma
Prostatic Neoplasms,prostate_cancer,CHEMBL5095220,1.0,metastatic prostate cancer
Prostatic Neoplasms,prostate_cancer,CHEMBL5095231,1.0,prostate adenocarcinoma
Prostatic Neoplasms,prostate_cancer,CHEMBL4858811,1.0,prostate adenocarcinoma
Prostatic Neoplasms,prostate_cancer,CHEMBL5095270,1.0,prostate adenocarcinoma
Prostatic Neoplasms,prostate_cancer,CHEMBL5095334,1.0,prostate carcinoma
Prostatic Neoplasms,prostate_cancer,CHEMBL415606,3.0,prostate carcinoma
Prostatic Neoplasms,prostate_cancer,CHEMBL3545252,4.0,prostate cancer
Prostatic Neoplasms,prostate_cancer,CHEMBL163,1.0,prostate adenocarcinoma
Prostatic Neoplasms,prostate_cancer,CHEMBL1200554,4.0,metastatic prostate cancer
Prostatic Neoplasms,prostate_cancer,CHEMBL346178,0.5,prostate adenocarcinoma
Prostatic Neoplasms,prostate_cancer,CHEMBL810,1.0,metastatic prostate cancer
Prostatic Neoplasms,prostate_cancer,CHEMBL1503,1.0,prostate adenocarcinoma
Prostatic Neoplasms,prostate_cancer,CHEMBL2007641,2.0,prostate carcinoma
Prostatic Neoplasms,prostate_cancer,CHEMBL1201568,2.0,metastatic prostate cancer
Prostatic Neoplasms,prostate_cancer,CHEMBL1201636,2.0,prostate carcinoma
Prostatic Neoplasms,prostate_cancer,CHEMBL1201585,2.0,prostate carcinoma
Prostatic Neoplasms,prostate_cancer,CHEMBL1464,1.0,prostate adenocarcinoma
Prostatic Neoplasms,prostate_cancer,CHEMBL914,1.0,prostate adenocarcinoma
Prostatic Neoplasms,prostate_cancer,CHEMBL1201519,1.0,prostate adenocarcinoma
Prostatic Neoplasms,prostate_cancer,CHEMBL3137343,3.0,prostate carcinoma
Prostatic Neoplasms,prostate_cancer,CHEMBL3301610,1.0,metastatic prostate cancer
Prostatic Neoplasms,prostate_cancer,CHEMBL4068611,2.0,prostate adenocarcinoma
Prostatic Neoplasms,prostate_cancer,CHEMBL254468,4.0,prostate cancer
Prostatic Neoplasms,prostate_cancer,CHEMBL4297334,4.0,prostate cancer
Prostatic Neoplasms,prostate_cancer,CHEMBL5095039,3.0,prostate adenocarcinoma
Prostatic Neoplasms,prostate_cancer,CHEMBL4297420,3.0,metastatic prostate cancer
Prostatic Neoplasms,prostate_cancer,CHEMBL4297856,2.0,metastatic prostate cancer
Prostatic Neoplasms,prostate_cancer,CHEMBL4740383,2.0,metastatic prostate cancer
Prostatic Neoplasms,prostate_cancer,CHEMBL4298001,1.0,prostate carcinoma
Prostatic Neoplasms,prostate_cancer,CHEMBL4299851,2.0,prostate adenocarcinoma
Prostatic Neoplasms,prostate_cancer,CHEMBL4089731,1.0,prostate cancer
Prostatic Neoplasms,prostate_cancer,CHEMBL4594280,1.0,prostate cancer
Prostatic Neoplasms,prostate_cancer,CHEMBL4594284,1.0,prostate cancer
Prostatic Neoplasms,prostate_cancer,CHEMBL4594285,4.0,prostate cancer
Prostatic Neoplasms,prostate_cancer,CHEMBL4594406,3.0,prostate carcinoma
Prostatic Neoplasms,prostate_cancer,CHEMBL4594406,3.0,prostate cancer
Prostatic Neoplasms,prostate_cancer,CHEMBL4594421,3.0,prostate cancer
Prostatic Neoplasms,prostate_cancer,CHEMBL4594597,1.0,prostate cancer
Prostatic Neoplasms,prostate_cancer,CHEMBL4594617,1.0,prostate adenocarcinoma
Prostatic Neoplasms,prostate_cancer,CHEMBL4471306,2.0,metastatic prostate cancer
Prostatic Neoplasms,prostate_cancer,CHEMBL4862963,1.0,prostate cancer
Prostatic Neoplasms,prostate_cancer,CHEMBL4802258,1.0,prostate cancer
Prostatic Neoplasms,prostate_cancer,CHEMBL3661754,1.0,prostate adenocarcinoma
Prostatic Neoplasms,prostate_cancer,CHEMBL5095106,2.0,prostate adenocarcinoma
Prostatic Neoplasms,prostate_cancer,CHEMBL5095106,2.0,prostate cancer
Prostatic Neoplasms,prostate_cancer,CHEMBL5315067,4.0,prostate cancer
Prostatic Neoplasms,prostate_cancer,CHEMBL5314558,1.0,prostate cancer
Prostatic Neoplasms,prostate_cancer,CHEMBL5314559,1.0,prostate cancer
Prostatic Neoplasms,prostate_cancer,CHEMBL5314933,2.0,prostate carcinoma
Prostatic Neoplasms,prostate_cancer,CHEMBL5314943,1.0,prostate adenocarcinoma
Prostatic Neoplasms,prostate_cancer,CHEMBL1743001,2.0,prostate carcinoma
Prostatic Neoplasms,prostate_cancer,CHEMBL377559,2.0,prostate carcinoma
Prostatic Neoplasms,prostate_cancer,CHEMBL2103875,2.0,prostate carcinoma
Prostatic Neoplasms,prostate_cancer,CHEMBL2103882,2.0,prostate carcinoma
Prostatic Neoplasms,prostate_cancer,CHEMBL254328,3.0,prostate neoplasm
Prostatic Neoplasms,prostate_cancer,CHEMBL1201010,3.0,metastatic prostate cancer
Prostatic Neoplasms,prostate_cancer,CHEMBL1201010,3.0,prostate adenocarcinoma
Prostatic Neoplasms,prostate_cancer,CHEMBL11359,2.0,metastatic prostate cancer
Prostatic Neoplasms,prostate_cancer,CHEMBL413,1.0,prostate carcinoma
Prostatic Neoplasms,prostate_cancer,CHEMBL44657,2.0,prostate adenocarcinoma
Prostatic Neoplasms,prostate_cancer,CHEMBL487253,1.0,prostate carcinoma
Prostatic Neoplasms,prostate_cancer,CHEMBL1042,3.0,prostate carcinoma
Prostatic Neoplasms,prostate_cancer,CHEMBL384467,3.0,metastatic prostate cancer
Prostatic Neoplasms,prostate_cancer,CHEMBL389621,3.0,metastatic prostate cancer
Prostatic Neoplasms,prostate_cancer,CHEMBL389621,3.0,prostate carcinoma
Prostatic Neoplasms,prostate_cancer,CHEMBL2030434,2.0,metastatic prostate cancer
Prostatic Neoplasms,prostate_cancer,CHEMBL2030434,2.0,prostate adenocarcinoma
Prostatic Neoplasms,prostate_cancer,CHEMBL2030434,2.0,prostate carcinoma
Prostatic Neoplasms,prostate_cancer,CHEMBL1096882,1.0,prostate carcinoma
Prostatic Neoplasms,prostate_cancer,CHEMBL635,3.0,prostate neoplasm
Prostatic Neoplasms,prostate_cancer,CHEMBL1201101,2.0,prostate carcinoma
Prostatic Neoplasms,prostate_cancer,CHEMBL1200335,2.0,prostate carcinoma
Prostatic Neoplasms,prostate_cancer,CHEMBL1200744,2.0,metastatic prostate cancer
Prostatic Neoplasms,prostate_cancer,CHEMBL1200744,2.0,prostate adenocarcinoma
Prostatic Neoplasms,prostate_cancer,CHEMBL367149,2.0,prostate adenocarcinoma
Prostatic Neoplasms,prostate_cancer,CHEMBL35,2.0,prostate adenocarcinoma
Prostatic Neoplasms,prostate_cancer,CHEMBL846,2.0,prostate carcinoma
Prostatic Neoplasms,prostate_cancer,CHEMBL1200796,2.0,prostate carcinoma
Prostatic Neoplasms,prostate_cancer,CHEMBL1663,3.0,prostate adenocarcinoma
Prostatic Neoplasms,prostate_cancer,CHEMBL1663,3.0,prostate carcinoma
Prostatic Neoplasms,prostate_cancer,CHEMBL2107784,3.0,prostate carcinoma
Prostatic Neoplasms,prostate_cancer,CHEMBL2108658,2.0,prostate carcinoma
Prostatic Neoplasms,prostate_cancer,CHEMBL98,2.0,prostate carcinoma
Prostatic Neoplasms,prostate_cancer,CHEMBL1201182,1.0,prostate carcinoma
Prostatic Neoplasms,prostate_cancer,CHEMBL1201833,2.0,prostate adenocarcinoma
Prostatic Neoplasms,prostate_cancer,CHEMBL1201833,2.0,prostate carcinoma
Prostatic Neoplasms,prostate_cancer,CHEMBL1237024,3.0,prostate carcinoma
Prostatic Neoplasms,prostate_cancer,CHEMBL1487,3.0,metastatic prostate cancer
Prostatic Neoplasms,prostate_cancer,CHEMBL1487,3.0,prostate adenocarcinoma
Prostatic Neoplasms,prostate_cancer,CHEMBL58,3.0,metastatic prostate cancer
Prostatic Neoplasms,prostate_cancer,CHEMBL58,3.0,prostate adenocarcinoma
Prostatic Neoplasms,prostate_cancer,CHEMBL58,3.0,prostate carcinoma
Prostatic Neoplasms,prostate_cancer,CHEMBL1082407,4.0,prostate neoplasm
Prostatic Neoplasms,prostate_cancer,CHEMBL1200501,3.0,metastatic prostate cancer
Prostatic Neoplasms,prostate_cancer,CHEMBL3039550,2.0,prostate carcinoma
Prostatic Neoplasms,prostate_cancer,CHEMBL3301610,1.0,prostate carcinoma
Prostatic Neoplasms,prostate_cancer,CHEMBL3301587,2.0,prostate carcinoma
Prostatic Neoplasms,prostate_cancer,CHEMBL3408248,1.0,prostate carcinoma
Prostatic Neoplasms,prostate_cancer,CHEMBL3544995,1.0,prostate cancer
Prostatic Neoplasms,prostate_cancer,CHEMBL3989870,2.0,prostate carcinoma
Prostatic Neoplasms,prostate_cancer,CHEMBL92,4.0,prostate cancer
Prostatic Neoplasms,prostate_cancer,CHEMBL254468,4.0,metastatic prostate cancer
Prostatic Neoplasms,prostate_cancer,CHEMBL3545376,2.0,prostate carcinoma
Prostatic Neoplasms,prostate_cancer,CHEMBL3833368,3.0,prostate carcinoma
Prostatic Neoplasms,prostate_cancer,CHEMBL3833373,1.0,prostate carcinoma
Prostatic Neoplasms,prostate_cancer,CHEMBL283800,3.0,metastatic prostate cancer
Prostatic Neoplasms,prostate_cancer,CHEMBL1161632,0.5,prostate carcinoma
Prostatic Neoplasms,prostate_cancer,CHEMBL4297334,4.0,prostate neoplasm
Prostatic Neoplasms,prostate_cancer,CHEMBL5095039,3.0,metastatic prostate cancer
Prostatic Neoplasms,prostate_cancer,CHEMBL5095039,3.0,prostate carcinoma
Prostatic Neoplasms,prostate_cancer,CHEMBL4297338,1.0,prostate neoplasm
Prostatic Neoplasms,prostate_cancer,CHEMBL4297341,2.0,prostate adenocarcinoma
Prostatic Neoplasms,prostate_cancer,CHEMBL3427435,3.0,prostate adenocarcinoma
Prostatic Neoplasms,prostate_cancer,CHEMBL4112930,2.0,metastatic prostate cancer
Prostatic Neoplasms,prostate_cancer,CHEMBL4297629,1.0,prostate carcinoma
Prostatic Neoplasms,prostate_cancer,CHEMBL4297840,2.0,metastatic prostate cancer
Prostatic Neoplasms,prostate_cancer,CHEMBL4594280,1.0,prostate carcinoma
Prostatic Neoplasms,prostate_cancer,CHEMBL4594421,3.0,metastatic prostate cancer
Prostatic Neoplasms,prostate_cancer,CHEMBL4594617,1.0,prostate carcinoma
Prostatic Neoplasms,prostate_cancer,CHEMBL1568,1.0,metastatic prostate cancer
Prostatic Neoplasms,prostate_cancer,CHEMBL1568,1.0,prostate adenocarcinoma
Prostatic Neoplasms,prostate_cancer,CHEMBL1568,1.0,prostate carcinoma
Prostatic Neoplasms,prostate_cancer,CHEMBL3578202,2.0,metastatic prostate cancer
Prostatic Neoplasms,prostate_cancer,CHEMBL4862963,1.0,metastatic prostate cancer
Prostatic Neoplasms,prostate_cancer,CHEMBL5314559,1.0,prostate adenocarcinoma
Prostatic Neoplasms,prostate_cancer,CHEMBL5314936,1.0,prostate cancer
Prostatic Neoplasms,prostate_cancer,CHEMBL5314483,1.0,prostate adenocarcinoma
Prostatic Neoplasms,prostate_cancer,CHEMBL5314533,3.0,metastatic prostate cancer
Prostatic Neoplasms,prostate_cancer,CHEMBL5314533,3.0,prostate adenocarcinoma
Prostatic Neoplasms,prostate_cancer,CHEMBL5315122,1.0,prostate adenocarcinoma
Prostatic Neoplasms,prostate_cancer,CHEMBL6068413,1.0,prostate adenocarcinoma
Prostatic Neoplasms,prostate_cancer,CHEMBL6068413,1.0,prostate cancer
Prostatic Neoplasms,prostate_cancer,CHEMBL6068423,2.0,prostate adenocarcinoma
Prostatic Neoplasms,prostate_cancer,CHEMBL6068280,1.0,prostate adenocarcinoma
Prostatic Neoplasms,prostate_cancer,CHEMBL6068280,1.0,prostate carcinoma
Prostatic Neoplasms,prostate_cancer,CHEMBL6068503,1.0,prostate carcinoma
Prostatic Neoplasms,prostate_cancer,CHEMBL6068531,1.0,prostate adenocarcinoma
Prostatic Neoplasms,prostate_cancer,CHEMBL6068600,2.0,prostate adenocarcinoma
Prostatic Neoplasms,prostate_cancer,CHEMBL6068600,2.0,prostate carcinoma
